store_id,count(*)
1,2
2,2
3,2
4,4
5,3
6,4
7,2
8,1
9,4
10,1
11,4
12,4
13,4
14,4
15,1
16,4
17,4
18,4
19,4
20,4
21,1
22,4
23,1
24,1
25,2
26,2
27,4
28,4
29,4
30,4
31,4
32,4
33,1
34,1
35,2
36,2
37,4
38,4
39,4
40,4
41,1
42,2
43,4
44,1
45,4
46,3
47,4
48,3
49,3
50,1
51,1
52,4
53,1
54,4
55,4
56,2
57,4
58,1
59,2
60,4
61,4
62,4
63,4
64,2
65,4
66,4
67,4
68,1
69,4
70,1
71,2
72,4
73,1
74,4
75,1
76,1
77,1
78,1
79,4
80,1
81,4
82,1
83,2
84,1
85,4
86,4
87,2
88,4
89,4
90,3
91,4
92,4
93,2
94,4
95,4
96,1
97,4
98,2
99,2
100,2
101,2
102,2
103,1
104,4
105,4
106,2
107,3
108,4
109,1
110,1
111,4
112,2
113,2
114,3
115,4
116,4
117,3
118,4
119,2
120,1
121,2
122,4
123,4
124,4
125,3
126,4
127,4
128,4
129,4
130,4
131,4
132,4
133,2
134,4
135,1
136,3
137,2
138,4
139,1
140,3
141,4
142,4
143,1
144,1
145,1
146,4
147,1
148,1
149,2
150,4
151,4
152,4
153,2
154,4
155,2
156,4
157,4
158,1
159,4
160,4
161,2
162,4
163,4
164,4
165,1
166,4
167,4
168,1
169,2
170,2
171,2
172,2
173,2
174,2
175,4
176,1
177,4
178,4
179,1
180,2
181,2
182,2
183,2
184,1
185,4
186,4
187,2
188,1
189,4
190,4
191,4
192,4
193,4
194,2
195,4
196,4
197,4
198,3
199,4
200,4
201,2
202,4
203,4
204,4
205,1
206,4
207,2
208,4
209,4
210,4
211,4
212,4
213,4
214,4
215,4
216,4
217,4
218,4
219,2
220,2
221,3
222,4
223,3
224,4
225,4
226,4
227,4
228,4
229,4
230,4
231,3
232,2
233,4
234,4
235,1
236,2
237,2
238,4
239,2
240,4
241,4
242,2
243,3
244,3
245,4
246,4
247,4
248,1
249,2
250,2
251,2
252,2
253,4
254,2
255,1
256,1
257,4
258,4
259,4
260,4
261,3
262,1
263,4
264,4
265,4
266,4
267,4
268,1
269,2
270,1
271,4
272,3
273,1
274,4
275,2
276,2
277,4
278,4
279,4
280,4
281,4
282,2
283,4
284,4
285,4
286,4
287,4
288,3
289,4
290,4
291,4
292,4
293,4
294,4
295,1
296,1
297,2
298,3
299,4
300,4
301,1
302,2
303,4
304,4
305,4
306,4
307,2
308,4
309,4
310,4
311,4
312,4
313,4
314,4
315,4
316,2
317,3
318,4
319,4
320,4
321,2
322,4
323,4
324,2
325,4
326,3
327,3
328,4
329,2
330,4
331,4
332,4
333,1
334,4
335,3
336,4
337,4
338,4
339,4
340,1
341,1
342,4
343,4
344,2
345,4
346,4
347,4
348,4
349,4
350,4
351,4
352,2
353,4
354,4
355,2
356,2
357,2
358,1
359,1
360,1
361,1
362,1
363,2
364,1
365,1
366,2
367,1
368,1
369,1
370,1
371,1
372,1
373,1
374,2
375,2
376,2
377,2
378,1
379,1
380,1
381,1
382,1
383,1
384,1
385,1
386,1
387,1
388,1
389,4
390,3
391,3
392,4
393,4
394,4
395,4
396,4
397,4
398,4
399,4
400,4
401,4
402,1
403,2
404,1
405,1
406,4
407,1
408,1
409,1
410,1
411,1
412,1
413,4
414,4
415,4
416,4
417,2
418,2
419,4
420,1
421,4
422,1
423,2
424,1
425,4
426,1
427,1
428,1
429,1
430,1
431,1
432,1
433,1
434,4
435,4
436,4
437,2
438,3
439,3
440,4
441,4
442,4
443,4
444,4
445,3
446,4
447,4
448,4
449,2
450,4
451,4
452,3
453,4
454,4
455,4
456,4
457,4
458,3
459,1
460,4
461,2
462,3
463,3
464,4
465,4
466,4
467,4
468,2
469,1
470,4
471,2
472,3
473,4
474,2
475,2
476,4
477,4
478,2
479,3
480,4
481,4
482,4
483,4
484,4
485,2
486,4
487,4
488,4
489,4
490,4
491,4
492,2
493,2
494,4
495,4
496,3
497,2
498,2
499,4
500,4
501,4
502,4
503,2
504,4
505,2
506,2
507,3
508,2
509,4
510,4
511,3
512,4
513,4
514,4
515,4
516,4
517,4
518,3
519,4
520,4
521,4
522,4
523,4
524,4
525,4
526,4
527,4
528,2
529,4
530,4
531,4
532,4
533,4
534,4
535,4
536,3
537,4
538,4
539,4
540,4
541,4
542,4
543,4
544,3
545,4
546,4
547,4
548,4
549,4
550,4
551,4
552,4
553,4
554,4
555,4
556,2
557,4
558,4
559,4
560,3
561,4
562,4
563,4
564,4
565,4
566,3
567,4
568,4
569,4
570,4
571,4
572,1
573,4
574,4
575,2
576,4
577,1
578,4
579,4
580,4
581,3
582,4
583,4
584,2
585,2
586,4
587,4
588,4
589,4
590,4
591,4
592,4
593,2
594,4
595,4
596,1
597,4
598,4
599,4
600,4
601,4
602,4
603,4
604,4
605,4
606,4
607,4
608,4
609,4
610,4
611,4
612,4
613,4
614,4
615,4
616,4
617,4
618,4
619,4
620,4
621,4
622,4
623,4
624,4
625,4
626,4
627,4
628,4
629,4
630,4
631,4
632,4
633,3
634,4
635,4
636,4
637,4
638,4
639,3
640,4
641,4
642,4
643,4
644,4
645,4
646,4
647,4
648,4
649,4
650,4
651,4
652,4
653,4
654,4
655,4
656,4
657,4
658,4
659,4
660,4
661,4
662,4
663,4
664,4
665,4
666,4
667,4
668,4
669,4
670,4
671,4
672,4
673,4
674,4
675,4
676,4
677,4
678,4
679,4
680,4
681,4
682,4
683,4
684,4
685,4
686,4
687,4
688,4
689,4
690,4
691,4
692,4
693,4
694,4
695,4
696,4
697,4
698,4
699,4
700,4
701,4
702,4
703,4
704,4
705,4
706,4
707,4
708,4
709,4
710,4
711,4
712,4
713,4
714,4
715,4
716,4
717,4
718,4
719,4
720,4
721,4
722,2
723,4
724,4
725,4
726,4
727,4
728,4
729,4
730,4
731,4
732,4
733,4
734,4
735,4
736,4
737,4
738,4
739,4
740,4
741,4
742,4
743,4
744,4
745,3
746,4
747,4
748,4
749,4
750,4
751,4
752,4
753,3
754,4
755,4
756,4
757,4
758,4
759,4
760,4
761,4
762,4
763,4
764,4
765,4
766,4
767,4
768,4
769,4
770,4
771,4
772,4
773,4
774,4
775,4
776,4
777,4
778,4
779,4
780,4
781,4
782,4
783,3
784,4
785,4
786,4
787,4
788,4
789,4
790,4
791,4
792,4
793,4
794,4
795,4
796,4
797,4
798,4
799,4
800,4
801,3
802,4
803,4
804,4
805,4
806,4
807,4
808,4
809,4
810,4
811,4
812,4
813,4
814,4
815,4
816,3
817,4
818,4
819,4
820,4
821,4
822,4
823,4
824,4
825,4
826,4
827,4
828,4
829,4
830,4
831,4
832,4
833,3
834,4
835,4
836,4
837,4
838,4
839,3
840,3
841,4
842,4
843,4
844,4
845,4
846,4
847,4
848,4
849,4
850,4
851,3
852,4
853,4
854,4
855,4
856,4
857,4
858,1
859,4
860,4
861,4
862,4
863,4
864,1
865,4
866,4
867,4
868,4
869,4
870,4
871,4
872,4
873,4
874,4
875,4
876,4
877,2
878,4
879,4
880,4
881,3
882,4
883,4
884,4
885,4
886,4
887,4
888,4
889,4
890,2
891,2
892,4
893,2
894,4
895,4
896,4
897,4
898,4
899,4
900,4
901,4
902,4
903,4
904,4
905,4
906,4
907,2
908,4
909,4
910,2
911,4
912,4
913,4
914,4
915,4
916,3
917,4
918,4
919,4
920,2
921,4
922,4
923,4
924,3
925,3
926,4
927,4
928,3
929,1
930,3
931,4
932,2
933,4
934,4
935,4
936,2
937,4
938,2
939,3
940,4
941,2
942,4
943,3
944,1
945,4
946,4
947,4
948,4
949,1
950,4
951,4
952,4
953,4
954,4
955,3
956,4
957,3
958,4
959,4
960,4
961,4
962,4
963,4
964,3
965,4
966,4
967,3
968,4
969,3
970,4
971,4
972,4
973,3
974,4
975,4
976,4
977,2
978,2
979,4
980,4
981,4
982,4
983,4
984,4
985,4
986,4
987,3
988,4
989,3
990,4
991,4
992,4
993,4
994,4
995,4
996,4
997,4
998,2
999,4
1000,3
1001,3
1002,3
1003,4
1004,4
1005,4
1006,4
1007,4
1008,2
1009,4
1010,3
1011,4
1012,2
1013,4
1014,4
1015,4
1016,2
1017,4
1018,4
1019,4
1020,4
1021,3
1022,4
1023,4
1024,4
1025,4
1026,4
1027,4
1028,4
1029,4
1030,3
1031,4
1032,4
1033,4
1034,4
1035,4
1036,4
1037,4
1038,3
1039,4
1040,3
1041,3
1042,4
1043,4
1044,2
1045,2
1046,2
1047,3
1048,4
1049,4
1050,4
1051,4
1052,2
1053,4
1054,4
1055,2
1056,4
1057,4
1058,4
1059,4
1060,4
1061,4
1062,4
1063,4
1064,4
1065,3
1066,4
1067,4
1068,4
1069,4
1070,4
1071,4
1072,2
1073,4
1074,4
1075,4
1076,4
1077,4
1078,4
1079,4
1080,2
1081,4
1082,4
1083,4
1084,4
1085,2
1086,3
1087,3
1088,4
1089,4
1090,4
1091,4
1092,4
1093,3
1094,2
1095,4
1096,1
1097,3
1098,3
1099,4
1100,4
1101,4
1102,2
1103,4
1104,4
1105,4
1106,4
1107,4
1108,4
1109,4
1110,4
1111,4
1112,4
1113,4
1114,4
1115,4
1116,4
1117,4
1118,3
1119,4
1120,4
1121,3
1122,4
1123,4
1124,4
1125,3
1126,4
1127,3
1128,4
1129,4
1130,4
1131,4
1132,4
1133,3
1134,4
1135,3
1136,4
1137,4
1138,4
1139,4
1140,4
1141,3
1142,3
1143,3
1144,4
1145,2
1146,4
1147,4
1148,3
1149,4
1150,3
1151,3
1152,3
1153,4
1154,2
1155,4
1156,4
1157,4
1158,4
1159,3
1160,4
1161,4
1162,4
1163,4
1164,4
1165,4
1166,4
1167,4
1168,4
1169,4
1170,4
1171,2
1172,4
1173,3
1174,4
1175,3
1176,3
1177,2
1178,4
1179,4
1180,4
1181,3
1182,4
1183,4
1184,3
1185,2
1186,3
1187,4
1188,4
1189,1
1190,4
1191,1
1192,4
1193,3
1194,4
1195,4
1196,3
1197,4
1198,4
1199,4
1200,4
1201,4
1202,4
1203,1
1204,1
1205,2
1206,3
1207,4
1208,4
1209,4
1210,4
1211,2
1212,4
1213,2
1214,4
1215,2
1216,4
1217,4
1218,4
1219,2
1220,3
1221,2
1222,4
1223,3
1224,4
1225,4
1226,4
1227,4
1228,3
1229,2
1230,2
1231,4
1232,3
1233,2
1234,4
1235,4
1236,2
1237,4
1238,4
1239,2
1240,4
1241,4
1242,1
1243,4
1244,4
1245,4
1246,2
1247,2
1248,4
1249,3
1250,4
1251,4
1252,4
1253,4
1254,4
1255,3
1256,4
1257,2
1258,4
1259,4
1260,4
1261,4
1262,3
1263,1
1264,2
1265,1
1266,4
1267,4
1268,4
1269,4
1270,4
1271,4
1272,4
1273,4
1274,4
1275,4
1276,1
1277,4
1278,1
1279,1
1280,3
1281,4
1282,4
1283,4
1284,4
1285,4
1286,4
1287,1
1288,4
1289,4
1290,4
1291,3
1292,2
1293,4
1294,3
1295,4
1296,3
1297,4
1298,4
1299,4
1300,3
1301,4
1302,4
1303,3
1304,1
1305,4
1306,4
1307,1
1308,2
1309,3
1310,2
1311,3
1312,4
1313,4
1314,4
1315,4
1316,4
1317,2
1318,4
1319,4
1320,3
1321,2
1322,4
1323,4
1324,4
1325,4
1326,1
1327,4
1328,4
1329,4
1330,3
1331,1
1332,4
1333,2
1334,4
1335,2
1336,4
1337,3
1338,3
1339,4
1340,4
1341,3
1342,3
1343,4
1344,4
1345,4
1346,4
1347,1
1348,4
1349,1
1350,1
1351,3
1352,2
1353,4
1354,4
1355,3
1356,4
1357,4
1358,2
1359,2
1360,1
1361,4
1362,4
1363,3
1364,4
1365,1
1366,4
1367,1
1368,4
1369,4
1370,4
1371,4
1372,2
1373,3
1374,4
1375,4
1376,1
1377,1
1378,4
1379,4
1380,4
1381,2
1382,4
1383,4
1384,4
1385,4
1386,2
1387,4
1388,4
1389,4
1390,4
1391,4
1392,1
1393,4
1394,4
1395,2
1396,4
1397,4
1398,4
1399,1
1400,4
1401,4
1402,2
1403,4
1404,3
1405,4
1406,2
1407,4
1408,2
1409,1
1410,4
1411,1
1412,2
1413,4
1414,2
1415,4
1416,2
1417,1
1418,4
1419,3
1420,3
1421,2
1422,4
1423,4
1424,2
1425,4
1426,2
1427,4
1428,1
1429,4
1430,2
1431,4
1432,4
1433,4
1434,2
1435,4
1436,2
1437,4
1438,4
1439,2
1440,4
1441,4
1442,3
1443,2
1444,4
1445,4
1446,3
1447,4
1448,2
1449,4
1450,4
1451,4
1452,3
1453,3
1454,2
1455,4
1456,2
1457,4
1458,4
1459,2
1460,4
1461,4
1462,4
1463,2
1464,4
1465,4
1466,4
1467,4
1468,4
1469,4
1470,4
1471,4
1472,4
1473,4
1474,4
1475,2
1476,4
1477,4
1478,4
1479,4
1480,4
1481,4
1482,4
1483,4
1484,3
1485,4
1486,3
1487,4
1488,4
1489,4
1490,4
1491,4
1492,4
1493,4
1494,1
1495,4
1496,4
1497,4
1498,4
1499,4
1500,4
1501,4
1502,4
1503,3
1504,4
1505,4
1506,3
1507,4
1508,4
1509,3
1510,4
1511,4
1512,4
1513,4
1514,4
1515,4
1516,4
1517,3
1518,4
1519,4
1520,4
1521,4
1522,3
1523,4
1524,4
1525,1
1526,1
1527,3
1528,2
1529,3
1530,4
1531,4
1532,4
1533,4
1534,3
1535,4
1536,4
1537,4
1538,4
1539,1
1540,4
1541,4
1542,3
1543,3
1544,4
1545,2
1546,3
1547,4
1548,4
1549,1
1550,1
1551,4
1552,2
1553,3
1554,4
1555,4
1556,4
1557,4
1558,4
1559,4
1560,4
1561,4
1562,4
1563,3
1564,4
1565,4
1566,4
1567,4
1568,4
1569,3
1570,4
1571,4
1572,2
1573,4
1574,4
1575,4
1576,4
1577,1
1578,2
1579,4
1580,1
1581,4
1582,4
1583,4
1584,4
1585,4
1586,4
1587,3
1588,4
1589,4
1590,4
1591,2
1592,4
1593,4
1594,1
1595,3
1596,4
1597,4
1598,4
1599,2
1600,4
1601,4
1602,4
1603,4
1604,4
1605,4
1606,1
1607,4
1608,4
1609,4
1610,4
1611,4
1612,1
1613,1
1614,4
1615,2
1616,3
1617,4
1618,4
1619,4
1620,4
1621,3
1622,3
1623,4
1624,4
1625,4
1626,4
1627,3
1628,3
1629,3
1630,4
1631,2
1632,4
1633,4
1634,2
1635,3
1636,4
1637,4
1638,3
1639,1
1640,2
1641,4
1642,4
1643,4
1644,4
1645,4
1646,4
1647,3
1648,2
1649,1
1650,4
1651,4
1652,1
1653,4
1654,4
1655,3
1656,4
1657,3
1658,4
1659,4
1660,4
1661,4
1662,2
1663,4
1664,4
1665,4
1666,3
1667,3
1668,4
1669,2
1670,1
1671,1
1672,4
1673,2
1674,2
1675,2
1676,1
1677,4
1678,4
1679,4
1680,1
1681,4
1682,4
1683,2
1684,3
1685,2
1686,4
1687,4
1688,1
1689,2
1690,1
1691,2
1692,1
1693,1
1694,1
1695,4
1696,4
1697,4
1698,2
1699,2
1700,2
1701,2
1702,4
1703,4
1704,1
1705,2
1706,4
1707,4
1708,1
1709,2
1710,4
1711,3
1712,4
1713,4
1714,4
1715,4
1716,4
1717,4
1718,2
1719,2
1720,4
1721,3
1722,2
1723,4
1724,4
1725,4
1726,2
1727,4
1728,4
1729,4
1730,4
1731,2
1732,4
1733,4
1734,2
1735,4
1736,3
1737,3
1738,3
1739,2
1740,4
1741,4
1742,4
1743,3
1744,2
1745,4
1746,3
1747,4
1748,4
1749,4
1750,1
1751,4
1752,4
1753,4
1754,4
1755,1
1756,2
1757,2
1758,2
1759,2
1760,4
1761,3
1762,1
1763,2
1764,2
1765,4
1766,1
1767,4
1768,2
1769,2
1770,4
1771,4
1772,2
1773,2
1774,1
1775,3
1776,2
1777,1
1778,4
1779,4
1780,4
1781,2
1782,1
1783,2
1784,4
1785,4
1786,2
1787,2
1788,1
1789,4
1790,2
1791,4
1792,1
1793,3
1794,2
1795,4
1796,2
1797,3
1798,4
1799,4
1800,1
1801,1
1802,1
1803,4
1804,4
1805,2
1806,4
1807,2
1808,4
1809,2
1810,4
1811,2
1812,2
1813,4
1814,2
1815,4
1816,1
1817,1
1818,4
1819,2
1820,2
1821,2
1822,4
1823,1
1824,4
1825,1
1826,1
1827,4
1828,4
1829,4
1830,4
1831,2
1832,4
1833,4
1834,4
1835,4
1836,4
1837,2
1838,4
1839,1
1840,4
1841,1
1842,4
1843,1
1844,1
1845,4
1846,4
1847,2
1848,2
1849,2
1850,4
1851,2
1852,4
1853,2
1854,4
1855,4
1856,4
1857,1
1858,4
1859,2
1860,2
1861,4
1862,4
1863,4
1864,2
1865,1
1866,4
1867,3
1868,2
1869,1
1870,1
1871,4
1872,4
1873,4
1874,4
1875,3
1876,4
1877,1
1878,4
1879,1
1880,4
1881,1
1882,2
1883,3
1884,1
1885,2
1886,4
1887,1
1888,4
1889,4
1890,1
1891,4
1892,4
1893,4
1894,3
1895,4
1896,2
1897,3
1898,4
1899,4
1900,2
1901,1
1902,2
1903,4
1904,1
1905,4
1906,2
1907,4
1908,1
1909,4
1910,2
1911,4
1912,4
1913,4
1914,1
1915,4
1916,4
1917,4
1918,1
1919,2
1920,4
1921,2
1922,2
1923,2
1924,3
1925,4
1926,1
1927,1
1928,4
1929,2
1930,4
1931,1
1932,1
1933,1
1934,2
1935,1
1936,2
1937,1
1938,2
1939,2
1940,3
1941,2
1942,2
1943,2
1944,2
1945,2
1946,4
1947,4
1948,1
1949,4
1950,2
1951,2
1952,2
1953,2
1954,4
1955,2
1956,2
1957,4
1958,4
1959,4
1960,2
1961,4
1962,4
1963,1
1964,4
1965,4
1966,4
1967,2
1968,2
1969,1
1970,2
1971,4
1972,2
1973,1
1974,2
1975,4
1976,4
1977,1
1978,4
1979,2
1980,1
1981,2
1982,2
1983,4
1984,4
1985,4
1986,4
1987,2
1988,3
1989,2
1990,4
1991,2
1992,2
1993,3
1994,4
1995,4
1996,2
1997,4
1998,4
1999,4
2000,4
2001,4
2002,3
2003,3
2004,2
2005,2
2006,4
2007,4
2008,4
2009,2
2010,2
2011,1
2012,2
2013,4
2014,2
2015,1
2016,3
2017,4
2018,4
2019,1
2020,4
2021,1
2022,1
2023,4
2024,3
2025,4
2026,4
2027,4
2028,4
2029,2
2030,2
2031,4
2032,4
2033,2
2034,4
2035,2
2036,3
2037,2
2038,4
2039,2
2040,4
2041,2
2042,4
2043,4
2044,4
2045,1
2046,4
2047,4
2048,4
2049,4
2050,3
2051,4
2052,4
2053,4
2054,1
2055,1
2056,1
2057,4
2058,4
2059,4
2060,4
2061,4
2062,1
2063,2
2064,1
2065,1
2066,1
2067,4
2068,1
2069,1
2070,4
2071,2
2072,4
2073,1
2074,4
2075,4
2076,4
2077,2
2078,4
2079,4
2080,4
2081,4
2082,4
2083,2
2084,2
2085,1
2086,2
2087,1
2088,4
2089,4
2090,4
2091,4
2092,4
2093,4
2094,4
2095,3
2096,4
2097,1
2098,2
2099,4
2100,2
2101,3
2102,2
2103,4
2104,4
2105,4
2106,2
2107,2
2108,4
2109,4
2110,3
2111,4
2112,1
2113,4
2114,4
2115,3
2116,2
2117,4
2118,1
2119,2
2120,4
2121,4
2122,2
2123,1
2124,4
2125,4
2126,1
2127,4
2128,2
2129,4
2130,4
2131,4
2132,2
2133,3
2134,4
2135,2
2136,1
2137,2
2138,4
2139,4
2140,3
2141,1
2142,1
2143,1
2144,1
2145,4
2146,4
2147,4
2148,3
2149,4
2150,4
2151,4
2152,1
2153,4
2154,4
2155,1
2156,2
2157,2
2158,1
2159,2
2160,4
2161,2
2162,4
2163,2
2164,2
2165,4
2166,4
2167,2
2168,1
2169,1
2170,4
2171,3
2172,4
2173,1
2174,4
2175,2
2176,4
2177,4
2178,4
2179,4
2180,4
2181,2
2182,2
2183,3
2184,2
2185,4
2186,4
2187,3
2188,3
2189,4
2190,4
2191,1
2192,1
2193,1
2194,4
2195,4
2196,4
2197,1
2198,4
2199,4
2200,3
2201,4
2202,4
2203,2
2204,4
2205,4
2206,4
2207,4
2208,3
2209,4
2210,2
2211,1
2212,4
2213,2
2214,4
2215,4
2216,2
2217,2
2218,2
2219,4
2220,1
2221,3
2222,4
2223,4
2224,4
2225,3
2226,4
2227,2
2228,4
2229,1
2230,4
2231,4
2232,3
2233,3
2234,4
2235,4
2236,1
2237,1
2238,1
2239,4
2240,4
2241,1
2242,1
2243,2
2244,2
2245,1
2246,1
2247,4
2248,4
2249,4
2250,3
2251,4
2252,4
2253,1
2254,4
2255,4
2256,4
2257,4
2258,4
2259,4
2260,4
2261,3
2262,3
2263,4
2264,2
2265,1
2266,2
2267,4
2268,2
2269,4
2270,4
2271,2
2272,4
2273,1
2274,2
2275,4
2276,2
2277,2
2278,4
2279,4
2280,4
2281,2
2282,1
2283,4
2284,4
2285,4
2286,4
2287,3
2288,4
2289,2
2290,2
2291,4
2292,4
2293,4
2294,2
2295,4
2296,1
2297,1
2298,4
2299,4
2300,4
2301,2
2302,1
2303,4
2304,4
2305,2
2306,1
2307,4
2308,1
2309,3
2310,1
2311,4
2312,1
2313,2
2314,2
2315,4
2316,1
2317,4
2318,4
2319,4
2320,4
2321,4
2322,4
2323,4
2324,2
2325,4
2326,4
2327,4
2328,4
2329,4
2330,1
2331,1
2332,4
2333,4
2334,2
2335,2
2336,2
2337,3
2338,4
2339,1
2340,4
2341,4
2342,4
2343,4
2344,2
2345,4
2346,4
2347,4
2348,4
2349,4
2350,2
2351,1
2352,1
2353,2
2354,2
2355,2
2356,2
2357,1
2358,2
2359,2
2360,2
2361,1
2362,2
2363,2
2364,2
2365,1
2366,2
2367,2
2368,2
2369,2
2370,2
2371,2
2372,1
2373,2
2374,2
2375,2
2376,2
2377,2
2378,4
2379,4
2380,2
2381,4
2382,1
2383,4
2384,4
2385,4
2386,4
2387,1
2388,4
2389,2
2390,4
2391,4
2392,1
2393,4
2394,4
2395,4
2396,2
2397,4
2398,4
2399,4
2400,1
2401,2
2402,4
2403,2
2404,2
2405,1
2406,4
2407,2
2408,4
2409,3
2410,1
2411,2
2412,4
2413,1
2414,2
2415,1
2416,1
2417,2
2418,4
2419,2
2420,2
2421,2
2422,4
2423,3
2424,4
2425,4
2426,2
2427,1
2428,4
2429,4
2430,3
2431,3
2432,3
2433,4
2434,4
2435,4
2436,4
2437,4
2438,3
2439,4
2440,4
2441,4
2442,4
2443,2
2444,4
2445,4
2446,4
2447,4
2448,4
2449,4
2450,4
2451,2
2452,1
2453,4
2454,2
2455,2
2456,4
2457,2
2458,4
2459,4
2460,3
2461,3
2462,3
2463,3
2464,2
2465,1
2466,4
2467,4
2468,1
2469,4
2470,3
2471,4
2472,1
2473,3
2474,1
2475,2
2476,2
2477,2
2478,3
2479,4
2480,4
2481,4
2482,4
2483,2
2484,1
2485,2
2486,4
2487,4
2488,4
2489,4
2490,4
2491,1
2492,2
2493,3
2494,4
2495,2
2496,2
2497,4
2498,4
2499,4
2500,4
2501,4
2502,4
2503,3
2504,2
2505,2
2506,1
2507,4
2508,4
2509,4
2510,4
2511,4
2512,1
2513,1
2514,4
2515,2
2516,2
2517,3
2518,4
2519,4
2520,3
2521,3
2522,4
2523,3
2524,1
2525,4
2526,3
2527,4
2528,4
2529,4
2530,4
2531,4
2532,4
2533,4
2534,4
2535,4
2536,2
2537,4
2538,3
2539,2
2540,1
2541,1
2542,4
2543,3
2544,3
2545,4
2546,1
2547,2
2548,3
2549,3
2550,4
2551,1
2552,1
2553,4
2554,4
2555,4
2556,4
2557,2
2558,2
2559,1
2560,4
2561,1
2562,2
2563,4
2564,4
2565,2
2566,4
2567,4
2568,2
2569,1
2570,4
2571,4
2572,4
2573,1
2574,4
2575,2
2576,2
2577,2
2578,4
2579,4
2580,4
2581,1
2582,4
2583,4
2584,2
2585,2
2586,2
2587,2
2588,2
2589,2
2590,2
2591,4
2592,4
2593,4
2594,4
2595,4
2596,2
2597,1
2598,2
2599,2
2600,2
2601,2
2602,4
2603,2
2604,1
2605,2
2606,2
2607,4
2608,4
2609,4
2610,1
2611,4
2612,2
2613,4
2614,4
2615,4
2616,4
2617,3
2618,3
2619,4
2620,4
2621,3
2622,1
2623,2
2624,4
2625,2
2626,1
2627,3
2628,2
2629,4
2630,4
2631,4
2632,4
2633,1
2634,2
2635,4
2636,1
2637,4
2638,4
2639,4
2640,1
2641,4
2642,1
2643,4
2644,2
2645,4
2646,4
2647,4
2648,3
2649,1
2650,2
2651,2
2652,4
2653,4
2654,4
2655,4
2656,4
2657,4
2658,4
2659,4
2660,4
2661,1
2662,2
2663,4
2664,2
2665,4
2666,1
2667,4
2668,3
2669,4
2670,4
2671,4
2672,4
2673,2
2674,1
2675,4
2676,2
2677,2
2678,3
2679,4
2680,2
2681,2
2682,4
2683,4
2684,1
2685,1
2686,2
2687,2
2688,1
2689,2
2690,2
2691,2
2692,2
2693,1
2694,4
2695,4
2696,4
2697,3
2698,4
2699,4
2700,4
2701,4
2702,1
2703,4
2704,2
2705,4
2706,2
2707,4
2708,4
2709,4
2710,4
2711,4
2712,4
2713,2
2714,4
2715,4
2716,4
2717,3
2718,4
2719,4
2720,1
2721,3
2722,4
2723,2
2724,2
2725,1
2726,1
2727,3
2728,3
2729,4
2730,4
2731,4
2732,4
2733,4
2734,4
2735,4
2736,1
2737,1
2738,4
2739,3
2740,4
2741,4
2742,4
2743,4
2744,2
2745,4
2746,2
2747,3
2748,4
2749,4
2750,4
2751,2
2752,4
2753,4
2754,1
2755,2
2756,2
2757,4
2758,4
2759,4
2760,4
2761,4
2762,4
2763,1
2764,1
2765,4
2766,4
2767,2
2768,2
2769,1
2770,2
2771,2
2772,4
2773,4
2774,4
2775,4
2776,4
2777,1
2778,2
2779,1
2780,4
2781,1
2782,2
2783,2
2784,2
2785,1
2786,1
2787,1
2788,4
2789,4
2790,4
2791,4
2792,2
2793,2
2794,1
2795,1
2796,1
2797,4
2798,2
2799,4
2800,3
2801,4
2802,2
2803,4
2804,4
2805,2
2806,3
2807,4
2808,1
2809,1
2810,1
2811,4
2812,4
2813,4
2814,4
2815,4
2816,4
2817,4
2818,4
2819,4
2820,4
2821,4
2822,4
2823,4
2824,4
2825,4
2826,4
2827,3
2828,4
2829,1
2830,1
2831,1
2832,4
2833,4
2834,4
2835,2
2836,4
2837,4
2838,3
2839,3
2840,1
2841,1
2842,4
2843,4
2844,4
2845,4
2846,4
2847,4
2848,2
2849,4
2850,1
2851,1
2852,1
2853,1
2854,2
2855,1
2856,2
2857,4
2858,4
2859,3
2860,1
2861,2
2862,3
2863,4
2864,4
2865,2
2866,2
2867,4
2868,1
2869,1
2870,1
2871,2
2872,1
2873,2
2874,2
2875,4
2876,1
2877,4
2878,4
2879,3
2880,4
2881,1
2882,2
2883,4
2884,4
2885,4
2886,2
2887,1
2888,2
2889,4
2890,3
2891,3
2892,4
2893,4
2894,4
2895,1
2896,1
2897,2
2898,2
2899,4
2900,4
2901,4
2902,1
2903,3
2904,1
2905,1
2906,1
2907,2
2908,2
2909,4
2910,4
2911,4
2912,4
2913,4
2914,4
2915,4
2916,4
2917,2
2918,2
2919,2
2920,1
2921,4
2922,4
2923,2
2924,4
2925,4
2926,2
2927,2
2928,4
2929,2
2930,1
2931,2
2932,2
2933,2
2934,2
2935,2
2936,4
2937,4
2938,4
2939,4
2940,4
2941,4
2942,4
2943,4
2944,4
2945,4
2946,4
2947,4
2948,4
2949,4
2950,4
2951,4
2952,4
2953,4
2954,4
2955,4
2956,4
2957,4
2958,4
2959,3
2960,4
2961,4
2962,4
2963,4
2964,4
2965,4
2966,4
2967,4
2968,4
2969,4
2970,4
2971,4
2972,4
2973,4
2974,4
2975,4
2976,4
2977,4
2978,4
2979,4
2980,4
2981,4
2982,4
2983,4
2984,4
2985,4
2986,4
2987,4
2988,4
2989,4
2990,4
2991,4
2992,4
2993,4
2994,3
2995,4
2996,4
2997,4
2998,4
2999,4
3000,4
3001,4
3002,3
3003,4
3004,4
3005,4
3006,3
3007,4
3008,4
3009,4
3010,1
3011,4
3012,4
3013,4
3014,4
3015,4
3016,4
3017,4
3018,4
3019,4
3020,3
3021,4
3022,4
3023,4
3024,4
3025,1
3026,4
3027,3
3028,4
3029,3
3030,4
3031,4
3032,4
3033,4
3034,4
3035,3
3036,2
3037,4
3038,3
3039,4
3040,4
3041,3
3042,4
3043,4
3044,4
3045,4
3046,3
3047,4
3048,4
3049,2
3050,4
3051,4
3052,4
3053,4
3054,4
3055,4
3056,4
3057,4
3058,4
3059,3
3060,4
3061,3
3062,4
3063,4
3064,4
3065,3
3066,4
3067,4
3068,4
3069,4
3070,4
3071,4
3072,4
3073,4
3074,3
3075,4
3076,4
3077,2
3078,2
3079,4
3080,4
3081,4
3082,4
3083,4
3084,4
3085,4
3086,4
3087,4
3088,2
3089,4
3090,4
3091,4
3092,4
3093,4
3094,2
3095,2
3096,1
3097,4
3098,4
3099,1
3100,4
3101,4
3102,3
3103,4
3104,4
3105,4
3106,4
3107,4
3108,3
3109,4
3110,3
3111,4
3112,1
3113,4
3114,1
3115,4
3116,3
3117,4
3118,2
3119,2
3120,4
3121,2
3122,2
3123,2
3124,4
3125,2
3126,2
3127,4
3128,2
3129,2
3130,2
3131,2
3132,2
3133,2
3134,2
3135,2
3136,2
3137,4
3138,2
3139,2
3140,4
3141,4
3142,2
3143,4
3144,2
3145,2
3146,4
3147,2
3148,2
3149,2
3150,2
3151,1
3152,2
3153,2
3154,2
3155,2
3156,2
3157,2
3158,1
3159,2
3160,2
3161,2
3162,2
3163,2
3164,4
3165,3
3166,2
3167,4
3168,3
3169,4
3170,2
3171,2
3172,4
3173,4
3174,2
3175,4
3176,4
3177,4
3178,4
3179,2
3180,2
3181,3
3182,2
3183,4
3184,1
3185,4
3186,4
3187,4
3188,3
3189,3
3190,4
3191,4
3192,4
3193,4
3194,3
3195,4
3196,2
3197,4
3198,4
3199,4
3200,4
3201,4
3202,4
3203,3
3204,4
3205,1
3206,4
3207,4
3208,4
3209,4
3210,4
3211,4
3212,4
3213,1
3214,4
3215,1
3216,4
3217,4
3218,4
3219,4
3220,2
3221,1
3222,4
3223,3
3224,1
3225,3
3226,4
3227,4
3228,4
3229,3
3230,3
3231,4
3232,4
3233,4
3234,2
3235,4
3236,4
3237,4
3238,1
3239,4
3240,4
3241,4
3242,1
3243,4
3244,1
3245,4
3246,4
3247,1
3248,1
3249,4
3250,2
3251,2
3252,1
3253,4
3254,4
3255,4
3256,4
3257,4
3258,2
3259,4
3260,4
3261,2
3262,2
3263,2
3264,4
3265,4
3266,4
3267,4
3268,4
3269,3
3270,4
3271,4
3272,4
3273,4
3274,4
3275,1
3276,1
3277,1
3278,3
3279,2
3280,1
3281,2
3282,2
3283,2
3284,4
3285,4
3286,2
3287,1
3288,2
3289,4
3290,4
3291,2
3292,4
3293,4
3294,1
3295,3
3296,1
3297,4
3298,4
3299,4
3300,3
3301,4
3302,4
3303,2
3304,1
3305,4
3306,4
3307,4
3308,2
3309,2
3310,4
3311,1
3312,3
3313,4
3314,2
3315,4
3316,4
3317,1
3318,4
3319,4
3320,4
3321,4
3322,4
3323,2
3324,2
3325,4
3326,1
3327,2
3328,4
3329,4
3330,1
3331,2
3332,1
3333,3
3334,2
3335,4
3336,1
3337,4
3338,1
3339,4
3340,4
3341,4
3342,2
3343,2
3344,2
3345,4
3346,4
3347,2
3348,2
3349,4
3350,4
3351,1
3352,2
3353,4
3354,2
3355,2
3356,2
3357,4
3358,2
3359,4
3360,4
3361,3
3362,4
3363,2
3364,4
3365,2
3366,1
3367,4
3368,4
3369,4
3370,4
3371,4
3372,2
3373,2
3374,4
3375,3
3376,4
3377,2
3378,4
3379,2
3380,4
3381,1
3382,4
3383,4
3384,1
3385,1
3386,4
3387,2
3388,2
3389,2
3390,4
3391,1
3392,4
3393,3
3394,2
3395,4
3396,4
3397,4
3398,2
3399,4
3400,4
3401,4
3402,4
3403,2
3404,4
3405,4
3406,4
3407,2
3408,4
3409,4
3410,4
3411,4
3412,4
3413,1
3414,4
3415,4
3416,2
3417,1
3418,2
3419,2
3420,4
3421,3
3422,4
3423,4
3424,2
3425,4
3426,4
3427,4
3428,4
3429,4
3430,4
3431,4
3432,4
3433,2
3434,2
3435,2
3436,2
3437,2
3438,4
3439,2
3440,4
3441,4
3442,1
3443,4
3444,4
3445,1
3446,4
3447,4
3448,1
3449,4
3450,1
3451,4
3452,1
3453,1
3454,4
3455,4
3456,2
3457,1
3458,2
3459,1
3460,4
3461,2
3462,4
3463,2
3464,4
3465,2
3466,2
3467,1
3468,2
3469,2
3470,1
3471,1
3472,2
3473,2
3474,4
3475,4
3476,2
3477,3
3478,4
3479,1
3480,1
3481,1
3482,1
3483,2
3484,1
3485,4
3486,1
3487,4
3488,4
3489,4
3490,4
3491,1
3492,1
3493,4
3494,4
3495,1
3496,4
3497,4
3498,4
3499,2
3500,2
3501,1
3502,1
3503,1
3504,2
3505,1
3506,4
3507,2
3508,1
3509,4
3510,1
3511,2
3512,1
3513,4
3514,1
3515,1
3516,4
3517,2
3518,4
3519,4
3520,3
3521,2
3522,4
3523,1
3524,1
3525,4
3526,2
3527,4
3528,3
3529,3
3530,4
3531,4
3532,2
3533,4
3534,4
3535,4
3536,2
3537,2
3538,2
3539,4
3540,2
3541,4
3542,4
3543,2
3544,4
3545,4
3546,1
3547,2
3548,1
3549,2
3550,2
3551,4
3552,4
3553,1
3554,4
3555,2
3556,1
3557,4
3558,4
3559,4
3560,4
3561,4
3562,2
3563,3
3564,1
3565,1
3566,2
3567,2
3568,1
3569,1
3570,4
3571,2
3572,3
3573,4
3574,4
3575,3
3576,2
3577,4
3578,1
3579,2
3580,4
3581,2
3582,2
3583,2
3584,4
3585,3
3586,4
3587,1
3588,4
3589,4
3590,1
3591,2
3592,2
3593,1
3594,2
3595,1
3596,1
3597,2
3598,4
3599,1
3600,2
3601,2
3602,4
3603,2
3604,2
3605,1
3606,2
3607,4
3608,2
3609,1
3610,4
3611,4
3612,2
3613,2
3614,4
3615,4
3616,1
3617,1
3618,1
3619,2
3620,4
3621,2
3622,4
3623,2
3624,2
3625,4
3626,3
3627,4
3628,4
3629,4
3630,3
3631,4
3632,2
3633,4
3634,2
3635,4
3636,4
3637,4
3638,2
3639,1
3640,2
3641,4
3642,4
3643,4
3644,4
3645,4
3646,4
3647,2
3648,4
3649,4
3650,4
3651,4
3652,4
3653,4
3654,4
3655,4
3656,3
3657,1
3658,2
3659,4
3660,2
3661,4
3662,4
3663,1
3664,2
3665,2
3666,1
3667,4
3668,4
3669,1
3670,1
3671,2
3672,1
3673,2
3674,4
3675,1
3676,1
3677,4
3678,2
3679,1
3680,4
3681,4
3682,1
3683,4
3684,2
3685,4
3686,4
3687,4
3688,4
3689,4
3690,1
3691,1
3692,2
3693,4
3694,4
3695,4
3696,4
3697,1
3698,1
3699,4
3700,4
3701,4
3702,2
3703,4
3704,4
3705,4
3706,1
3707,4
3708,4
3709,2
3710,4
3711,4
3712,1
3713,1
3714,4
3715,2
3716,4
3717,4
3718,4
3719,4
3720,1
3721,4
3722,4
3723,1
3724,1
3725,4
3726,1
3727,4
3728,2
3729,4
3730,1
3731,2
3732,1
3733,1
3734,1
3735,1
3736,1
3737,2
3738,1
3739,1
3740,4
3741,4
3742,3
3743,1
3744,4
3745,4
3746,4
3747,1
3748,4
3749,4
3750,4
3751,4
3752,1
3753,1
3754,1
3755,4
3756,2
3757,3
3758,4
3759,4
3760,1
3761,3
3762,4
3763,1
3764,1
3765,1
3766,2
3767,4
3768,2
3769,4
3770,2
3771,1
3772,4
3773,2
3774,4
3775,4
3776,4
3777,4
3778,4
3779,4
3780,4
3781,1
3782,4
3783,2
3784,2
3785,3
3786,1
3787,2
3788,2
3789,1
3790,1
3791,1
3792,4
3793,2
3794,1
3795,1
3796,4
3797,4
3798,4
3799,1
3800,1
3801,2
3802,1
3803,1
3804,1
3805,4
3806,4
3807,1
3808,2
3809,1
3810,1
3811,4
3812,4
3813,1
3814,2
3815,1
3816,1
3817,4
3818,2
3819,1
3820,2
3821,4
3822,1
3823,2
3824,4
3825,1
3826,1
3827,1
3828,4
3829,1
3830,4
3831,4
3832,1
3833,4
3834,4
3835,1
3836,3
3837,4
3838,4
3839,4
3840,4
3841,4
3842,2
3843,2
3844,1
3845,1
3846,2
3847,4
3848,1
3849,4
3850,2
3851,2
3852,1
3853,2
3854,4
3855,2
3856,1
3857,4
3858,1
3859,4
3860,1
3861,3
3862,4
3863,2
3864,2
3865,1
3866,2
3867,4
3868,4
3869,2
3870,4
3871,4
3872,2
3873,2
3874,3
3875,4
3876,1
3877,1
3878,4
3879,2
3880,1
3881,1
3882,2
3883,2
3884,3
3885,3
3886,4
3887,4
3888,4
3889,2
3890,4
3891,1
3892,4
3893,4
3894,4
3895,4
3896,3
3897,2
3898,4
3899,4
3900,4
3901,4
3902,4
3903,4
3904,4
3905,4
3906,4
3907,4
3908,4
3909,4
3910,4
3911,1
3912,4
3913,3
3914,4
3915,4
3916,2
3917,1
3918,1
3919,1
3920,4
3921,1
3922,1
3923,4
3924,2
3925,4
3926,4
3927,4
3928,4
3929,4
3930,4
3931,4
3932,4
3933,4
3934,4
3935,4
3936,4
3937,4
3938,4
3939,1
3940,2
3941,4
3942,1
3943,1
3944,1
3945,1
3946,4
3947,4
3948,1
3949,1
3950,4
3951,4
3952,1
3953,4
3954,2
3955,2
3956,2
3957,2
3958,2
3959,2
3960,1
3961,2
3962,2
3963,2
3964,2
3965,2
3966,2
3967,2
3968,2
3969,2
3970,2
3971,2
3972,2
3973,2
3974,2
3975,2
3976,2
3977,2
3978,2
3979,2
3980,2
3981,2
3982,2
3983,2
3984,2
3985,2
3986,2
3987,2
3988,2
3989,2
3990,2
3991,2
3992,2
3993,2
3994,1
3995,2
3996,2
3997,1
3998,1
3999,2
4000,2
4001,2
4002,2
4003,2
4004,2
4005,2
4006,2
4007,2
4008,2
4009,2
4010,2
4011,2
4012,2
4013,2
4014,2
4015,2
4016,2
4017,2
4018,2
4019,2
4020,2
4021,2
4022,2
4023,2
4024,2
4025,2
4026,2
4027,2
4028,2
4029,2
4030,2
4031,2
4032,2
4033,2
4034,2
4035,2
4036,2
4037,2
4038,2
4039,2
4040,2
4041,2
4042,2
4043,2
4044,2
4045,1
4046,2
4047,2
4048,2
4049,2
4050,1
4051,2
4052,2
4053,2
4054,1
4055,2
4056,2
4057,2
4058,2
4059,1
4060,2
4061,2
4062,2
4063,2
4064,1
4065,2
4066,1
4067,2
4068,2
4069,2
4070,2
4071,2
4072,2
4073,2
4074,2
4075,2
4076,2
4077,2
4078,1
4079,2
4080,2
4081,2
4082,2
4083,2
4084,2
4085,2
4086,2
4087,2
4088,2
4089,2
4090,2
4091,1
4092,2
4093,2
4094,2
4095,2
4096,2
4097,2
4098,2
4099,2
4100,2
4101,2
4102,2
4103,2
4104,2
4105,2
4106,2
4107,2
4108,1
4109,2
4110,2
4111,2
4112,2
4113,2
4114,2
4115,1
4116,2
4117,2
4118,4
4119,2
4120,2
4121,1
4122,1
4123,4
4124,4
4125,1
4126,1
4127,1
4128,4
4129,4
4130,1
4131,2
4132,4
4133,4
4134,1
4135,4
4136,4
4137,1
4138,4
4139,1
4140,2
4141,1
4142,2
4143,4
4144,4
4145,2
4146,4
4147,4
4148,2
4149,4
4150,4
4151,2
4152,4
4153,4
4154,1
4155,1
4156,2
4157,4
4158,4
4159,4
4160,4
4161,2
4162,1
4163,4
4164,2
4165,4
4166,1
4167,4
4168,1
4169,1
4170,1
4171,1
4172,4
4173,4
4174,4
4175,4
4176,4
4177,4
4178,4
4179,4
4180,4
4181,2
4182,4
4183,4
4184,4
4185,3
4186,4
4187,2
4188,4
4189,4
4190,4
4191,4
4192,2
4193,2
4194,2
4195,2
4196,2
4197,2
4198,2
4199,2
4200,2
4201,2
4202,2
4203,2
4204,2
4205,2
4206,2
4207,4
4208,2
4209,2
4210,4
4211,2
4212,2
4213,2
4214,2
4215,4
4216,1
4217,4
4218,4
4219,2
4220,2
4221,2
4222,1
4223,2
4224,4
4225,4
4226,4
4227,1
4228,4
4229,1
4230,4
4231,2
4232,1
4233,1
4234,4
4235,4
4236,1
4237,4
4238,4
4239,1
4240,1
4241,2
4242,1
4243,4
4244,4
4245,4
4246,4
4247,1
4248,2
4249,4
4250,4
4251,3
4252,4
4253,4
4254,4
4255,4
4256,2
4257,1
4258,4
4259,1
4260,1
4261,1
4262,4
4263,4
4264,2
4265,4
4266,1
4267,4
4268,1
4269,2
4270,4
4271,2
4272,2
4273,1
4274,4
4275,1
4276,4
4277,4
4278,4
4279,3
4280,1
4281,4
4282,1
4283,1
4284,2
4285,1
4286,1
4287,1
4288,4
4289,1
4290,4
4291,4
4292,4
4293,1
4294,4
4295,4
4296,1
4297,1
4298,1
4299,4
4300,1
4301,1
4302,1
4303,2
4304,2
4305,4
4306,2
4307,1
4308,4
4309,4
4310,4
4311,4
4312,1
4313,4
4314,4
4315,1
4316,1
4317,1
4318,4
4319,4
4320,1
4321,1
4322,4
4323,4
4324,4
4325,4
4326,4
4327,4
4328,2
4329,1
4330,4
4331,2
4332,1
4333,2
4334,4
4335,4
4336,4
4337,4
4338,4
4339,4
4340,4
4341,4
4342,1
4343,4
4344,4
4345,1
4346,1
4347,4
4348,4
4349,4
4350,2
4351,4
4352,1
4353,4
4354,4
4355,4
4356,4
4357,4
4358,2
4359,2
4360,2
4361,4
4362,2
4363,4
4364,1
4365,3
4366,4
4367,2
4368,4
4369,4
4370,2
4371,4
4372,4
4373,2
4374,4
4375,4
4376,4
4377,3
4378,2
4379,1
4380,2
4381,2
4382,2
4383,2
4384,2
4385,2
4386,2
4387,2
4388,2
4389,2
4390,2
4391,2
4392,2
4393,2
4394,2
4395,2
4396,4
4397,4
4398,4
4399,4
4400,4
4401,4
4402,4
4403,4
4404,4
4405,4
4406,4
4407,4
4408,4
4409,4
4410,4
4411,4
4412,4
4413,4
4414,4
4415,4
4416,4
4417,4
4418,4
4419,4
4420,4
4421,1
4422,1
4423,1
4424,2
4425,4
4426,4
4427,2
4428,2
4429,2
4430,1
4431,1
4432,2
4433,4
4434,4
4435,4
4436,4
4437,4
4438,4
4439,4
4440,4
4441,4
4442,4
4443,4
4444,4
4445,4
4446,4
4447,4
4448,4
4449,4
4450,4
4451,1
4452,4
4453,4
4454,1
4455,3
4456,2
4457,4
4458,3
4459,1
4460,1
4461,4
4462,4
4463,4
4464,1
4465,1
4466,2
4467,3
4468,2
4469,3
4470,3
4471,2
4472,4
4473,3
4474,4
4475,3
4476,4
4477,4
4478,3
4479,4
4480,4
4481,3
4482,4
4483,4
4484,4
4485,4
4486,4
4487,4
4488,3
4489,2
4490,4
4491,4
4492,2
4493,1
4494,1
4495,4
4496,1
4497,4
4498,4
4499,4
4500,4
4501,4
4502,3
4503,1
4504,1
4505,4
4506,4
4507,4
4508,1
4509,2
4510,2
4511,2
4512,4
4513,3
4514,1
4515,2
4516,4
4517,4
4518,3
4519,4
4520,1
4521,1
4522,3
4523,3
4524,4
4525,4
4526,4
4527,4
4528,2
4529,3
4530,3
4531,4
4532,4
4533,3
4534,4
4535,1
