CREATE DATABASE  IF NOT EXISTS `mini_solution` /*!40100 DEFAULT CHARACTER SET utf8 */;
USE `mini_solution`;
-- MySQL dump 10.13  Distrib 5.7.11, for Win64 (x86_64)
--
-- Host: localhost    Database: mini_solution
-- ------------------------------------------------------
-- Server version	5.7.11-log

/*!40101 SET @OLD_CHARACTER_SET_CLIENT=@@CHARACTER_SET_CLIENT */;
/*!40101 SET @OLD_CHARACTER_SET_RESULTS=@@CHARACTER_SET_RESULTS */;
/*!40101 SET @OLD_COLLATION_CONNECTION=@@COLLATION_CONNECTION */;
/*!40101 SET NAMES utf8 */;
/*!40103 SET @OLD_TIME_ZONE=@@TIME_ZONE */;
/*!40103 SET TIME_ZONE='+00:00' */;
/*!40014 SET @OLD_UNIQUE_CHECKS=@@UNIQUE_CHECKS, UNIQUE_CHECKS=0 */;
/*!40014 SET @OLD_FOREIGN_KEY_CHECKS=@@FOREIGN_KEY_CHECKS, FOREIGN_KEY_CHECKS=0 */;
/*!40101 SET @OLD_SQL_MODE=@@SQL_MODE, SQL_MODE='NO_AUTO_VALUE_ON_ZERO' */;
/*!40111 SET @OLD_SQL_NOTES=@@SQL_NOTES, SQL_NOTES=0 */;

--
-- Table structure for table `dcs`
--

DROP TABLE IF EXISTS `dcs`;
/*!40101 SET @saved_cs_client     = @@character_set_client */;
/*!40101 SET character_set_client = utf8 */;
CREATE TABLE `dcs` (
  `dc_id` bigint(20) NOT NULL,
  `capacity` bigint(20) NOT NULL,
  PRIMARY KEY (`dc_id`)
) ENGINE=InnoDB DEFAULT CHARSET=utf8;
/*!40101 SET character_set_client = @saved_cs_client */;

--
-- Dumping data for table `dcs`
--

LOCK TABLES `dcs` WRITE;
/*!40000 ALTER TABLE `dcs` DISABLE KEYS */;
INSERT INTO `dcs` VALUES (0,12000),(1,12000),(2,12000),(3,12000),(4,12000),(5,12000),(6,12000),(7,12000),(8,12000),(9,12000);
/*!40000 ALTER TABLE `dcs` ENABLE KEYS */;
UNLOCK TABLES;

--
-- Table structure for table `mileage`
--

DROP TABLE IF EXISTS `mileage`;
/*!40101 SET @saved_cs_client     = @@character_set_client */;
/*!40101 SET character_set_client = utf8 */;
CREATE TABLE `mileage` (
  `dc_id` bigint(20) NOT NULL,
  `store_id` bigint(20) NOT NULL,
  `mileage` double NOT NULL,
  KEY `fk_dc_id_mileage_idx` (`dc_id`),
  KEY `fk_store_id_mileage_idx` (`store_id`),
  CONSTRAINT `fk_dc_id_mileage` FOREIGN KEY (`dc_id`) REFERENCES `dcs` (`dc_id`) ON DELETE NO ACTION ON UPDATE NO ACTION,
  CONSTRAINT `fk_store_id_mileage` FOREIGN KEY (`store_id`) REFERENCES `stores` (`store_id`) ON DELETE NO ACTION ON UPDATE NO ACTION
) ENGINE=InnoDB DEFAULT CHARSET=utf8;
/*!40101 SET character_set_client = @saved_cs_client */;

--
-- Dumping data for table `mileage`
--

LOCK TABLES `mileage` WRITE;
/*!40000 ALTER TABLE `mileage` DISABLE KEYS */;
INSERT INTO `mileage` VALUES (0,0,102.6070194),(0,1,981.5160308),(0,2,889.4214567),(0,3,720.9953667),(0,4,245.7530028),(0,5,942.612595),(0,6,649.6467958),(0,7,503.8589933),(0,8,271.5480614),(0,9,772.1073281),(0,10,291.1008439),(0,11,267.3628108),(0,12,138.2611935),(0,13,476.4816748),(0,14,281.6409223),(0,15,356.8503845),(0,16,613.2955227),(0,17,567.5278829),(0,18,735.8771931),(0,19,107.8153906),(0,20,65.18107451),(0,21,613.5449303),(0,22,612.800752),(0,23,1004.192993),(0,24,831.865412),(0,25,864.6212935),(0,26,849.0962312),(0,27,882.0693212),(0,28,477.2156162),(0,29,269.8409847),(0,30,396.8491551),(0,31,586.6489185),(0,32,190.0336072),(0,33,942.9387805),(0,34,844.2412754),(0,35,67.97545475),(0,36,218.5290384),(0,37,254.1832136),(0,38,897.7959159),(0,39,262.4859018),(0,40,399.7021134),(0,41,239.6591063),(0,42,70.59607733),(0,43,738.1607874),(0,44,237.3627665),(0,45,252.1260862),(0,46,297.6413145),(0,47,984.0849395),(0,48,102.2606522),(0,49,703.8618207),(0,50,730.9860044),(0,51,97.29171527),(0,52,580.2045734),(0,53,710.7094496),(0,54,847.189998),(0,55,49.06545844),(0,56,196.2584451),(0,57,850.1134248),(0,58,911.0522968),(0,59,397.3632452),(0,60,992.19261),(0,61,525.5239063),(0,62,474.1734061),(0,63,1004.868554),(0,64,289.9962411),(0,65,530.0744114),(0,66,725.914369),(0,67,46.72790014),(0,68,936.1255578),(0,69,69.00416032),(0,70,964.8619837),(0,71,365.9894698),(0,72,436.5494304),(0,73,477.5408803),(0,74,96.81649584),(0,75,540.4478657),(0,76,609.2605193),(0,77,318.7230061),(0,78,147.6251834),(0,79,174.2406411),(0,80,70.36191224),(0,81,860.4698165),(0,82,337.3197603),(0,83,227.1799922),(0,84,395.9101344),(0,85,51.27598302),(0,86,475.7047764),(0,87,10.17239206),(0,88,33.34533484),(0,89,599.8034411),(0,90,199.587316),(0,91,269.9152132),(0,92,877.8143157),(0,93,70.34804132),(0,94,530.6431815),(0,95,565.6975386),(0,96,685.5904231),(0,97,8.604135166),(0,98,466.318793),(0,99,50.79117192),(0,100,296.8456135),(0,101,760.8643784),(0,102,546.7954055),(0,103,571.7025401),(0,104,7.644901097),(0,105,897.7309033),(0,106,949.445598),(0,107,816.0919411),(0,108,392.6444442),(0,109,142.2314491),(0,110,446.7379985),(0,111,30.37693933),(0,112,203.4425947),(0,113,37.09860447),(0,114,771.9186048),(0,115,371.7951334),(0,116,871.6963681),(0,117,406.7123035),(0,118,109.3048142),(0,119,121.7345396),(0,120,212.6545232),(0,121,263.4685852),(0,122,315.2680417),(0,123,778.549877),(0,124,374.5413908),(0,125,379.2129338),(0,126,522.2121979),(0,127,861.4903227),(0,128,475.0430652),(0,129,114.7489006),(0,130,751.9267289),(0,131,855.2134866),(0,132,544.3004097),(0,133,503.7966775),(0,134,176.0083629),(0,135,473.0016152),(0,136,764.079143),(0,137,136.4666638),(0,138,671.2468572),(0,139,350.0322953),(0,140,733.5136848),(0,141,744.5858757),(0,142,183.2961357),(0,143,422.7623203),(0,144,518.8989306),(0,145,254.6206168),(0,146,565.1211337),(0,147,176.9083114),(0,148,552.0559732),(0,149,379.3709367),(0,150,498.5198234),(0,151,948.6959487),(0,152,359.7439507),(0,153,610.5891869),(0,154,247.7443554),(0,155,823.8064125),(0,156,572.1877806),(0,157,621.6567946),(0,158,67.31495122),(0,159,18.5131968),(0,160,907.3374288),(0,161,463.2069201),(0,162,693.9178162),(0,163,47.93216789),(0,164,465.5094672),(0,165,320.9905628),(0,166,653.2267969),(0,167,251.7950734),(0,168,798.5148168),(0,169,175.6476907),(0,170,858.5118921),(0,171,528.8589174),(0,172,937.0077049),(0,173,393.640939),(0,174,282.912729),(0,175,644.2074042),(0,176,451.5435437),(0,177,62.49959953),(0,178,402.8326768),(0,179,896.0946923),(0,180,639.1469335),(0,181,138.1597198),(0,182,553.1285182),(0,183,63.34962309),(0,184,459.7687704),(0,185,468.6886674),(0,186,163.0098712),(0,187,603.3812671),(0,188,136.5456316),(0,189,118.9346204),(0,190,790.0418815),(0,191,767.4464945),(0,192,9.620402249),(0,193,899.325441),(0,194,720.2465202),(0,195,184.217635),(0,196,245.8548765),(0,197,423.9162305),(0,198,9.14307963),(0,199,87.25519848),(0,200,183.1896164),(0,201,806.191211),(0,202,37.89223666),(0,203,259.2642119),(0,204,304.6272081),(0,205,373.1618033),(0,206,673.4792469),(0,207,873.7928753),(0,208,586.2761127),(0,209,442.3490388),(0,210,189.8257277),(0,211,498.1516384),(0,212,139.5343712),(0,213,588.5626286),(0,214,689.0923169),(0,215,112.930725),(0,216,421.6812986),(0,217,241.8413503),(0,218,970.0133969),(0,219,718.3078799),(0,220,456.3738979),(0,221,629.637137),(0,222,897.8372989),(0,223,247.8739338),(0,224,282.0703061),(0,225,402.8116459),(0,226,545.1005331),(0,227,667.4075027),(0,228,200.0262872),(0,229,649.5576078),(0,230,335.6725875),(0,231,755.8630305),(0,232,372.285936),(0,233,519.2880042),(0,234,474.8083382),(0,235,400.8948163),(0,236,451.9354551),(0,237,772.3348153),(0,238,395.9669278),(0,239,672.339324),(0,240,598.9756173),(0,241,306.6456842),(0,242,82.09551492),(0,243,418.2797448),(0,244,253.7791834),(0,245,62.94257868),(0,246,293.1177581),(0,247,126.9411558),(0,248,550.5294514),(0,249,959.4303453),(0,250,278.3650334),(0,251,763.9564633),(0,252,331.9142387),(0,253,242.2213499),(0,254,655.5910649),(0,255,348.9309607),(0,256,252.8892711),(0,257,489.5909743),(0,258,252.0699413),(0,259,360.080803),(0,260,461.1223279),(0,261,838.6155322),(0,262,274.9269789),(0,263,125.1487401),(0,264,743.9341183),(0,265,730.6290122),(0,266,515.8363716),(0,267,336.4873511),(0,268,567.3452082),(0,269,933.9202645),(0,270,546.3381695),(0,271,796.1006996),(0,272,842.273408),(0,273,397.5183993),(0,274,815.6865437),(0,275,690.0351064),(0,276,198.9522495),(0,277,965.052709),(0,278,29.79083109),(0,279,613.5324),(0,280,875.4727615),(0,281,841.1037598),(0,282,674.6193039),(0,283,475.8208058),(0,284,937.9327662),(0,285,917.6686534),(0,286,785.3562862),(0,287,20.13342805),(0,288,656.1175193),(0,289,763.349618),(0,290,114.6701748),(0,291,276.3851275),(0,292,103.0031378),(0,293,893.6473075),(0,294,561.564575),(0,295,439.06631),(0,296,51.36669425),(0,297,746.466782),(0,298,616.6256666),(0,299,398.6146821),(0,300,569.5667127),(0,301,119.3042048),(0,302,855.4684794),(0,303,399.6260899),(0,304,99.81758141),(0,305,20.34550573),(0,306,170.7353137),(0,307,112.9142586),(0,308,211.1784393),(0,309,343.7934949),(0,310,868.1812414),(0,311,319.001612),(0,312,677.0904592),(0,313,196.7899441),(0,314,59.39644631),(0,315,930.1380982),(0,316,238.9518235),(0,317,159.1393971),(0,318,493.9168047),(0,319,819.0089834),(0,320,642.4036969),(0,321,403.0410916),(0,322,971.7912377),(0,323,586.944625),(0,324,358.9768241),(0,325,80.73906951),(0,326,146.8980674),(0,327,204.6551256),(0,328,850.0218347),(0,329,478.4105708),(0,330,766.6713484),(0,331,378.8697772),(0,332,472.7471273),(0,333,767.857478),(0,334,200.1682616),(0,335,709.875972),(0,336,210.945894),(0,337,567.9681594),(0,338,308.5174104),(0,339,561.3513814),(0,340,792.6953167),(0,341,352.1202702),(0,342,15.70954054),(0,343,189.9219911),(0,344,225.5017286),(0,345,504.339727),(0,346,421.853535),(0,347,139.3155919),(0,348,793.7723064),(0,349,248.0910705),(0,350,974.7444678),(0,351,563.5730759),(0,352,526.8070517),(0,353,772.407695),(0,354,923.977671),(0,355,102.6556296),(0,356,825.7174495),(0,357,615.3298535),(0,358,68.95158195),(0,359,770.4024449),(0,360,611.3383071),(0,361,454.8405181),(0,362,766.5777095),(0,363,318.0009531),(0,364,908.3341439),(0,365,490.0665166),(0,366,67.92559664),(0,367,893.5962356),(0,368,465.7134959),(0,369,425.1226542),(0,370,214.5679507),(0,371,431.5826289),(0,372,374.1999903),(0,373,881.2256807),(0,374,804.4234241),(0,375,682.7223139),(0,376,904.4731011),(0,377,292.7170185),(0,378,83.6254522),(0,379,201.3560288),(0,380,654.1101536),(0,381,506.1264818),(0,382,48.76730397),(0,383,719.0671652),(0,384,472.3969883),(0,385,950.3458172),(0,386,962.6775588),(0,387,223.845406),(0,388,38.55322997),(0,389,931.8264652),(0,390,919.5593768),(0,391,209.1985927),(0,392,418.5989869),(0,393,374.9359411),(0,394,471.2146084),(0,395,799.029488),(0,396,273.3653895),(0,397,696.0571484),(0,398,242.0399954),(0,399,283.9668243),(0,400,442.5768635),(0,401,192.1979597),(0,402,198.2670395),(0,403,548.9212252),(0,404,945.1323506),(0,405,75.94504675),(0,406,136.3800436),(0,407,285.4705913),(0,408,964.8030536),(0,409,902.3847973),(0,410,411.0670013),(0,411,317.1220307),(0,412,273.6236026),(0,413,573.3832599),(0,414,381.3903516),(0,415,183.9726305),(0,416,643.8151856),(0,417,172.0632022),(0,418,986.4871735),(0,419,618.0188924),(0,420,33.60031113),(0,421,177.3671418),(0,422,344.2802512),(0,423,796.8073506),(0,424,343.3123599),(0,425,163.1291458),(0,426,688.4675455),(0,427,577.3211021),(0,428,468.7612625),(0,429,730.4067735),(0,430,151.3588873),(0,431,363.9138458),(0,432,1001.267332),(0,433,328.3644458),(0,434,282.8052815),(0,435,893.5651163),(0,436,28.98786683),(0,437,821.1134844),(0,438,322.7359599),(0,439,181.4827583),(0,440,892.6706898),(0,441,371.9636249),(0,442,385.0194315),(0,443,305.1724949),(0,444,978.4386529),(0,445,685.9056788),(0,446,552.115361),(0,447,915.013715),(0,448,843.8599103),(0,449,378.0923542),(0,450,479.2506236),(0,451,1002.529083),(0,452,98.89257429),(0,453,174.7548593),(0,454,274.0525402),(0,455,417.546813),(0,456,156.7553172),(0,457,63.4621612),(0,458,315.6012734),(0,459,885.1450727),(0,460,312.5147101),(0,461,124.7083408),(0,462,53.1297776),(0,463,108.9932569),(0,464,703.6673299),(0,465,867.7936964),(0,466,366.2281536),(0,467,369.6788391),(0,468,60.61289256),(0,469,664.0194554),(0,470,603.1437679),(0,471,168.3855278),(0,472,139.1995623),(0,473,128.6018953),(0,474,22.76247293),(0,475,330.8059718),(0,476,504.2676871),(0,477,24.35026754),(0,478,928.8120612),(0,479,986.6312517),(0,480,346.275878),(0,481,495.4475226),(0,482,425.5767025),(0,483,683.7910013),(0,484,678.5491989),(0,485,892.0568131),(0,486,554.8797437),(0,487,335.9723735),(0,488,94.44480177),(0,489,221.8576272),(0,490,908.102787),(0,491,883.6138354),(0,492,740.610534),(0,493,971.0354001),(0,494,270.9603244),(0,495,834.8746479),(0,496,537.6332972),(0,497,995.8924852),(0,498,246.9179202),(0,499,519.7676661),(0,500,49.5417732),(0,501,554.3016555),(0,502,619.9424638),(0,503,931.0323032),(0,504,1002.891186),(0,505,551.6692566),(0,506,481.5942878),(0,507,763.3715566),(0,508,943.9690355),(0,509,265.28238),(0,510,353.5038319),(0,511,83.02948098),(0,512,443.3856201),(0,513,620.1708972),(0,514,291.7094152),(0,515,971.0397005),(0,516,938.039419),(0,517,603.3397972),(0,518,454.7285493),(0,519,53.11135243),(0,520,922.437273),(0,521,441.7373694),(0,522,767.2097636),(0,523,606.7652076),(0,524,352.0961776),(0,525,792.633052),(0,526,164.1147313),(0,527,318.6455847),(0,528,17.98639236),(0,529,688.1771174),(0,530,806.8691399),(0,531,51.74174303),(0,532,261.2024877),(0,533,573.5207876),(0,534,718.4834275),(0,535,663.6037237),(0,536,902.9335633),(0,537,14.55831182),(0,538,777.214196),(0,539,151.3234228),(0,540,226.1896871),(0,541,527.9665649),(0,542,952.8383337),(0,543,61.12176653),(0,544,662.7823605),(0,545,849.0422177),(0,546,119.6583463),(0,547,107.3573883),(0,548,176.3739525),(0,549,191.3424978),(0,550,668.2647366),(0,551,665.0327515),(0,552,583.3328993),(0,553,80.54509159),(0,554,441.8128586),(0,555,446.8777489),(0,556,140.8643997),(0,557,588.2187549),(0,558,566.0978649),(0,559,689.9750157),(0,560,209.9420449),(0,561,521.5329281),(0,562,167.8719743),(0,563,277.5708564),(0,564,881.745628),(0,565,377.1583152),(0,566,100.50179),(0,567,798.7765748),(0,568,713.4205877),(0,569,695.0564459),(0,570,882.583031),(0,571,668.3006212),(0,572,590.4794738),(0,573,328.0548401),(0,574,60.60185621),(0,575,785.6852325),(0,576,198.1143672),(0,577,718.4152192),(0,578,369.0417661),(0,579,370.1075026),(0,580,138.0677117),(0,581,290.8360072),(0,582,84.73662185),(0,583,682.4744072),(0,584,312.9651214),(0,585,783.597718),(0,586,451.5789218),(0,587,813.4842548),(0,588,575.7068339),(0,589,483.6884189),(0,590,822.5603057),(0,591,197.5881095),(0,592,62.09575853),(0,593,966.5454291),(0,594,927.5335297),(0,595,285.9363869),(0,596,513.6432577),(0,597,865.4120603),(0,598,371.6559912),(0,599,35.05065276),(0,600,135.87793),(0,601,992.6305523),(0,602,524.3436247),(0,603,945.1321212),(0,604,327.0824061),(0,605,841.9887844),(0,606,572.3089039),(0,607,994.7517629),(0,608,328.9303535),(0,609,665.4081769),(0,610,902.5323793),(0,611,507.7668922),(0,612,674.2367901),(0,613,973.1344668),(0,614,235.7503553),(0,615,1000.05958),(0,616,563.5224373),(0,617,660.6810114),(0,618,568.4914988),(0,619,447.4829454),(0,620,830.1701992),(0,621,730.0004262),(0,622,885.4656867),(0,623,874.6736977),(0,624,505.0967799),(0,625,621.791187),(0,626,567.1046654),(0,627,434.3538212),(0,628,959.1401465),(0,629,501.6306567),(0,630,747.1097667),(0,631,768.3330145),(0,632,594.6965759),(0,633,523.627101),(0,634,679.6687001),(0,635,887.5544835),(0,636,541.5585661),(0,637,716.5296066),(0,638,650.7998245),(0,639,124.7118521),(0,640,189.9837002),(0,641,960.7032559),(0,642,55.07191751),(0,643,808.9784648),(0,644,445.8147991),(0,645,808.4907724),(0,646,932.2895296),(0,647,49.14249584),(0,648,368.5971396),(0,649,429.8534685),(0,650,319.640468),(0,651,112.6259883),(0,652,379.6042617),(0,653,893.0025483),(0,654,556.118958),(0,655,722.4733165),(0,656,220.2717295),(0,657,628.5540113),(0,658,904.4635216),(0,659,86.19667034),(0,660,505.2499299),(0,661,933.094474),(0,662,665.9579052),(0,663,462.1346611),(0,664,480.4329653),(0,665,478.1522326),(0,666,939.6873972),(0,667,564.1600239),(0,668,539.0730592),(0,669,991.3396954),(0,670,671.2282168),(0,671,13.85198226),(0,672,828.4182097),(0,673,793.3736632),(0,674,135.2735641),(0,675,502.3392684),(0,676,718.7480799),(0,677,967.2082788),(0,678,52.97494692),(0,679,703.7722162),(0,680,712.0871723),(0,681,47.57492814),(0,682,234.852231),(0,683,958.4746344),(0,684,45.25450431),(0,685,885.9264345),(0,686,448.4871559),(0,687,10.73412231),(0,688,971.5982494),(0,689,113.4782863),(0,690,198.7894791),(0,691,688.2266575),(0,692,803.2824805),(0,693,757.8299141),(0,694,466.9219239),(0,695,806.2205356),(0,696,368.7783488),(0,697,5.674192744),(0,698,63.83348304),(0,699,40.25682559),(0,700,282.5884101),(0,701,656.4986745),(0,702,59.32775241),(0,703,798.4649825),(0,704,584.3414143),(0,705,744.6238573),(0,706,941.1982088),(0,707,361.9085838),(0,708,888.2331257),(0,709,634.9797025),(0,710,761.2324436),(0,711,969.2897372),(0,712,867.3163371),(0,713,202.1769911),(0,714,689.383128),(0,715,463.8788959),(0,716,92.49049812),(0,717,728.4790968),(0,718,562.2000379),(0,719,560.1082284),(0,720,665.0944333),(0,721,519.7305595),(0,722,87.96290004),(0,723,599.839081),(0,724,370.7572644),(0,725,937.648595),(0,726,522.3583758),(0,727,610.7449477),(0,728,355.5222077),(0,729,796.4610038),(0,730,871.3102235),(0,731,655.4249022),(0,732,268.7959401),(0,733,511.6664364),(0,734,823.7473554),(0,735,979.8897289),(0,736,317.4691507),(0,737,211.4489277),(0,738,464.4291695),(0,739,943.260368),(0,740,31.28918575),(0,741,566.4186278),(0,742,191.7057718),(0,743,723.5757473),(0,744,355.7270826),(0,745,348.7475054),(0,746,977.4697551),(0,747,872.7870388),(0,748,211.1524626),(0,749,801.8803981),(0,750,484.1902749),(0,751,301.065743),(0,752,938.4274593),(0,753,619.1081706),(0,754,210.7963153),(0,755,218.5504526),(0,756,767.3021917),(0,757,612.4070297),(0,758,716.7287448),(0,759,548.5561405),(0,760,165.1936385),(0,761,5.461346303),(0,762,250.1901155),(0,763,895.7629786),(0,764,827.3057554),(0,765,448.0287141),(0,766,713.0588332),(0,767,666.7708483),(0,768,199.4364835),(0,769,700.066313),(0,770,645.082019),(0,771,481.1727716),(0,772,179.230993),(0,773,734.7245058),(0,774,597.1429665),(0,775,220.1932308),(0,776,382.2758795),(0,777,327.4344279),(0,778,698.0639239),(0,779,33.76682848),(0,780,998.6073519),(0,781,301.9645577),(0,782,609.1540453),(0,783,779.938894),(0,784,896.7081267),(0,785,859.8490267),(0,786,504.6031997),(0,787,51.66071682),(0,788,84.98151054),(0,789,827.8259285),(0,790,15.19589173),(0,791,943.3373717),(0,792,183.3796842),(0,793,997.7993745),(0,794,136.5503642),(0,795,202.0134184),(0,796,138.1813645),(0,797,619.7172837),(0,798,828.4304382),(0,799,426.639554),(0,800,654.7210274),(0,801,171.7268361),(0,802,596.7363959),(0,803,95.7870886),(0,804,351.9558653),(0,805,6.606478255),(0,806,843.6025418),(0,807,313.4823044),(0,808,534.0853208),(0,809,674.8867144),(0,810,271.7479817),(0,811,754.0176939),(0,812,144.5714359),(0,813,717.1414661),(0,814,96.88707276),(0,815,89.25269311),(0,816,39.74745955),(0,817,37.82022639),(0,818,688.6481262),(0,819,810.1945145),(0,820,326.9685424),(0,821,274.3180851),(0,822,390.6575889),(0,823,931.170913),(0,824,487.4090433),(0,825,716.94595),(0,826,237.0531989),(0,827,904.4737074),(0,828,313.2716974),(0,829,739.8167765),(0,830,640.9262235),(0,831,748.5070125),(0,832,130.0529346),(0,833,860.4451341),(0,834,475.8095764),(0,835,402.3978567),(0,836,567.7320712),(0,837,372.6109589),(0,838,665.6863752),(0,839,480.3089731),(0,840,25.17884296),(0,841,741.7770019),(0,842,251.3679496),(0,843,576.0445529),(0,844,344.6896157),(0,845,672.7669141),(0,846,872.6475117),(0,847,999.9016487),(0,848,549.2936119),(0,849,197.3900924),(0,850,312.0784896),(0,851,50.70549905),(0,852,385.7777592),(0,853,118.0017215),(0,854,648.1823606),(0,855,954.6463237),(0,856,384.0948122),(0,857,426.1987505),(0,858,745.2548292),(0,859,955.0803021),(0,860,303.8728473),(0,861,997.035042),(0,862,69.54906226),(0,863,781.3886415),(0,864,196.5406122),(0,865,884.7342956),(0,866,241.1833954),(0,867,799.9620122),(0,868,834.6180441),(0,869,646.9685485),(0,870,746.3968947),(0,871,41.12668488),(0,872,303.8912306),(0,873,787.2695347),(0,874,768.0621831),(0,875,862.5644396),(0,876,932.9545109),(0,877,348.0103776),(0,878,998.7652293),(0,879,266.5014757),(0,880,642.6248422),(0,881,774.4946308),(0,882,862.8194956),(0,883,485.0222244),(0,884,197.3507444),(0,885,902.3774596),(0,886,210.4040863),(0,887,355.6499901),(0,888,712.4286675),(0,889,514.5390813),(0,890,939.5788114),(0,891,148.5022157),(0,892,572.6105101),(0,893,514.4867085),(0,894,392.272599),(0,895,602.4181422),(0,896,774.2283678),(0,897,625.4167846),(0,898,132.7741627),(0,899,436.2895857),(0,900,743.785408),(0,901,530.2652264),(0,902,397.1163951),(0,903,659.115554),(0,904,170.3398055),(0,905,97.80729379),(0,906,607.6007139),(0,907,165.0904924),(0,908,370.5223465),(0,909,350.6312525),(0,910,247.1478602),(0,911,223.2152101),(0,912,202.0795992),(0,913,496.1635511),(0,914,281.0631896),(0,915,336.6262984),(0,916,366.4615468),(0,917,424.0827535),(0,918,449.5842876),(0,919,129.1396174),(0,920,812.7288473),(0,921,131.6628122),(0,922,293.4115321),(0,923,276.3679343),(0,924,334.5071972),(0,925,345.022115),(0,926,679.3435695),(0,927,82.60414285),(0,928,203.0114506),(0,929,756.7335434),(0,930,634.4057917),(0,931,295.1831387),(0,932,434.3358929),(0,933,138.6409005),(0,934,296.901806),(0,935,150.0592193),(0,936,251.7360415),(0,937,818.8177765),(0,938,32.22121633),(0,939,121.952726),(0,940,386.4289484),(0,941,277.5144607),(0,942,700.741107),(0,943,280.7679923),(0,944,41.5925247),(0,945,261.6048925),(0,946,341.865889),(0,947,975.2959855),(0,948,559.5805998),(0,949,457.5043822),(0,950,528.0312435),(0,951,804.4767818),(0,952,375.339988),(0,953,245.0712751),(0,954,495.9354284),(0,955,435.4557113),(0,956,52.87304346),(0,957,514.7084212),(0,958,838.9088496),(0,959,961.0876247),(0,960,251.5129474),(0,961,842.6563993),(0,962,689.2006389),(0,963,314.4846168),(0,964,340.7583102),(0,965,530.1075483),(0,966,134.2739389),(0,967,733.6698082),(0,968,802.2698922),(0,969,736.3858405),(0,970,390.9109269),(0,971,195.6885125),(0,972,776.250695),(0,973,848.0233844),(0,974,972.155454),(0,975,725.2400917),(0,976,259.4845542),(0,977,555.5721077),(0,978,960.4104571),(0,979,809.3297872),(0,980,876.3120405),(0,981,92.1555416),(0,982,192.3547913),(0,983,745.9340302),(0,984,217.2746585),(0,985,726.423369),(0,986,37.75444905),(0,987,162.376054),(0,988,466.8911554),(0,989,147.7871324),(0,990,281.564635),(0,991,210.3815057),(0,992,235.427211),(0,993,836.9956274),(0,994,20.05071904),(0,995,258.9781302),(0,996,947.7590848),(0,997,274.4332817),(0,998,360.9487605),(0,999,840.4969303),(0,1000,665.6669108),(0,1001,642.9975379),(0,1002,929.9679872),(0,1003,965.7891671),(0,1004,88.24021601),(0,1005,164.4338626),(0,1006,878.2631742),(0,1007,1004.097343),(0,1008,107.7197984),(0,1009,664.5535834),(0,1010,537.6649794),(0,1011,29.419412),(0,1012,232.2942578),(0,1013,200.0474044),(0,1014,62.57634868),(0,1015,808.3470596),(0,1016,941.6695915),(0,1017,832.4461703),(0,1018,951.6672735),(0,1019,670.7894158),(0,1020,611.6885246),(0,1021,684.2608524),(0,1022,849.2791976),(0,1023,179.299587),(0,1024,531.5641173),(0,1025,443.9683037),(0,1026,349.0863011),(0,1027,681.1117852),(0,1028,300.2092002),(0,1029,231.2176652),(0,1030,668.4901005),(0,1031,93.45524384),(0,1032,62.05785642),(0,1033,957.5746277),(0,1034,269.2875064),(0,1035,745.7574088),(0,1036,428.4484811),(0,1037,665.5967711),(0,1038,878.2380206),(0,1039,14.07333565),(0,1040,148.7419574),(0,1041,88.43829433),(0,1042,48.57280967),(0,1043,365.321029),(0,1044,388.2482557),(0,1045,318.2471097),(0,1046,870.5298071),(0,1047,559.0058315),(0,1048,236.9372248),(0,1049,782.2178959),(0,1050,442.4299242),(0,1051,640.0475133),(0,1052,523.6387437),(0,1053,596.0263281),(0,1054,420.707186),(0,1055,414.508241),(0,1056,49.82694805),(0,1057,86.7118592),(0,1058,990.3215501),(0,1059,294.8771476),(0,1060,695.5579357),(0,1061,190.4446216),(0,1062,357.3768864),(0,1063,282.6097884),(0,1064,263.4854158),(0,1065,263.2814208),(0,1066,443.9646088),(0,1067,975.7246323),(0,1068,43.97785016),(0,1069,194.663234),(0,1070,33.16045471),(0,1071,679.5143607),(0,1072,972.9027878),(0,1073,422.115207),(0,1074,590.5197125),(0,1075,556.582778),(0,1076,165.8615476),(0,1077,37.41985418),(0,1078,762.7107182),(0,1079,973.7043854),(0,1080,309.198813),(0,1081,1003.574069),(0,1082,741.7129822),(0,1083,833.1950075),(0,1084,556.2666583),(0,1085,169.836915),(0,1086,768.0929216),(0,1087,566.4670273),(0,1088,766.1876318),(0,1089,431.7022015),(0,1090,145.7766807),(0,1091,654.7620641),(0,1092,471.7858375),(0,1093,907.5208472),(0,1094,331.1980313),(0,1095,755.0686152),(0,1096,387.834466),(0,1097,557.4812382),(0,1098,285.0403183),(0,1099,560.5211184),(1,0,363.4673676),(1,1,452.6908275),(1,2,563.9138436),(1,3,155.4318437),(1,4,233.1555675),(1,5,520.6864036),(1,6,394.1802496),(1,7,47.98635727),(1,8,840.3427634),(1,9,180.8333905),(1,10,85.15581547),(1,11,492.3005965),(1,12,338.7882568),(1,13,915.3920787),(1,14,838.8336488),(1,15,39.48011623),(1,16,1002.98671),(1,17,805.6237457),(1,18,361.8142164),(1,19,461.0991891),(1,20,857.887247),(1,21,735.4853504),(1,22,257.2419784),(1,23,601.3883018),(1,24,506.37489),(1,25,115.0858621),(1,26,176.2772946),(1,27,498.5038391),(1,28,596.8890232),(1,29,223.4192869),(1,30,942.8747537),(1,31,607.5022914),(1,32,256.364777),(1,33,364.4307438),(1,34,478.7774344),(1,35,91.80851841),(1,36,443.5812387),(1,37,165.3333259),(1,38,217.9167748),(1,39,749.1766454),(1,40,402.2775839),(1,41,556.5324664),(1,42,490.4876105),(1,43,539.0163607),(1,44,629.5823273),(1,45,29.94105928),(1,46,463.3085863),(1,47,51.54435635),(1,48,813.6739725),(1,49,139.5050827),(1,50,850.5451269),(1,51,794.2088261),(1,52,445.663211),(1,53,746.5119459),(1,54,768.0607442),(1,55,84.35028068),(1,56,877.725756),(1,57,555.2036775),(1,58,9.991955647),(1,59,786.4546947),(1,60,740.5804947),(1,61,569.9544786),(1,62,432.2054573),(1,63,997.0591111),(1,64,48.37081876),(1,65,637.2015863),(1,66,876.5634579),(1,67,47.34024824),(1,68,685.7019243),(1,69,927.5894258),(1,70,339.9509295),(1,71,736.7063034),(1,72,477.3673919),(1,73,82.90900743),(1,74,36.20273346),(1,75,143.506116),(1,76,319.1917732),(1,77,123.6677319),(1,78,118.2253177),(1,79,416.0033117),(1,80,887.494673),(1,81,601.573625),(1,82,735.5609118),(1,83,757.5898944),(1,84,682.0421743),(1,85,106.8996142),(1,86,208.3289405),(1,87,466.2670049),(1,88,497.3677349),(1,89,264.7257393),(1,90,312.5130907),(1,91,345.8767139),(1,92,37.79381049),(1,93,988.4105502),(1,94,801.3411136),(1,95,824.6475297),(1,96,8.74546227),(1,97,415.9445219),(1,98,70.28261216),(1,99,703.2812356),(1,100,428.5544959),(1,101,432.3508858),(1,102,796.9040118),(1,103,276.3234304),(1,104,214.3162638),(1,105,854.6864525),(1,106,658.8031874),(1,107,962.2136736),(1,108,825.8437752),(1,109,672.8248575),(1,110,496.2598917),(1,111,865.0668809),(1,112,990.1296714),(1,113,296.6352299),(1,114,320.0751657),(1,115,589.8597378),(1,116,899.7469486),(1,117,410.9430074),(1,118,771.6926637),(1,119,179.5427593),(1,120,853.7294164),(1,121,645.462099),(1,122,774.3305975),(1,123,711.9777326),(1,124,732.4172752),(1,125,189.7598381),(1,126,974.1718084),(1,127,523.3128339),(1,128,416.1576621),(1,129,434.1347478),(1,130,296.4278038),(1,131,464.2428884),(1,132,349.7794113),(1,133,695.2496325),(1,134,515.9071161),(1,135,24.64680032),(1,136,253.52998),(1,137,876.8632977),(1,138,15.97604553),(1,139,346.0311423),(1,140,735.9813971),(1,141,770.3771736),(1,142,838.1516876),(1,143,385.8424623),(1,144,757.6079103),(1,145,42.92683669),(1,146,782.9857135),(1,147,405.9513461),(1,148,673.1669495),(1,149,211.0581252),(1,150,343.9372355),(1,151,470.6140383),(1,152,601.6703587),(1,153,489.1395688),(1,154,260.7779641),(1,155,299.7280879),(1,156,479.7035162),(1,157,101.3873534),(1,158,311.4342267),(1,159,521.6217562),(1,160,427.1388091),(1,161,759.346308),(1,162,922.6708272),(1,163,448.1108387),(1,164,151.4516788),(1,165,617.3920529),(1,166,545.1221977),(1,167,544.1072924),(1,168,880.1814011),(1,169,201.2445941),(1,170,147.5731938),(1,171,145.4561542),(1,172,455.2006366),(1,173,117.6401306),(1,174,163.4811871),(1,175,90.44791987),(1,176,437.1889185),(1,177,779.1045691),(1,178,278.0627636),(1,179,632.4592691),(1,180,102.3791024),(1,181,121.6205905),(1,182,888.0662412),(1,183,109.0813321),(1,184,431.2119687),(1,185,292.2129045),(1,186,850.6173332),(1,187,550.5207029),(1,188,604.1850731),(1,189,706.9530606),(1,190,41.65253944),(1,191,974.5325034),(1,192,865.6547153),(1,193,702.5735109),(1,194,165.8103166),(1,195,492.781448),(1,196,644.245368),(1,197,748.12402),(1,198,987.9348227),(1,199,375.2183782),(1,200,153.5282689),(1,201,541.9118691),(1,202,225.31538),(1,203,159.0461529),(1,204,649.8619975),(1,205,866.6187038),(1,206,769.0017077),(1,207,21.70870916),(1,208,301.5804838),(1,209,747.3077479),(1,210,709.0190366),(1,211,889.3119639),(1,212,664.5821956),(1,213,369.1268067),(1,214,555.5143532),(1,215,270.9487935),(1,216,439.8565875),(1,217,656.9300914),(1,218,645.990381),(1,219,936.9304947),(1,220,263.5794831),(1,221,763.5944582),(1,222,867.3467752),(1,223,267.0245347),(1,224,721.3316948),(1,225,633.8325372),(1,226,921.6918464),(1,227,569.4420207),(1,228,640.346074),(1,229,768.3884803),(1,230,876.4275878),(1,231,520.9029047),(1,232,794.5514843),(1,233,281.7775013),(1,234,194.9597949),(1,235,782.4157209),(1,236,689.1382095),(1,237,316.2768351),(1,238,435.6159667),(1,239,356.6668263),(1,240,504.3630833),(1,241,372.0478792),(1,242,998.4622044),(1,243,624.3164646),(1,244,965.2248324),(1,245,96.15358447),(1,246,701.3408165),(1,247,952.8796145),(1,248,849.112528),(1,249,89.29102184),(1,250,545.9504235),(1,251,812.6147983),(1,252,734.1320136),(1,253,405.995405),(1,254,475.8793399),(1,255,425.6739218),(1,256,581.4719046),(1,257,423.7364025),(1,258,910.5149855),(1,259,11.68663603),(1,260,356.9624718),(1,261,288.5167125),(1,262,42.58767871),(1,263,86.73655996),(1,264,914.0764554),(1,265,836.8730978),(1,266,547.5381802),(1,267,496.0794227),(1,268,470.0814497),(1,269,261.3851364),(1,270,162.8970108),(1,271,39.68480185),(1,272,500.5780848),(1,273,51.34059976),(1,274,801.3739939),(1,275,916.2204898),(1,276,20.53148447),(1,277,955.2137513),(1,278,345.8360913),(1,279,506.6978315),(1,280,873.7886247),(1,281,147.9678849),(1,282,893.6346565),(1,283,264.6236132),(1,284,505.3681647),(1,285,240.5536955),(1,286,577.8101406),(1,287,610.7884957),(1,288,55.73352285),(1,289,745.6023733),(1,290,271.6340931),(1,291,174.2152453),(1,292,569.5946949),(1,293,829.1437),(1,294,88.15633409),(1,295,827.4983996),(1,296,800.8674739),(1,297,799.5852349),(1,298,752.3391132),(1,299,224.091914),(1,300,669.1808402),(1,301,410.0714837),(1,302,119.1381597),(1,303,246.4573961),(1,304,537.9538691),(1,305,526.8871599),(1,306,706.6974264),(1,307,947.3069792),(1,308,598.8994173),(1,309,323.8565512),(1,310,714.6554883),(1,311,755.9409296),(1,312,722.1655707),(1,313,969.5837032),(1,314,429.9783251),(1,315,723.9474821),(1,316,279.8877538),(1,317,695.3087548),(1,318,293.8908953),(1,319,379.3118335),(1,320,253.2240814),(1,321,123.5235512),(1,322,72.63963836),(1,323,870.8782654),(1,324,805.6373789),(1,325,814.1438194),(1,326,607.8848051),(1,327,143.6602275),(1,328,829.2149119),(1,329,741.4394266),(1,330,957.5624803),(1,331,248.2936842),(1,332,238.9272407),(1,333,772.4239719),(1,334,418.6023138),(1,335,97.01004346),(1,336,734.5933868),(1,337,959.5486441),(1,338,435.8366801),(1,339,206.9912396),(1,340,637.992458),(1,341,589.7496833),(1,342,300.1097219),(1,343,249.6411863),(1,344,422.8153668),(1,345,850.7282159),(1,346,510.3139835),(1,347,579.7468693),(1,348,512.8175529),(1,349,255.6046757),(1,350,855.2394935),(1,351,200.7603852),(1,352,961.0170949),(1,353,157.5973684),(1,354,55.57331121),(1,355,39.81307348),(1,356,498.2282262),(1,357,738.4857584),(1,358,347.7100016),(1,359,54.91629747),(1,360,369.4318276),(1,361,913.03975),(1,362,983.0842942),(1,363,359.62933),(1,364,697.6937768),(1,365,457.9957542),(1,366,407.4763654),(1,367,18.86215024),(1,368,131.1885962),(1,369,818.8695826),(1,370,311.4421578),(1,371,220.774718),(1,372,366.1814203),(1,373,420.720426),(1,374,318.834462),(1,375,852.7137681),(1,376,539.8487076),(1,377,83.73357136),(1,378,290.2767264),(1,379,905.0160297),(1,380,216.8362376),(1,381,525.3534565),(1,382,626.6666634),(1,383,91.76208866),(1,384,857.7354201),(1,385,900.3954321),(1,386,316.0026098),(1,387,646.5708935),(1,388,688.6830731),(1,389,25.62425942),(1,390,157.7523756),(1,391,314.6425162),(1,392,101.4523612),(1,393,835.2758806),(1,394,846.937126),(1,395,209.6969181),(1,396,84.91437076),(1,397,586.6550592),(1,398,499.3253463),(1,399,236.0065148),(1,400,828.6520989),(1,401,43.7602098),(1,402,644.5924319),(1,403,315.6972586),(1,404,129.6169158),(1,405,121.3488264),(1,406,917.343536),(1,407,687.2733234),(1,408,949.5773871),(1,409,683.9080969),(1,410,683.8492973),(1,411,590.7367301),(1,412,123.6021558),(1,413,36.27846967),(1,414,139.2462794),(1,415,402.5247382),(1,416,168.5966864),(1,417,356.6570306),(1,418,217.498944),(1,419,926.3664671),(1,420,428.78088),(1,421,736.7854358),(1,422,142.3353998),(1,423,484.987309),(1,424,239.1507556),(1,425,465.44222),(1,426,868.5186802),(1,427,336.6427865),(1,428,37.07241633),(1,429,16.34860827),(1,430,229.327373),(1,431,558.6302043),(1,432,197.3693538),(1,433,581.5685964),(1,434,317.8044618),(1,435,70.79422305),(1,436,724.5567583),(1,437,291.4940617),(1,438,321.2526085),(1,439,842.8834042),(1,440,681.4411997),(1,441,537.2591525),(1,442,723.8733942),(1,443,671.2232704),(1,444,787.392919),(1,445,617.4331515),(1,446,162.5726436),(1,447,767.3143118),(1,448,582.0480717),(1,449,567.7381708),(1,450,179.2079436),(1,451,689.8523882),(1,452,171.6913574),(1,453,223.8361131),(1,454,779.2132062),(1,455,848.7426493),(1,456,551.8775693),(1,457,853.7861074),(1,458,11.78956551),(1,459,539.0336625),(1,460,356.9789083),(1,461,111.8034487),(1,462,850.8455191),(1,463,146.4625977),(1,464,253.9138947),(1,465,602.3002183),(1,466,437.7403206),(1,467,462.6774155),(1,468,461.4190771),(1,469,83.29220987),(1,470,379.162251),(1,471,903.3847902),(1,472,759.4188352),(1,473,113.744855),(1,474,356.9093277),(1,475,314.009445),(1,476,933.3870371),(1,477,650.6371497),(1,478,352.3946789),(1,479,878.0787292),(1,480,431.6196939),(1,481,274.1483428),(1,482,305.5542717),(1,483,617.1633733),(1,484,829.9356865),(1,485,42.29842491),(1,486,889.7575189),(1,487,538.3068274),(1,488,12.66659911),(1,489,78.43561903),(1,490,855.1206193),(1,491,643.3418079),(1,492,489.6135334),(1,493,677.0160649),(1,494,688.4947412),(1,495,279.5801717),(1,496,410.034064),(1,497,378.3897831),(1,498,245.7123118),(1,499,170.7985895),(1,500,413.1472833),(1,501,632.450905),(1,502,203.9895119),(1,503,477.6927288),(1,504,639.3904358),(1,505,105.6395765),(1,506,65.49896959),(1,507,835.7001681),(1,508,235.8012498),(1,509,164.2544519),(1,510,793.8743071),(1,511,419.8538998),(1,512,681.1416094),(1,513,600.4933789),(1,514,248.6910877),(1,515,947.3758589),(1,516,398.8347982),(1,517,600.6645195),(1,518,352.8843257),(1,519,350.8336486),(1,520,472.313641),(1,521,391.3982642),(1,522,402.2054088),(1,523,102.7733882),(1,524,391.1461286),(1,525,697.2375063),(1,526,298.5555032),(1,527,20.98849695),(1,528,799.6063508),(1,529,702.3882975),(1,530,448.6478469),(1,531,844.7157579),(1,532,908.0191176),(1,533,77.40685751),(1,534,885.6498867),(1,535,891.0979534),(1,536,171.3456375),(1,537,778.5885439),(1,538,725.6009123),(1,539,105.7332994),(1,540,715.2744942),(1,541,492.3249446),(1,542,452.1370119),(1,543,865.9735983),(1,544,250.8743547),(1,545,697.4355968),(1,546,637.7632749),(1,547,46.47469562),(1,548,144.2445535),(1,549,493.1307162),(1,550,112.589839),(1,551,344.3922923),(1,552,137.8644324),(1,553,202.2981173),(1,554,157.2754087),(1,555,630.3417104),(1,556,761.6364986),(1,557,523.885522),(1,558,90.88175186),(1,559,345.3218308),(1,560,308.3220586),(1,561,370.5831557),(1,562,55.36364719),(1,563,213.4430687),(1,564,398.7973028),(1,565,964.8518384),(1,566,740.776573),(1,567,147.1030159),(1,568,237.6960153),(1,569,395.6664705),(1,570,325.6652846),(1,571,371.3231902),(1,572,899.3515333),(1,573,487.293515),(1,574,805.2105103),(1,575,720.0531502),(1,576,370.9749093),(1,577,157.678328),(1,578,486.0735666),(1,579,976.0720534),(1,580,373.7261927),(1,581,619.337328),(1,582,756.373751),(1,583,766.3550945),(1,584,814.6342785),(1,585,556.0155705),(1,586,840.0267213),(1,587,89.38784131),(1,588,912.1538402),(1,589,450.9474548),(1,590,362.0869906),(1,591,71.47583697),(1,592,137.7164197),(1,593,951.7566672),(1,594,710.9893958),(1,595,26.41963502),(1,596,930.4448285),(1,597,538.4308932),(1,598,20.71201501),(1,599,634.9111718),(1,600,304.034489),(1,601,512.2313661),(1,602,926.0870206),(1,603,789.5701779),(1,604,988.381382),(1,605,862.3017402),(1,606,866.8630206),(1,607,126.3420507),(1,608,349.6516595),(1,609,782.2295593),(1,610,324.0350501),(1,611,173.1814211),(1,612,825.2288051),(1,613,988.0407605),(1,614,348.2408252),(1,615,692.886349),(1,616,15.72354532),(1,617,920.428742),(1,618,903.1468967),(1,619,304.9851035),(1,620,528.3408659),(1,621,92.65376347),(1,622,20.7867886),(1,623,80.28120383),(1,624,350.3249324),(1,625,57.47186633),(1,626,270.6783778),(1,627,265.3087779),(1,628,629.6654528),(1,629,817.9538374),(1,630,347.8470659),(1,631,249.248848),(1,632,852.3516631),(1,633,660.4375811),(1,634,628.8346906),(1,635,674.2439271),(1,636,930.2656864),(1,637,338.891687),(1,638,398.9663932),(1,639,217.1467192),(1,640,941.346025),(1,641,6.993738354),(1,642,478.1179841),(1,643,861.5648091),(1,644,598.5484686),(1,645,176.9418973),(1,646,399.7192893),(1,647,910.6104879),(1,648,666.2361619),(1,649,385.7830276),(1,650,342.3079673),(1,651,574.748985),(1,652,210.7646547),(1,653,397.7394346),(1,654,648.1126671),(1,655,363.4155336),(1,656,967.9221495),(1,657,400.2289847),(1,658,59.56221504),(1,659,750.212403),(1,660,940.9723336),(1,661,580.726201),(1,662,367.6814553),(1,663,865.9736981),(1,664,981.3946663),(1,665,570.596799),(1,666,119.3080218),(1,667,862.2490427),(1,668,419.4562823),(1,669,929.6123541),(1,670,552.7192096),(1,671,403.8309505),(1,672,309.102703),(1,673,428.1653815),(1,674,95.10132429),(1,675,827.6616047),(1,676,404.1216641),(1,677,772.270186),(1,678,679.8636859),(1,679,590.0261495),(1,680,520.5210946),(1,681,541.7159868),(1,682,101.689642),(1,683,523.2799118),(1,684,566.3985652),(1,685,416.4944013),(1,686,810.575693),(1,687,498.9855731),(1,688,71.38428705),(1,689,118.8124999),(1,690,963.4372934),(1,691,811.135634),(1,692,164.4612157),(1,693,730.2390391),(1,694,918.8506501),(1,695,315.1952575),(1,696,532.6341577),(1,697,320.0133236),(1,698,807.9776806),(1,699,811.8530484),(1,700,338.8170271),(1,701,65.93343355),(1,702,281.1037785),(1,703,236.1272462),(1,704,330.3441835),(1,705,471.1434258),(1,706,439.6796084),(1,707,626.5858592),(1,708,400.1137657),(1,709,418.4533587),(1,710,810.3939807),(1,711,752.9376817),(1,712,467.8335284),(1,713,168.8703861),(1,714,553.0134873),(1,715,53.59922641),(1,716,130.3338513),(1,717,546.3995907),(1,718,937.4378552),(1,719,496.330402),(1,720,975.3823311),(1,721,193.3549181),(1,722,342.4159259),(1,723,823.8388889),(1,724,913.4073729),(1,725,585.3068032),(1,726,828.9613478),(1,727,170.8159992),(1,728,529.9772866),(1,729,72.7502419),(1,730,167.2954773),(1,731,376.9434885),(1,732,49.87011161),(1,733,538.3992367),(1,734,247.2010819),(1,735,709.7227143),(1,736,748.1743924),(1,737,129.2282732),(1,738,638.4015879),(1,739,790.1004806),(1,740,691.3579889),(1,741,905.8852148),(1,742,39.27810347),(1,743,627.56505),(1,744,277.1553327),(1,745,498.9817635),(1,746,767.9184417),(1,747,631.9479044),(1,748,733.0364386),(1,749,180.97587),(1,750,643.5658067),(1,751,980.9632862),(1,752,180.5636039),(1,753,601.9975885),(1,754,865.4956986),(1,755,702.9004476),(1,756,34.9478229),(1,757,332.2956039),(1,758,677.3139565),(1,759,122.2803688),(1,760,185.3091884),(1,761,915.6749363),(1,762,911.2881694),(1,763,438.3231772),(1,764,170.1267858),(1,765,69.36779046),(1,766,517.7401928),(1,767,521.557432),(1,768,458.4495022),(1,769,257.0749323),(1,770,841.8158862),(1,771,159.1342145),(1,772,659.0514159),(1,773,441.6944479),(1,774,581.6784786),(1,775,516.7177671),(1,776,902.1764623),(1,777,761.0451725),(1,778,537.6549659),(1,779,343.4559971),(1,780,443.6948366),(1,781,221.1267399),(1,782,436.3637039),(1,783,552.1197037),(1,784,82.76446905),(1,785,453.3155845),(1,786,45.64101427),(1,787,929.0726089),(1,788,777.1837123),(1,789,274.5901555),(1,790,794.6539011),(1,791,673.060719),(1,792,462.906426),(1,793,510.8235793),(1,794,906.0260229),(1,795,965.6660453),(1,796,454.1430595),(1,797,990.4729938),(1,798,871.0626907),(1,799,971.6308608),(1,800,356.9336029),(1,801,869.0131125),(1,802,513.0661494),(1,803,779.3196239),(1,804,604.83742),(1,805,231.3467801),(1,806,309.1125663),(1,807,914.9052831),(1,808,753.6998434),(1,809,998.9798216),(1,810,602.7903528),(1,811,933.2322999),(1,812,364.6996908),(1,813,370.7390559),(1,814,635.4017228),(1,815,558.0175563),(1,816,172.4043034),(1,817,972.2076108),(1,818,247.3331766),(1,819,923.1393494),(1,820,518.2844865),(1,821,79.22479606),(1,822,283.5882389),(1,823,575.0624476),(1,824,470.3160475),(1,825,870.8705229),(1,826,687.1197543),(1,827,400.1309788),(1,828,481.0004764),(1,829,466.7197348),(1,830,86.56017381),(1,831,942.2602269),(1,832,936.1434708),(1,833,986.0366704),(1,834,823.8875924),(1,835,597.0282615),(1,836,322.086571),(1,837,879.2884695),(1,838,769.9640434),(1,839,214.0745903),(1,840,605.3157304),(1,841,179.4341099),(1,842,594.5276761),(1,843,495.1252225),(1,844,933.3341467),(1,845,574.8635473),(1,846,492.2456605),(1,847,356.9921023),(1,848,616.7050844),(1,849,406.3481132),(1,850,556.3432489),(1,851,331.8293623),(1,852,407.0060609),(1,853,585.2379918),(1,854,824.8064135),(1,855,698.0027992),(1,856,622.7066117),(1,857,509.2720087),(1,858,408.2936086),(1,859,562.7930035),(1,860,240.4608594),(1,861,579.8844426),(1,862,808.7618631),(1,863,116.7702458),(1,864,405.0715198),(1,865,844.9933097),(1,866,947.997981),(1,867,951.5779932),(1,868,168.3542097),(1,869,563.8737094),(1,870,805.4694494),(1,871,14.62424599),(1,872,192.2783559),(1,873,186.9089787),(1,874,140.8481877),(1,875,763.4986364),(1,876,926.9277835),(1,877,994.2106457),(1,878,96.06697598),(1,879,178.0487327),(1,880,54.30094402),(1,881,31.29763002),(1,882,541.443215),(1,883,832.3916501),(1,884,647.66216),(1,885,314.8910197),(1,886,733.056423),(1,887,60.0917403),(1,888,906.6152968),(1,889,675.7019986),(1,890,210.5784107),(1,891,22.41241167),(1,892,98.55211631),(1,893,612.1905117),(1,894,523.7191245),(1,895,774.4796536),(1,896,308.4576879),(1,897,561.7958127),(1,898,413.3825643),(1,899,937.8211649),(1,900,993.8228431),(1,901,429.5882978),(1,902,340.932726),(1,903,387.6936848),(1,904,935.3618805),(1,905,930.4022592),(1,906,687.4793272),(1,907,584.4834717),(1,908,721.8701879),(1,909,469.687235),(1,910,83.54010051),(1,911,912.9123733),(1,912,858.4445948),(1,913,905.4053457),(1,914,60.20204423),(1,915,100.8278725),(1,916,832.9680557),(1,917,484.5047618),(1,918,706.5454538),(1,919,41.43596623),(1,920,375.2387031),(1,921,429.4908893),(1,922,578.1457141),(1,923,130.4938654),(1,924,63.53979818),(1,925,826.2949444),(1,926,445.8240559),(1,927,978.833889),(1,928,656.620771),(1,929,656.9847769),(1,930,12.37535177),(1,931,61.56420155),(1,932,133.3409761),(1,933,782.4437115),(1,934,864.5406965),(1,935,565.0401616),(1,936,55.13640677),(1,937,106.2799681),(1,938,651.473876),(1,939,864.4548606),(1,940,751.6034492),(1,941,113.4287179),(1,942,1001.69113),(1,943,318.5060657),(1,944,903.2520375),(1,945,83.79462776),(1,946,288.7354807),(1,947,24.86435843),(1,948,928.6537526),(1,949,95.04840408),(1,950,236.9729716),(1,951,849.4461819),(1,952,974.1134051),(1,953,412.7918135),(1,954,27.73707364),(1,955,35.54133334),(1,956,233.515564),(1,957,790.8543047),(1,958,683.4545258),(1,959,201.2416224),(1,960,5.562789766),(1,961,833.3161949),(1,962,145.4096633),(1,963,277.8885925),(1,964,502.1699108),(1,965,724.9529459),(1,966,342.823329),(1,967,105.2969648),(1,968,636.6480815),(1,969,466.3991296),(1,970,100.7510204),(1,971,788.0218227),(1,972,634.2995282),(1,973,725.2062239),(1,974,164.0326899),(1,975,263.1307655),(1,976,667.0482945),(1,977,524.1852621),(1,978,530.7377675),(1,979,670.8418231),(1,980,282.6843509),(1,981,921.7223016),(1,982,67.42834036),(1,983,780.0207577),(1,984,21.04083496),(1,985,798.4532475),(1,986,475.4146018),(1,987,34.76511563),(1,988,55.60116589),(1,989,1001.039059),(1,990,270.0761325),(1,991,616.842214),(1,992,108.4530918),(1,993,380.4931726),(1,994,692.0514541),(1,995,329.5848461),(1,996,661.6476126),(1,997,845.7689899),(1,998,462.1074523),(1,999,462.0706548),(1,1000,60.99719409),(1,1001,314.9675155),(1,1002,459.4489087),(1,1003,363.3040771),(1,1004,16.05158768),(1,1005,950.3177909),(1,1006,996.4491476),(1,1007,73.86971563),(1,1008,714.4162237),(1,1009,354.4092589),(1,1010,478.8728443),(1,1011,732.1961328),(1,1012,489.5318312),(1,1013,269.4872699),(1,1014,844.1883665),(1,1015,340.1688813),(1,1016,871.583402),(1,1017,244.9378273),(1,1018,733.1312251),(1,1019,75.0790108),(1,1020,235.5879187),(1,1021,292.9264246),(1,1022,881.2446399),(1,1023,576.8373457),(1,1024,108.1312512),(1,1025,671.8547502),(1,1026,316.0298819),(1,1027,412.6766039),(1,1028,175.3440208),(1,1029,224.1957256),(1,1030,157.3221525),(1,1031,737.3438574),(1,1032,762.5441382),(1,1033,353.2885747),(1,1034,116.4342335),(1,1035,617.828048),(1,1036,669.0368937),(1,1037,949.0023603),(1,1038,327.0794784),(1,1039,985.490488),(1,1040,799.8179354),(1,1041,924.4329102),(1,1042,823.575985),(1,1043,715.3329416),(1,1044,759.3173418),(1,1045,794.1050922),(1,1046,571.3421633),(1,1047,709.5490793),(1,1048,473.6602604),(1,1049,133.1034298),(1,1050,800.1859038),(1,1051,647.704788),(1,1052,230.7979796),(1,1053,589.7070959),(1,1054,79.71146396),(1,1055,583.9161561),(1,1056,901.4030427),(1,1057,922.2971987),(1,1058,844.81383),(1,1059,441.0326517),(1,1060,799.837413),(1,1061,677.8029514),(1,1062,646.4284246),(1,1063,187.9529228),(1,1064,701.2946875),(1,1065,556.4995671),(1,1066,859.0653603),(1,1067,368.4916031),(1,1068,823.0683146),(1,1069,680.9920256),(1,1070,159.4049452),(1,1071,492.8392811),(1,1072,880.8884943),(1,1073,147.4648423),(1,1074,550.9692305),(1,1075,725.2222969),(1,1076,434.6388912),(1,1077,789.7042514),(1,1078,505.2968549),(1,1079,384.3964548),(1,1080,267.0390058),(1,1081,474.134209),(1,1082,104.7853535),(1,1083,628.5944609),(1,1084,866.8750442),(1,1085,382.9067285),(1,1086,793.2663381),(1,1087,300.0204537),(1,1088,565.5854657),(1,1089,805.0705589),(1,1090,971.9107729),(1,1091,261.2174025),(1,1092,801.6276972),(1,1093,205.5433133),(1,1094,830.6576302),(1,1095,222.584796),(1,1096,299.338458),(1,1097,626.5877177),(1,1098,553.7450822),(1,1099,187.160746),(2,0,570.9344692),(2,1,806.0617236),(2,2,199.2023744),(2,3,986.1157401),(2,4,46.1073684),(2,5,382.5813449),(2,6,471.4594658),(2,7,423.6814564),(2,8,963.780541),(2,9,755.8735465),(2,10,765.5517211),(2,11,60.98151901),(2,12,582.8430726),(2,13,538.4094206),(2,14,397.8302991),(2,15,339.8159087),(2,16,930.7752731),(2,17,674.5802343),(2,18,223.4532955),(2,19,190.1972719),(2,20,647.8613179),(2,21,638.7305672),(2,22,65.74774369),(2,23,81.62170081),(2,24,780.0114171),(2,25,847.0605236),(2,26,957.8553104),(2,27,92.85805627),(2,28,728.0434868),(2,29,303.7755396),(2,30,559.5713998),(2,31,528.3595397),(2,32,172.8086057),(2,33,562.7663494),(2,34,667.632492),(2,35,651.6606589),(2,36,199.9171214),(2,37,926.575105),(2,38,89.39983421),(2,39,691.7286634),(2,40,117.4293618),(2,41,184.2902403),(2,42,389.2949236),(2,43,392.2071802),(2,44,234.1907292),(2,45,74.14881098),(2,46,371.6959241),(2,47,103.9635729),(2,48,150.6749369),(2,49,283.1686559),(2,50,735.2390639),(2,51,699.9228054),(2,52,1003.463272),(2,53,899.9261412),(2,54,608.6644995),(2,55,902.8704647),(2,56,415.5782021),(2,57,800.0302223),(2,58,931.9468113),(2,59,987.4309669),(2,60,443.0008758),(2,61,534.9099687),(2,62,37.70797067),(2,63,804.8991998),(2,64,243.2842766),(2,65,978.5510081),(2,66,668.0874039),(2,67,111.130994),(2,68,254.9583891),(2,69,710.5929512),(2,70,493.371899),(2,71,922.7861421),(2,72,738.6127863),(2,73,858.230733),(2,74,277.1009595),(2,75,982.7775896),(2,76,510.599254),(2,77,400.173799),(2,78,147.7158274),(2,79,458.7989545),(2,80,6.730069499),(2,81,590.7296116),(2,82,188.3898373),(2,83,427.4725805),(2,84,793.0164603),(2,85,589.6921659),(2,86,346.2611848),(2,87,545.660673),(2,88,284.5789369),(2,89,291.6558413),(2,90,40.18041278),(2,91,892.7936628),(2,92,306.547214),(2,93,599.4169788),(2,94,424.2663292),(2,95,882.7311436),(2,96,746.50784),(2,97,450.7622706),(2,98,534.6991458),(2,99,560.6123529),(2,100,640.9744414),(2,101,491.8976075),(2,102,976.9906154),(2,103,905.7826002),(2,104,593.5189782),(2,105,633.4381339),(2,106,17.58922735),(2,107,509.8134913),(2,108,832.6702222),(2,109,557.7644883),(2,110,465.6145151),(2,111,401.0954331),(2,112,765.2589785),(2,113,331.6653551),(2,114,562.6854141),(2,115,85.20916404),(2,116,788.4074419),(2,117,271.2680842),(2,118,855.1764021),(2,119,692.7868641),(2,120,506.2246565),(2,121,807.3448339),(2,122,719.870371),(2,123,273.1460137),(2,124,979.6411434),(2,125,819.246549),(2,126,94.89872216),(2,127,62.57099402),(2,128,689.497399),(2,129,977.0087817),(2,130,972.2062835),(2,131,964.8765179),(2,132,313.741053),(2,133,860.6377838),(2,134,532.9133511),(2,135,757.967973),(2,136,467.5838343),(2,137,26.79340048),(2,138,742.9279206),(2,139,862.9268389),(2,140,267.5380128),(2,141,315.2304153),(2,142,363.3952553),(2,143,694.302069),(2,144,63.01410286),(2,145,177.5892178),(2,146,947.4837594),(2,147,379.4561023),(2,148,394.7896805),(2,149,415.3969321),(2,150,835.7608085),(2,151,783.8612633),(2,152,652.9443268),(2,153,198.1833468),(2,154,873.5739639),(2,155,883.6509548),(2,156,430.8427116),(2,157,475.5234697),(2,158,239.8373661),(2,159,375.4683138),(2,160,602.7243634),(2,161,439.0028952),(2,162,220.7729137),(2,163,829.1897224),(2,164,385.3843593),(2,165,59.23006283),(2,166,509.8509945),(2,167,359.6249875),(2,168,327.2324686),(2,169,565.3602569),(2,170,757.1974544),(2,171,703.0841602),(2,172,413.0351267),(2,173,440.0994397),(2,174,648.4045774),(2,175,79.28951747),(2,176,161.3402827),(2,177,793.5983772),(2,178,245.2871465),(2,179,21.16916324),(2,180,441.191342),(2,181,889.5357989),(2,182,802.0655642),(2,183,482.7005409),(2,184,529.5464122),(2,185,587.1949831),(2,186,358.9487565),(2,187,976.9804234),(2,188,259.6890773),(2,189,297.0999744),(2,190,932.5050224),(2,191,903.7276159),(2,192,520.4288831),(2,193,612.0934797),(2,194,972.8231241),(2,195,757.9427547),(2,196,489.8758822),(2,197,154.7392768),(2,198,900.4848813),(2,199,239.953292),(2,200,193.875821),(2,201,130.4785792),(2,202,621.6428792),(2,203,176.7833431),(2,204,133.2328766),(2,205,868.1466647),(2,206,456.3209388),(2,207,589.8901376),(2,208,853.2924055),(2,209,789.4871911),(2,210,294.4396248),(2,211,109.0511481),(2,212,387.8729954),(2,213,930.2243606),(2,214,39.90413664),(2,215,509.9744248),(2,216,18.14082422),(2,217,642.1831645),(2,218,490.3232051),(2,219,926.7061709),(2,220,45.48994613),(2,221,259.8059776),(2,222,266.9138608),(2,223,704.9996873),(2,224,558.0816248),(2,225,926.3310569),(2,226,376.1989427),(2,227,447.1775564),(2,228,609.796535),(2,229,973.8850356),(2,230,916.0069133),(2,231,915.3929954),(2,232,90.82916209),(2,233,719.5227229),(2,234,529.2793902),(2,235,654.6866061),(2,236,476.1829811),(2,237,956.5856859),(2,238,371.0616776),(2,239,916.7831112),(2,240,550.9083955),(2,241,372.3421405),(2,242,529.5618779),(2,243,621.7421616),(2,244,903.406838),(2,245,879.7354872),(2,246,250.3409111),(2,247,368.6083797),(2,248,354.9166941),(2,249,897.6802062),(2,250,832.6964005),(2,251,732.1198507),(2,252,770.4145805),(2,253,229.700429),(2,254,356.8166574),(2,255,994.8427404),(2,256,195.5014368),(2,257,329.7303072),(2,258,290.0991245),(2,259,826.3622801),(2,260,869.882298),(2,261,745.1454751),(2,262,607.3029087),(2,263,894.1735626),(2,264,76.3438718),(2,265,520.4830457),(2,266,373.0914755),(2,267,725.9735049),(2,268,258.4859627),(2,269,250.9651462),(2,270,638.0539285),(2,271,239.7742678),(2,272,100.0644157),(2,273,371.5728558),(2,274,665.7006863),(2,275,636.2525466),(2,276,777.5041771),(2,277,795.1256321),(2,278,996.1682094),(2,279,651.894173),(2,280,317.7966879),(2,281,238.9507811),(2,282,212.8876625),(2,283,575.1711839),(2,284,178.7294081),(2,285,359.5041779),(2,286,810.0450853),(2,287,286.9732395),(2,288,727.4080948),(2,289,361.8463456),(2,290,250.6713297),(2,291,998.3778507),(2,292,723.2957103),(2,293,651.5868775),(2,294,844.957197),(2,295,15.27627262),(2,296,70.22715441),(2,297,793.1972839),(2,298,43.38821378),(2,299,60.36914247),(2,300,102.8630804),(2,301,347.0836107),(2,302,46.87427044),(2,303,96.63847759),(2,304,366.4291636),(2,305,716.7826703),(2,306,954.3728139),(2,307,405.3107475),(2,308,483.3354756),(2,309,325.7499555),(2,310,83.17946137),(2,311,447.9642518),(2,312,665.4493633),(2,313,124.918572),(2,314,304.0301334),(2,315,223.6164321),(2,316,254.5376557),(2,317,677.4076585),(2,318,114.2997038),(2,319,639.7044167),(2,320,695.7010389),(2,321,7.978603883),(2,322,359.5190531),(2,323,319.0884868),(2,324,268.6841919),(2,325,232.3690268),(2,326,446.0163949),(2,327,161.9267076),(2,328,906.2508669),(2,329,436.389761),(2,330,466.3052044),(2,331,882.6347213),(2,332,401.0943028),(2,333,899.7465514),(2,334,627.7382126),(2,335,704.5963188),(2,336,198.7591993),(2,337,315.5795903),(2,338,494.3020463),(2,339,521.2503043),(2,340,635.5028076),(2,341,221.4307124),(2,342,837.8379306),(2,343,75.14449083),(2,344,474.9145837),(2,345,437.1103704),(2,346,360.8349293),(2,347,743.8246391),(2,348,758.2438205),(2,349,31.1391605),(2,350,607.5911264),(2,351,946.8324445),(2,352,889.6047128),(2,353,881.5590222),(2,354,565.113856),(2,355,85.86243136),(2,356,915.2139653),(2,357,559.9847915),(2,358,717.674904),(2,359,556.8013273),(2,360,620.3031667),(2,361,402.2789388),(2,362,224.9567833),(2,363,219.4679176),(2,364,800.3993154),(2,365,360.029232),(2,366,716.0888993),(2,367,590.0714035),(2,368,686.327057),(2,369,304.3576782),(2,370,345.0435185),(2,371,106.3371875),(2,372,936.4175792),(2,373,29.63435666),(2,374,361.6682984),(2,375,157.4848561),(2,376,374.6115619),(2,377,221.7319793),(2,378,280.3094248),(2,379,969.0295883),(2,380,923.2685506),(2,381,689.0750141),(2,382,706.8614572),(2,383,360.6183183),(2,384,847.1596415),(2,385,317.3755589),(2,386,969.2402365),(2,387,56.06146539),(2,388,270.0463113),(2,389,360.8106529),(2,390,394.8173347),(2,391,963.6582359),(2,392,765.6535441),(2,393,96.27298051),(2,394,150.1130087),(2,395,566.4802515),(2,396,331.2410985),(2,397,382.4007024),(2,398,112.6598454),(2,399,823.2040943),(2,400,951.5397651),(2,401,470.5934834),(2,402,415.629049),(2,403,198.1072204),(2,404,16.1258551),(2,405,120.1700737),(2,406,177.7197571),(2,407,628.9071851),(2,408,351.2230371),(2,409,78.75495953),(2,410,135.5779391),(2,411,737.0492513),(2,412,547.0187976),(2,413,366.047036),(2,414,298.9958616),(2,415,423.8341883),(2,416,350.473703),(2,417,950.8622833),(2,418,975.1406738),(2,419,164.4134929),(2,420,216.0926931),(2,421,394.3345909),(2,422,814.4910555),(2,423,742.8150727),(2,424,163.6145224),(2,425,850.3301982),(2,426,940.6991402),(2,427,108.2618738),(2,428,212.5866661),(2,429,24.35597125),(2,430,142.3554134),(2,431,684.5029617),(2,432,209.4190132),(2,433,918.997014),(2,434,186.1695017),(2,435,48.81369561),(2,436,258.7110501),(2,437,974.4817976),(2,438,460.5266014),(2,439,207.5333175),(2,440,96.54859531),(2,441,765.1313341),(2,442,507.6222927),(2,443,388.3561579),(2,444,778.2465417),(2,445,371.9940535),(2,446,587.6043445),(2,447,684.5760605),(2,448,510.1710444),(2,449,796.6178591),(2,450,437.6889788),(2,451,334.5689045),(2,452,668.3814709),(2,453,172.9179828),(2,454,849.2719031),(2,455,233.6274266),(2,456,640.7108396),(2,457,725.4811333),(2,458,590.3283646),(2,459,162.5951512),(2,460,453.0519311),(2,461,115.317055),(2,462,781.6799418),(2,463,87.26171267),(2,464,317.7824064),(2,465,975.0067552),(2,466,193.5363105),(2,467,317.1388011),(2,468,835.5176069),(2,469,201.5392701),(2,470,713.6445822),(2,471,137.0249989),(2,472,832.1940204),(2,473,954.6308506),(2,474,228.1551151),(2,475,914.1549764),(2,476,27.89431081),(2,477,905.6750061),(2,478,465.5323803),(2,479,761.3507786),(2,480,517.7895678),(2,481,526.3929781),(2,482,743.1030972),(2,483,885.3610376),(2,484,509.911479),(2,485,5.160104318),(2,486,805.3177102),(2,487,985.3272843),(2,488,155.253436),(2,489,244.7313399),(2,490,699.372457),(2,491,337.5912191),(2,492,980.5737301),(2,493,77.8743659),(2,494,193.7711693),(2,495,865.1819866),(2,496,459.0312961),(2,497,30.29433456),(2,498,566.3644271),(2,499,284.6694518),(2,500,715.7059955),(2,501,179.148573),(2,502,834.2101222),(2,503,584.4953705),(2,504,462.2194537),(2,505,981.5155751),(2,506,171.4366711),(2,507,489.5364971),(2,508,386.8344596),(2,509,727.9775772),(2,510,349.788663),(2,511,471.1874412),(2,512,14.37563441),(2,513,575.6730831),(2,514,654.548085),(2,515,388.1178061),(2,516,286.1960377),(2,517,442.8124398),(2,518,881.7386764),(2,519,294.436197),(2,520,285.0135143),(2,521,365.4370566),(2,522,288.685189),(2,523,50.87049348),(2,524,663.4336556),(2,525,999.9440653),(2,526,468.7792017),(2,527,198.9596445),(2,528,323.7965815),(2,529,293.1583565),(2,530,892.0892773),(2,531,308.412555),(2,532,42.15295757),(2,533,716.3355514),(2,534,559.1410849),(2,535,776.2147763),(2,536,751.1621849),(2,537,649.5684503),(2,538,347.3340906),(2,539,135.5562988),(2,540,170.7617747),(2,541,982.2378988),(2,542,579.5526895),(2,543,13.88159838),(2,544,459.7307305),(2,545,34.79152295),(2,546,830.4908143),(2,547,824.6332293),(2,548,913.0790624),(2,549,303.2437642),(2,550,308.393112),(2,551,776.2652321),(2,552,855.7183532),(2,553,74.77630585),(2,554,518.9604707),(2,555,219.3399341),(2,556,463.9334178),(2,557,527.9740007),(2,558,266.8798091),(2,559,802.9172907),(2,560,10.99459154),(2,561,971.824538),(2,562,327.4441957),(2,563,661.1414064),(2,564,312.2614889),(2,565,260.70971),(2,566,396.1136591),(2,567,728.2283303),(2,568,47.20645673),(2,569,360.7827924),(2,570,544.7259023),(2,571,524.0063761),(2,572,645.7945025),(2,573,566.0059464),(2,574,715.1919825),(2,575,308.2809692),(2,576,179.4809599),(2,577,280.5270654),(2,578,545.1860131),(2,579,797.0559758),(2,580,476.0278174),(2,581,853.3281772),(2,582,377.4664092),(2,583,931.1826215),(2,584,1003.745022),(2,585,163.4598664),(2,586,591.8948694),(2,587,416.1866035),(2,588,361.3343914),(2,589,890.6247932),(2,590,154.6885411),(2,591,7.345825791),(2,592,156.8836985),(2,593,198.5127839),(2,594,442.9353896),(2,595,171.0717642),(2,596,118.444599),(2,597,558.1230928),(2,598,404.9425443),(2,599,945.3997637),(2,600,553.6271334),(2,601,190.5472458),(2,602,219.2292353),(2,603,254.8892297),(2,604,53.66628183),(2,605,666.1390805),(2,606,587.481752),(2,607,459.9237488),(2,608,886.9392269),(2,609,359.4802957),(2,610,476.7823666),(2,611,710.7445114),(2,612,501.5002762),(2,613,897.8130004),(2,614,36.22554775),(2,615,95.07341345),(2,616,527.4627899),(2,617,351.4600003),(2,618,121.1451584),(2,619,108.9467222),(2,620,44.57808308),(2,621,882.9225458),(2,622,492.5809426),(2,623,937.3282031),(2,624,792.8588319),(2,625,607.647169),(2,626,502.3403467),(2,627,329.2173476),(2,628,994.4052816),(2,629,597.2791323),(2,630,464.5522338),(2,631,435.4151995),(2,632,784.4801441),(2,633,274.6122131),(2,634,735.2037759),(2,635,676.5638417),(2,636,143.5876465),(2,637,526.4284162),(2,638,820.2771823),(2,639,33.54992718),(2,640,832.842003),(2,641,616.4837417),(2,642,152.187864),(2,643,800.6917631),(2,644,959.3042111),(2,645,29.5232851),(2,646,551.3624022),(2,647,922.8135054),(2,648,240.6986796),(2,649,32.29909848),(2,650,363.5662295),(2,651,367.6609358),(2,652,356.8058633),(2,653,343.5650944),(2,654,977.4209537),(2,655,627.720995),(2,656,709.507272),(2,657,450.4921581),(2,658,648.4055947),(2,659,664.7603818),(2,660,379.9853442),(2,661,744.7029116),(2,662,235.2487883),(2,663,189.0968015),(2,664,751.2792674),(2,665,555.3177636),(2,666,76.48710573),(2,667,350.1941723),(2,668,388.9078939),(2,669,496.4311919),(2,670,370.1060811),(2,671,485.7495398),(2,672,39.79353857),(2,673,523.0639153),(2,674,290.1827328),(2,675,383.3804143),(2,676,253.9659969),(2,677,485.524304),(2,678,783.0197173),(2,679,153.3390746),(2,680,195.1841695),(2,681,322.0993833),(2,682,448.2395842),(2,683,35.00407957),(2,684,60.31488931),(2,685,388.5913037),(2,686,909.9073512),(2,687,576.1523264),(2,688,76.06614932),(2,689,614.7609621),(2,690,594.6362678),(2,691,712.5625687),(2,692,606.6425142),(2,693,72.54060945),(2,694,665.1311675),(2,695,293.2779877),(2,696,564.4936323),(2,697,448.2524888),(2,698,40.7702002),(2,699,214.6644534),(2,700,156.0765305),(2,701,574.7143571),(2,702,498.5411792),(2,703,768.0140161),(2,704,84.82881345),(2,705,423.3066078),(2,706,279.1717727),(2,707,658.2267414),(2,708,34.12129464),(2,709,978.1978873),(2,710,61.32056593),(2,711,938.2388809),(2,712,628.1795211),(2,713,129.2249363),(2,714,485.1869856),(2,715,956.2852253),(2,716,85.7535474),(2,717,566.8929729),(2,718,848.142249),(2,719,390.3185217),(2,720,198.5748523),(2,721,14.13130221),(2,722,165.0224512),(2,723,501.3081621),(2,724,406.7330717),(2,725,993.9113633),(2,726,512.6807637),(2,727,834.944724),(2,728,6.087705268),(2,729,823.5365038),(2,730,248.376482),(2,731,28.75342689),(2,732,975.9278376),(2,733,652.092606),(2,734,690.8255998),(2,735,483.8224417),(2,736,297.3843796),(2,737,146.3018351),(2,738,247.8733263),(2,739,592.7573163),(2,740,404.1956101),(2,741,498.9183527),(2,742,195.6278881),(2,743,672.5512406),(2,744,405.0048459),(2,745,296.8884981),(2,746,514.4607188),(2,747,387.6532106),(2,748,99.28119853),(2,749,56.62589661),(2,750,70.10415524),(2,751,347.4217729),(2,752,283.8265298),(2,753,315.3973098),(2,754,84.34330172),(2,755,471.3204807),(2,756,928.4340247),(2,757,597.9323545),(2,758,813.8920377),(2,759,73.76891072),(2,760,493.4730532),(2,761,366.0759356),(2,762,838.2750458),(2,763,570.8002638),(2,764,367.1104778),(2,765,71.15126161),(2,766,747.297396),(2,767,973.6047475),(2,768,83.80789671),(2,769,968.99079),(2,770,905.2671545),(2,771,957.1034643),(2,772,100.0215402),(2,773,408.4748734),(2,774,59.358142),(2,775,642.7622351),(2,776,75.9081046),(2,777,237.0248788),(2,778,513.1445964),(2,779,970.8637918),(2,780,387.6453489),(2,781,959.5184789),(2,782,600.3177329),(2,783,23.6644174),(2,784,795.8489251),(2,785,882.396628),(2,786,984.8040063),(2,787,234.9425306),(2,788,461.9902985),(2,789,783.8819944),(2,790,766.0024574),(2,791,918.818845),(2,792,962.0944539),(2,793,175.406455),(2,794,332.1742083),(2,795,706.6339415),(2,796,848.2484668),(2,797,360.6551578),(2,798,234.1677998),(2,799,39.48993232),(2,800,58.84982101),(2,801,384.9988499),(2,802,819.3938886),(2,803,469.7784343),(2,804,333.1687845),(2,805,657.9489724),(2,806,791.1425857),(2,807,484.6577467),(2,808,887.4951041),(2,809,299.3150141),(2,810,671.0946291),(2,811,327.4556589),(2,812,350.286532),(2,813,77.23256636),(2,814,560.5665392),(2,815,102.9527433),(2,816,955.6270243),(2,817,933.6714642),(2,818,261.7270039),(2,819,618.073826),(2,820,295.0637519),(2,821,883.578935),(2,822,646.9451171),(2,823,860.8008899),(2,824,267.8302393),(2,825,499.8657703),(2,826,815.3535751),(2,827,199.7604674),(2,828,341.5140652),(2,829,821.2860718),(2,830,268.7669477),(2,831,912.455061),(2,832,113.2408886),(2,833,104.4494514),(2,834,658.9697195),(2,835,351.9818874),(2,836,452.592876),(2,837,638.4840838),(2,838,518.9956254),(2,839,319.1465568),(2,840,271.3460945),(2,841,778.7602389),(2,842,705.5229966),(2,843,215.0238791),(2,844,891.5102518),(2,845,627.2609305),(2,846,954.9687205),(2,847,71.43751673),(2,848,937.221694),(2,849,273.044844),(2,850,81.41819584),(2,851,492.0188128),(2,852,568.4915031),(2,853,602.204986),(2,854,506.0792397),(2,855,929.7295252),(2,856,1002.895374),(2,857,826.5584808),(2,858,864.8797437),(2,859,403.8691902),(2,860,23.53764144),(2,861,389.1320245),(2,862,887.9940475),(2,863,164.6463909),(2,864,627.8865924),(2,865,557.6326453),(2,866,790.7845505),(2,867,758.080471),(2,868,646.5801918),(2,869,561.6982972),(2,870,786.1237679),(2,871,485.0229963),(2,872,259.915959),(2,873,246.4751001),(2,874,915.8409476),(2,875,918.0455978),(2,876,703.8885139),(2,877,878.5899648),(2,878,738.4294378),(2,879,867.5960549),(2,880,986.3224634),(2,881,516.7442333),(2,882,984.9498417),(2,883,465.6658772),(2,884,895.8621882),(2,885,564.9825742),(2,886,676.1958321),(2,887,610.8228371),(2,888,632.1040103),(2,889,764.1961753),(2,890,191.7475196),(2,891,325.2644964),(2,892,546.9121953),(2,893,252.1199991),(2,894,421.4777974),(2,895,54.64705764),(2,896,197.8570597),(2,897,281.6818768),(2,898,266.6656551),(2,899,36.34852211),(2,900,937.3676174),(2,901,877.7992857),(2,902,402.028029),(2,903,48.25094786),(2,904,106.3755876),(2,905,491.2408402),(2,906,12.22711762),(2,907,893.7785904),(2,908,801.2604828),(2,909,556.6628779),(2,910,207.7156365),(2,911,122.109973),(2,912,901.2956722),(2,913,457.450134),(2,914,636.2483026),(2,915,449.601591),(2,916,178.8928439),(2,917,770.6074788),(2,918,363.5038015),(2,919,642.9567373),(2,920,634.3830575),(2,921,361.1129222),(2,922,769.7870574),(2,923,859.0743319),(2,924,61.20889068),(2,925,705.7514909),(2,926,962.6392528),(2,927,284.4541775),(2,928,948.2158329),(2,929,745.3234373),(2,930,865.4133762),(2,931,876.2340022),(2,932,768.6099146),(2,933,791.6397305),(2,934,472.3786297),(2,935,78.54754269),(2,936,268.4603674),(2,937,533.6420522),(2,938,556.3288145),(2,939,476.7384067),(2,940,44.47967277),(2,941,610.535074),(2,942,535.8018848),(2,943,230.3734951),(2,944,800.670821),(2,945,145.0475382),(2,946,29.54077382),(2,947,1001.525863),(2,948,622.3495397),(2,949,536.5086029),(2,950,152.7654923),(2,951,850.6317646),(2,952,125.9884619),(2,953,171.7643859),(2,954,135.3504885),(2,955,146.7027554),(2,956,516.3692458),(2,957,387.3995172),(2,958,166.0920898),(2,959,617.6094101),(2,960,78.02439386),(2,961,888.8018283),(2,962,738.759961),(2,963,288.4671561),(2,964,748.3186761),(2,965,106.3489647),(2,966,106.1448002),(2,967,778.0639407),(2,968,386.8521306),(2,969,610.8268124),(2,970,335.7161574),(2,971,796.8880992),(2,972,391.4442464),(2,973,789.5981441),(2,974,32.46051176),(2,975,77.10078671),(2,976,6.862471609),(2,977,168.9182267),(2,978,201.0079155),(2,979,326.2423013),(2,980,601.3014852),(2,981,472.0371165),(2,982,673.8418885),(2,983,303.6691524),(2,984,750.7837049),(2,985,285.8501001),(2,986,136.5193344),(2,987,689.8772278),(2,988,600.3901307),(2,989,508.7461675),(2,990,708.6747897),(2,991,68.40834489),(2,992,930.9070871),(2,993,658.7793526),(2,994,574.1684776),(2,995,25.43160917),(2,996,60.29096652),(2,997,743.22535),(2,998,529.6054387),(2,999,1000.595407),(2,1000,226.1205763),(2,1001,311.8908093),(2,1002,614.8338504),(2,1003,923.5230788),(2,1004,425.5502422),(2,1005,720.0589586),(2,1006,511.3454319),(2,1007,592.1707668),(2,1008,674.724034),(2,1009,622.0524976),(2,1010,429.7750207),(2,1011,553.4978233),(2,1012,966.5738848),(2,1013,699.0876971),(2,1014,808.6955494),(2,1015,745.3843749),(2,1016,712.9565432),(2,1017,956.266945),(2,1018,355.8328251),(2,1019,144.0547105),(2,1020,602.5108583),(2,1021,702.7194085),(2,1022,18.31412353),(2,1023,479.462744),(2,1024,356.724631),(2,1025,713.2900267),(2,1026,319.1776355),(2,1027,823.8494349),(2,1028,77.74168067),(2,1029,27.41126548),(2,1030,772.5557997),(2,1031,658.5066991),(2,1032,434.974637),(2,1033,390.2173428),(2,1034,72.94229869),(2,1035,512.9953256),(2,1036,308.8887951),(2,1037,758.0660704),(2,1038,714.5261917),(2,1039,615.828751),(2,1040,801.1838641),(2,1041,372.2943995),(2,1042,504.1694747),(2,1043,93.13659197),(2,1044,30.51665088),(2,1045,578.84531),(2,1046,922.3023815),(2,1047,252.7440061),(2,1048,668.4156056),(2,1049,194.0495531),(2,1050,304.6577516),(2,1051,264.7603616),(2,1052,214.3158157),(2,1053,461.8459738),(2,1054,456.0820402),(2,1055,882.2445563),(2,1056,824.2489019),(2,1057,366.5656338),(2,1058,932.2684202),(2,1059,678.1288745),(2,1060,408.718813),(2,1061,851.7553047),(2,1062,449.3251577),(2,1063,674.5974305),(2,1064,785.7676962),(2,1065,174.8811936),(2,1066,590.1804882),(2,1067,370.6708007),(2,1068,554.6394365),(2,1069,770.4887584),(2,1070,630.1489138),(2,1071,117.7190442),(2,1072,284.2428109),(2,1073,414.5464315),(2,1074,6.801757492),(2,1075,194.8518542),(2,1076,955.8999787),(2,1077,835.3000666),(2,1078,663.4126944),(2,1079,847.1277743),(2,1080,621.8669668),(2,1081,589.0078651),(2,1082,860.3289532),(2,1083,134.3495304),(2,1084,468.3023671),(2,1085,57.31143787),(2,1086,905.3364473),(2,1087,305.436179),(2,1088,312.3186804),(2,1089,337.6033351),(2,1090,237.12437),(2,1091,394.4998527),(2,1092,913.2811232),(2,1093,600.214575),(2,1094,743.1893451),(2,1095,317.2328059),(2,1096,851.6343937),(2,1097,10.1669031),(2,1098,62.54005032),(2,1099,551.2030477),(3,0,867.4985554),(3,1,340.584254),(3,2,113.3047579),(3,3,312.6843448),(3,4,980.0641238),(3,5,11.93324827),(3,6,458.171653),(3,7,149.0076523),(3,8,317.7024343),(3,9,278.2490209),(3,10,738.9348756),(3,11,854.114316),(3,12,593.0040507),(3,13,831.682066),(3,14,423.1657265),(3,15,534.805283),(3,16,398.1984251),(3,17,157.0264462),(3,18,570.1650743),(3,19,80.23555947),(3,20,839.8628276),(3,21,657.9650582),(3,22,418.5198584),(3,23,31.06874227),(3,24,103.952342),(3,25,180.8936867),(3,26,120.373386),(3,27,632.1175325),(3,28,534.9966334),(3,29,349.0149116),(3,30,246.6764663),(3,31,1003.824228),(3,32,926.7350901),(3,33,472.7375335),(3,34,536.740206),(3,35,845.0540342),(3,36,427.46361),(3,37,436.6923261),(3,38,130.4673579),(3,39,92.98459587),(3,40,603.2190147),(3,41,956.4425323),(3,42,928.7811913),(3,43,408.7354186),(3,44,812.5398517),(3,45,506.1699741),(3,46,370.7747599),(3,47,826.0706015),(3,48,834.2982526),(3,49,255.8188037),(3,50,984.3250036),(3,51,135.6217363),(3,52,954.3204451),(3,53,723.3188159),(3,54,850.2207258),(3,55,242.8173587),(3,56,548.5966424),(3,57,961.1180832),(3,58,1003.114966),(3,59,845.3640576),(3,60,340.9484128),(3,61,988.0913343),(3,62,811.9660836),(3,63,102.3231844),(3,64,594.3033281),(3,65,767.0175536),(3,66,368.338417),(3,67,45.69254064),(3,68,130.7934402),(3,69,553.936626),(3,70,235.9138472),(3,71,521.5539698),(3,72,777.3406285),(3,73,745.5075468),(3,74,965.228663),(3,75,573.5067375),(3,76,890.5340535),(3,77,32.08465249),(3,78,839.2604737),(3,79,431.9983628),(3,80,556.9946978),(3,81,639.4999079),(3,82,906.7613079),(3,83,610.9193556),(3,84,335.654849),(3,85,604.124089),(3,86,169.3467277),(3,87,178.4150964),(3,88,428.5097937),(3,89,980.2427098),(3,90,59.22488727),(3,91,651.3298762),(3,92,483.7627437),(3,93,33.38855),(3,94,229.560657),(3,95,452.3554745),(3,96,147.1765296),(3,97,720.984451),(3,98,549.3833042),(3,99,410.6678094),(3,100,537.9593607),(3,101,272.4636778),(3,102,222.14906),(3,103,252.8891657),(3,104,79.36310849),(3,105,497.9793369),(3,106,5.630905386),(3,107,888.552961),(3,108,1002.643233),(3,109,908.3798568),(3,110,730.5369818),(3,111,268.6459851),(3,112,663.4781273),(3,113,265.1279323),(3,114,281.3942374),(3,115,128.3496165),(3,116,456.7839102),(3,117,722.6967076),(3,118,59.12898741),(3,119,36.52487245),(3,120,573.3978194),(3,121,864.9288209),(3,122,937.8162799),(3,123,911.0917908),(3,124,207.7683538),(3,125,152.2863577),(3,126,222.5731063),(3,127,29.23659312),(3,128,962.5973969),(3,129,822.2429622),(3,130,780.8514489),(3,131,952.7521804),(3,132,679.4647656),(3,133,658.7826261),(3,134,311.6229283),(3,135,469.7562195),(3,136,130.4839698),(3,137,424.6405713),(3,138,372.1643666),(3,139,70.51195309),(3,140,297.9525557),(3,141,560.4716738),(3,142,359.1398262),(3,143,79.5214647),(3,144,173.6646368),(3,145,187.4030175),(3,146,755.2409237),(3,147,873.2433485),(3,148,766.1196125),(3,149,774.6639887),(3,150,904.0995816),(3,151,35.4256839),(3,152,877.9116007),(3,153,104.7742864),(3,154,832.8320853),(3,155,636.2516015),(3,156,992.0473341),(3,157,221.4814384),(3,158,228.5151287),(3,159,323.2757923),(3,160,664.9867075),(3,161,562.9720193),(3,162,953.403451),(3,163,226.8972244),(3,164,743.8227129),(3,165,820.8344991),(3,166,646.6409884),(3,167,513.6229235),(3,168,793.8250399),(3,169,918.4889152),(3,170,265.1304045),(3,171,902.6953954),(3,172,453.8208899),(3,173,111.1293173),(3,174,73.90949727),(3,175,977.6753868),(3,176,994.7947322),(3,177,803.0773246),(3,178,80.61771697),(3,179,654.9677925),(3,180,724.6613074),(3,181,883.1891421),(3,182,865.9717979),(3,183,160.1382807),(3,184,255.4987322),(3,185,463.9441322),(3,186,778.638186),(3,187,875.1219339),(3,188,704.9600425),(3,189,544.7085725),(3,190,905.4832199),(3,191,354.515831),(3,192,720.4527135),(3,193,439.2962491),(3,194,945.2158223),(3,195,44.24924947),(3,196,697.6412221),(3,197,14.20818071),(3,198,136.047986),(3,199,221.1510501),(3,200,329.4505592),(3,201,575.31294),(3,202,112.2627509),(3,203,223.2210638),(3,204,560.2251045),(3,205,734.4526843),(3,206,60.86415095),(3,207,496.021426),(3,208,523.2882625),(3,209,458.1132678),(3,210,350.5478794),(3,211,43.4704943),(3,212,664.6002472),(3,213,384.3917972),(3,214,975.9985127),(3,215,298.009899),(3,216,714.463202),(3,217,969.10874),(3,218,470.1646704),(3,219,96.79301262),(3,220,138.143273),(3,221,749.9424149),(3,222,524.014333),(3,223,311.1420835),(3,224,984.9737528),(3,225,796.6508039),(3,226,547.4651598),(3,227,30.85991),(3,228,685.3194425),(3,229,119.5454523),(3,230,941.9387194),(3,231,157.5492565),(3,232,574.4399266),(3,233,123.1631612),(3,234,516.4537672),(3,235,590.0054121),(3,236,817.1626476),(3,237,242.9991773),(3,238,486.2074024),(3,239,201.66561),(3,240,332.3091505),(3,241,217.4996992),(3,242,266.2990619),(3,243,255.092076),(3,244,365.7715568),(3,245,731.9109478),(3,246,209.1486345),(3,247,709.1988547),(3,248,357.4020875),(3,249,208.1869604),(3,250,440.7264059),(3,251,719.7054561),(3,252,813.3862771),(3,253,530.1398754),(3,254,324.5133815),(3,255,874.9283928),(3,256,694.9601721),(3,257,193.5777627),(3,258,500.6719469),(3,259,315.3153208),(3,260,873.1249816),(3,261,820.8539524),(3,262,383.5002977),(3,263,482.2745242),(3,264,497.5449163),(3,265,157.429404),(3,266,222.8723082),(3,267,459.9152255),(3,268,84.83662147),(3,269,613.7667453),(3,270,262.2851818),(3,271,237.8488164),(3,272,689.2482328),(3,273,277.9223978),(3,274,114.5372548),(3,275,225.862018),(3,276,451.3394953),(3,277,493.951622),(3,278,538.2403618),(3,279,25.71801704),(3,280,722.0435008),(3,281,666.6434777),(3,282,175.9909565),(3,283,551.4681801),(3,284,737.3631148),(3,285,569.4143219),(3,286,994.5189408),(3,287,272.6390532),(3,288,656.1146514),(3,289,247.2137665),(3,290,673.1142627),(3,291,564.6938255),(3,292,244.901005),(3,293,66.57815237),(3,294,853.4856586),(3,295,186.7467075),(3,296,308.5048914),(3,297,990.0964316),(3,298,955.1653777),(3,299,788.7547441),(3,300,597.0396324),(3,301,798.6884804),(3,302,551.0725308),(3,303,392.9310078),(3,304,86.50404197),(3,305,698.2231757),(3,306,730.0661253),(3,307,527.6092737),(3,308,119.5226082),(3,309,141.0081255),(3,310,23.01737997),(3,311,393.9366863),(3,312,377.3983463),(3,313,495.4307002),(3,314,400.921694),(3,315,843.1477228),(3,316,804.0106929),(3,317,843.1493066),(3,318,882.3475158),(3,319,75.97226198),(3,320,278.8089029),(3,321,289.6287564),(3,322,90.75834832),(3,323,217.6672134),(3,324,656.8731539),(3,325,819.5950678),(3,326,917.5918355),(3,327,161.4050308),(3,328,885.8323671),(3,329,770.1884482),(3,330,847.103538),(3,331,949.1974942),(3,332,338.1144744),(3,333,387.739045),(3,334,262.9045097),(3,335,495.7650903),(3,336,866.6196835),(3,337,734.4524989),(3,338,768.2383768),(3,339,495.6768595),(3,340,372.4488943),(3,341,406.7651189),(3,342,419.1633081),(3,343,189.9903216),(3,344,695.8150834),(3,345,549.0696033),(3,346,90.41915865),(3,347,328.9691535),(3,348,675.7546656),(3,349,993.7248239),(3,350,670.6217692),(3,351,878.7235533),(3,352,818.7991558),(3,353,368.3493805),(3,354,811.8548037),(3,355,991.4114009),(3,356,188.4594526),(3,357,322.2139741),(3,358,172.0730774),(3,359,285.2948139),(3,360,386.789075),(3,361,374.7247212),(3,362,440.4157413),(3,363,778.5108389),(3,364,59.06698773),(3,365,105.8773181),(3,366,592.7971001),(3,367,347.5833928),(3,368,216.0571494),(3,369,15.52248729),(3,370,997.8224665),(3,371,969.742441),(3,372,130.5689637),(3,373,585.7779614),(3,374,341.0154414),(3,375,922.241515),(3,376,897.1778964),(3,377,263.6089594),(3,378,32.47378258),(3,379,334.3348098),(3,380,205.239297),(3,381,179.2469356),(3,382,593.0341673),(3,383,226.3413894),(3,384,302.9279832),(3,385,567.0381575),(3,386,307.9018449),(3,387,512.7630123),(3,388,792.3266203),(3,389,593.8931092),(3,390,182.5741195),(3,391,826.2836905),(3,392,275.0474523),(3,393,605.9604577),(3,394,659.6587072),(3,395,297.7539316),(3,396,718.557384),(3,397,81.74305591),(3,398,907.609005),(3,399,240.8086775),(3,400,325.2610708),(3,401,860.6195088),(3,402,885.534168),(3,403,121.9311424),(3,404,64.02060649),(3,405,29.07065749),(3,406,580.7203602),(3,407,914.594997),(3,408,433.8487772),(3,409,395.5670442),(3,410,232.7384908),(3,411,293.8877848),(3,412,519.7307757),(3,413,987.7216629),(3,414,94.32424213),(3,415,954.097544),(3,416,396.6214761),(3,417,364.6375946),(3,418,41.2465925),(3,419,284.7741929),(3,420,313.7643822),(3,421,77.2417726),(3,422,259.095858),(3,423,886.3136593),(3,424,651.8920457),(3,425,82.70507653),(3,426,277.6897993),(3,427,953.9406691),(3,428,382.4537693),(3,429,645.5945589),(3,430,859.0827421),(3,431,280.9460109),(3,432,184.5924675),(3,433,691.3967713),(3,434,898.663906),(3,435,583.342657),(3,436,508.7559261),(3,437,918.3891989),(3,438,744.0492056),(3,439,841.0454156),(3,440,582.0779856),(3,441,379.4726884),(3,442,678.6561504),(3,443,652.3634707),(3,444,211.6765454),(3,445,802.048055),(3,446,363.8008471),(3,447,120.7802298),(3,448,756.3073639),(3,449,78.97212987),(3,450,469.1353596),(3,451,308.801865),(3,452,977.1373673),(3,453,1001.864031),(3,454,663.949411),(3,455,170.3786006),(3,456,894.5545526),(3,457,992.7296168),(3,458,579.3427221),(3,459,706.0137981),(3,460,900.4903061),(3,461,673.5511064),(3,462,455.0590902),(3,463,575.2969855),(3,464,544.4941508),(3,465,449.0560379),(3,466,537.8208403),(3,467,838.140532),(3,468,573.3105177),(3,469,972.916968),(3,470,848.5965939),(3,471,403.2834899),(3,472,327.7704217),(3,473,975.3724725),(3,474,956.4423239),(3,475,977.5226154),(3,476,256.7349481),(3,477,151.0754839),(3,478,930.3770076),(3,479,45.30958578),(3,480,649.768635),(3,481,930.2961729),(3,482,306.5507543),(3,483,928.124013),(3,484,486.1389952),(3,485,189.1191178),(3,486,346.8706825),(3,487,254.5433752),(3,488,113.0002958),(3,489,438.087145),(3,490,832.5231114),(3,491,419.5013049),(3,492,324.4167127),(3,493,563.3385403),(3,494,510.8408567),(3,495,189.6856481),(3,496,987.4786202),(3,497,326.6163373),(3,498,786.8868571),(3,499,640.3697433),(3,500,333.1130444),(3,501,102.4221379),(3,502,373.7569842),(3,503,356.9693578),(3,504,916.2449432),(3,505,107.2061425),(3,506,18.23434666),(3,507,420.9737639),(3,508,62.17461065),(3,509,24.07123135),(3,510,522.3432819),(3,511,326.9886762),(3,512,961.6263732),(3,513,617.8309471),(3,514,27.05686038),(3,515,382.0983897),(3,516,970.1545496),(3,517,848.2025991),(3,518,107.5046604),(3,519,194.9605819),(3,520,1002.699718),(3,521,138.5145347),(3,522,584.9362586),(3,523,300.4955748),(3,524,695.5484817),(3,525,215.7089435),(3,526,992.9131221),(3,527,560.5125459),(3,528,224.0995772),(3,529,878.4624406),(3,530,467.1792407),(3,531,240.018136),(3,532,553.6994357),(3,533,759.5297597),(3,534,650.7604858),(3,535,640.7183875),(3,536,205.7706623),(3,537,883.3210466),(3,538,950.5909314),(3,539,74.61239773),(3,540,136.660191),(3,541,284.8831919),(3,542,995.0048744),(3,543,378.7819635),(3,544,665.5073213),(3,545,116.4127583),(3,546,679.8270608),(3,547,509.3335263),(3,548,961.9175268),(3,549,469.7304999),(3,550,472.9090852),(3,551,17.54905775),(3,552,634.1372177),(3,553,97.19088731),(3,554,12.11496488),(3,555,238.7048377),(3,556,590.3313961),(3,557,123.941705),(3,558,787.9221579),(3,559,701.4831659),(3,560,210.0848843),(3,561,467.9970121),(3,562,1000.477209),(3,563,11.06776258),(3,564,628.3944624),(3,565,634.0466209),(3,566,507.3688806),(3,567,204.741478),(3,568,611.534759),(3,569,465.5831266),(3,570,539.1743953),(3,571,856.500613),(3,572,151.9244185),(3,573,372.603318),(3,574,688.0211),(3,575,407.6150595),(3,576,275.7522327),(3,577,547.5446235),(3,578,481.3311496),(3,579,865.0922424),(3,580,787.1897266),(3,581,304.6204792),(3,582,595.4032497),(3,583,44.53634082),(3,584,290.4561932),(3,585,19.73290507),(3,586,625.0068837),(3,587,325.1436063),(3,588,869.4944992),(3,589,490.3988695),(3,590,147.8347941),(3,591,518.2177157),(3,592,446.6969975),(3,593,820.122374),(3,594,166.9698141),(3,595,228.1036977),(3,596,818.5347622),(3,597,43.78665866),(3,598,302.7689782),(3,599,48.45235217),(3,600,284.1460557),(3,601,558.5320049),(3,602,724.8208229),(3,603,909.4725501),(3,604,760.9612392),(3,605,567.3386011),(3,606,902.1788322),(3,607,383.4294762),(3,608,384.1102394),(3,609,34.3274256),(3,610,420.5832336),(3,611,240.8073191),(3,612,820.2782238),(3,613,523.8991639),(3,614,299.857396),(3,615,700.57711),(3,616,857.0771441),(3,617,373.8192391),(3,618,389.0021904),(3,619,830.6160364),(3,620,829.1778075),(3,621,9.448607742),(3,622,442.6390381),(3,623,267.9986862),(3,624,314.6391933),(3,625,642.4923476),(3,626,395.5283776),(3,627,809.0810565),(3,628,510.8070896),(3,629,468.9147084),(3,630,514.3797934),(3,631,588.3624467),(3,632,216.7952763),(3,633,451.3861375),(3,634,458.06395),(3,635,614.8899013),(3,636,143.4248069),(3,637,40.50845461),(3,638,845.7926923),(3,639,599.9626901),(3,640,976.5094041),(3,641,156.3810087),(3,642,891.1860746),(3,643,992.319271),(3,644,883.2887376),(3,645,253.2016793),(3,646,279.1272851),(3,647,946.0422396),(3,648,800.2387978),(3,649,658.9135947),(3,650,190.3176456),(3,651,903.6245584),(3,652,327.4563013),(3,653,637.6991712),(3,654,21.46271391),(3,655,1004.625684),(3,656,265.0308118),(3,657,66.15060889),(3,658,214.7546757),(3,659,934.4623194),(3,660,824.1610147),(3,661,94.9841216),(3,662,539.0957481),(3,663,960.1511273),(3,664,282.5483979),(3,665,471.5787946),(3,666,865.6392661),(3,667,797.3431296),(3,668,44.54568999),(3,669,929.5435903),(3,670,182.9496119),(3,671,121.3896417),(3,672,112.4409798),(3,673,816.6849136),(3,674,201.1037423),(3,675,210.0063047),(3,676,757.591443),(3,677,492.572352),(3,678,383.6768391),(3,679,553.3438588),(3,680,969.066035),(3,681,795.1101572),(3,682,701.6043725),(3,683,242.1044919),(3,684,763.6444886),(3,685,556.0421013),(3,686,728.2926143),(3,687,972.0712398),(3,688,220.6545691),(3,689,790.7512969),(3,690,928.4122291),(3,691,512.8103075),(3,692,378.1264126),(3,693,319.3247694),(3,694,572.2932728),(3,695,999.7941669),(3,696,250.3314952),(3,697,882.4263981),(3,698,14.23468776),(3,699,11.05346459),(3,700,184.2680058),(3,701,381.3495049),(3,702,15.563958),(3,703,424.5617998),(3,704,717.9686173),(3,705,773.1243749),(3,706,249.7326219),(3,707,665.8633368),(3,708,918.4368706),(3,709,571.0423115),(3,710,157.2500515),(3,711,117.7709664),(3,712,899.4733602),(3,713,448.104445),(3,714,508.2403421),(3,715,445.0505002),(3,716,624.8986638),(3,717,259.1425198),(3,718,174.5877792),(3,719,462.3587425),(3,720,514.840028),(3,721,229.0435874),(3,722,760.3051115),(3,723,761.5440763),(3,724,446.0297463),(3,725,512.8494579),(3,726,206.3016793),(3,727,50.21964765),(3,728,219.8296113),(3,729,451.3435646),(3,730,383.7298179),(3,731,57.32027984),(3,732,360.8183505),(3,733,500.5555387),(3,734,736.9065744),(3,735,503.8105418),(3,736,795.3900542),(3,737,47.54420072),(3,738,138.7652737),(3,739,521.5978514),(3,740,772.4104749),(3,741,1000.05285),(3,742,347.7640882),(3,743,93.24997347),(3,744,529.6616471),(3,745,248.1069434),(3,746,387.0610935),(3,747,123.6731507),(3,748,540.9987375),(3,749,157.1346195),(3,750,862.1421103),(3,751,761.6763031),(3,752,591.5727541),(3,753,400.3417495),(3,754,375.9443927),(3,755,659.1870165),(3,756,188.237277),(3,757,827.6618562),(3,758,322.9686617),(3,759,994.1608433),(3,760,177.6220089),(3,761,247.0372125),(3,762,91.40878069),(3,763,984.1539191),(3,764,686.1273618),(3,765,994.1189464),(3,766,422.3361303),(3,767,733.5265836),(3,768,969.9185868),(3,769,954.6052855),(3,770,382.3793033),(3,771,113.8091929),(3,772,28.03253751),(3,773,845.5420714),(3,774,412.7055792),(3,775,365.5851559),(3,776,860.6738854),(3,777,716.6232998),(3,778,242.3925517),(3,779,12.52738863),(3,780,174.6936499),(3,781,23.57925178),(3,782,340.2614047),(3,783,174.035508),(3,784,297.8737673),(3,785,82.03482198),(3,786,133.0741251),(3,787,1002.328531),(3,788,244.4087805),(3,789,228.582739),(3,790,102.8898955),(3,791,255.345426),(3,792,590.8707776),(3,793,905.0899652),(3,794,37.46527102),(3,795,901.231563),(3,796,614.2926459),(3,797,849.9151934),(3,798,26.19224463),(3,799,614.8699017),(3,800,740.8611431),(3,801,81.86192859),(3,802,860.4684784),(3,803,705.1048158),(3,804,806.0605598),(3,805,755.2524766),(3,806,254.8817578),(3,807,532.8431477),(3,808,732.7615739),(3,809,791.3712494),(3,810,77.22437383),(3,811,197.0350022),(3,812,254.9145409),(3,813,553.1452594),(3,814,304.7094899),(3,815,80.04694634),(3,816,251.1743794),(3,817,732.9677241),(3,818,130.9059775),(3,819,210.1952623),(3,820,391.5403001),(3,821,342.1686257),(3,822,865.8000004),(3,823,836.7221151),(3,824,335.483137),(3,825,773.5365307),(3,826,933.2153842),(3,827,762.9560746),(3,828,250.3902412),(3,829,390.3241128),(3,830,435.0917264),(3,831,902.4752972),(3,832,466.0571319),(3,833,62.97707331),(3,834,186.0965969),(3,835,538.9712937),(3,836,542.6972794),(3,837,745.1678189),(3,838,991.9084743),(3,839,24.79452656),(3,840,501.1100562),(3,841,771.6879103),(3,842,274.4331767),(3,843,530.0134651),(3,844,759.513487),(3,845,590.6543022),(3,846,635.228566),(3,847,280.1827931),(3,848,800.008314),(3,849,330.5824613),(3,850,929.261257),(3,851,507.0274871),(3,852,82.6791535),(3,853,946.5634456),(3,854,971.9696562),(3,855,947.5290843),(3,856,704.3984079),(3,857,153.2297541),(3,858,235.835403),(3,859,365.9394754),(3,860,676.4987774),(3,861,979.088283),(3,862,9.27163557),(3,863,162.9370284),(3,864,94.79367827),(3,865,249.5357492),(3,866,18.75898974),(3,867,66.07792672),(3,868,242.0893389),(3,869,495.6084955),(3,870,392.4818508),(3,871,132.3470368),(3,872,617.9676572),(3,873,272.1686678),(3,874,239.8643683),(3,875,910.7419735),(3,876,110.9041756),(3,877,923.4124702),(3,878,778.2564118),(3,879,840.2993996),(3,880,974.8533433),(3,881,911.3754868),(3,882,840.8495378),(3,883,602.6319389),(3,884,916.2862035),(3,885,156.2671666),(3,886,171.7129899),(3,887,874.5245308),(3,888,49.76177985),(3,889,465.723871),(3,890,452.487221),(3,891,315.9937163),(3,892,855.9188319),(3,893,119.4693683),(3,894,579.7467591),(3,895,295.8359468),(3,896,769.9202881),(3,897,47.06561536),(3,898,531.706251),(3,899,567.4295372),(3,900,20.6685197),(3,901,955.2888491),(3,902,323.1381136),(3,903,205.2504643),(3,904,740.0490977),(3,905,410.7803848),(3,906,947.9939948),(3,907,158.8665194),(3,908,671.2888055),(3,909,971.4376126),(3,910,43.69074489),(3,911,271.7612281),(3,912,343.7296511),(3,913,111.0878247),(3,914,285.7059607),(3,915,722.4906239),(3,916,338.018952),(3,917,499.3179453),(3,918,170.2832811),(3,919,195.6842861),(3,920,14.35795037),(3,921,602.6232615),(3,922,776.8540386),(3,923,579.6118115),(3,924,398.6479052),(3,925,634.4126882),(3,926,680.2108523),(3,927,862.674755),(3,928,275.2534864),(3,929,261.4172022),(3,930,537.0731969),(3,931,872.2177498),(3,932,273.7592339),(3,933,219.2057147),(3,934,100.1530527),(3,935,788.5446316),(3,936,387.4162295),(3,937,908.534978),(3,938,316.6085151),(3,939,62.02851894),(3,940,713.4789938),(3,941,514.6256344),(3,942,595.4703561),(3,943,110.9894706),(3,944,434.1674345),(3,945,498.8067667),(3,946,966.9817392),(3,947,813.639144),(3,948,914.9351125),(3,949,456.0465456),(3,950,493.2264956),(3,951,639.8391947),(3,952,481.5844002),(3,953,207.7603079),(3,954,888.4702308),(3,955,53.59335662),(3,956,227.6606793),(3,957,892.5342078),(3,958,208.8014378),(3,959,487.676847),(3,960,275.6686656),(3,961,887.1648348),(3,962,731.1667664),(3,963,235.9632178),(3,964,859.093393),(3,965,128.0513059),(3,966,222.9103605),(3,967,737.8227886),(3,968,698.8636136),(3,969,816.0746745),(3,970,825.8293028),(3,971,16.10149569),(3,972,875.7322642),(3,973,976.9956489),(3,974,151.771538),(3,975,948.3044339),(3,976,806.1730469),(3,977,671.3578569),(3,978,517.7681898),(3,979,57.83019126),(3,980,285.1879838),(3,981,310.9117986),(3,982,360.016679),(3,983,767.2709085),(3,984,855.0880232),(3,985,728.5076789),(3,986,846.7860139),(3,987,983.2744737),(3,988,587.9860262),(3,989,597.0139674),(3,990,613.6362763),(3,991,477.2763329),(3,992,52.93665372),(3,993,936.019087),(3,994,530.7689815),(3,995,636.3124466),(3,996,593.1666404),(3,997,959.7605118),(3,998,879.8048711),(3,999,531.1735915),(3,1000,955.1108082),(3,1001,272.9598096),(3,1002,775.6356699),(3,1003,14.76335665),(3,1004,596.3919891),(3,1005,31.72535877),(3,1006,703.679567),(3,1007,246.0517436),(3,1008,442.8944583),(3,1009,522.7725542),(3,1010,991.2852662),(3,1011,13.99965364),(3,1012,80.70869988),(3,1013,989.4337536),(3,1014,995.0978367),(3,1015,518.1872072),(3,1016,983.7447306),(3,1017,513.3488698),(3,1018,302.5440105),(3,1019,547.3795839),(3,1020,400.2970838),(3,1021,417.3008974),(3,1022,486.3232706),(3,1023,156.225214),(3,1024,83.98875907),(3,1025,370.7417892),(3,1026,617.7831324),(3,1027,10.10727707),(3,1028,708.6966257),(3,1029,989.7104188),(3,1030,451.703365),(3,1031,336.171623),(3,1032,817.2260619),(3,1033,422.8096258),(3,1034,804.8033225),(3,1035,873.8058679),(3,1036,261.9160925),(3,1037,182.3919435),(3,1038,613.5429863),(3,1039,667.4817176),(3,1040,769.2580408),(3,1041,106.5709046),(3,1042,708.6360552),(3,1043,330.7694354),(3,1044,289.5011483),(3,1045,77.13989493),(3,1046,635.1216701),(3,1047,257.6321428),(3,1048,737.6120472),(3,1049,70.86718104),(3,1050,830.5423094),(3,1051,944.5218891),(3,1052,917.3648053),(3,1053,683.2734881),(3,1054,239.633635),(3,1055,886.997903),(3,1056,190.9443719),(3,1057,694.7616689),(3,1058,303.773817),(3,1059,182.1445872),(3,1060,619.6341761),(3,1061,568.5442729),(3,1062,201.0313631),(3,1063,345.350551),(3,1064,632.9653331),(3,1065,673.0310373),(3,1066,172.0633791),(3,1067,563.8005469),(3,1068,704.6544699),(3,1069,248.7813133),(3,1070,247.8227708),(3,1071,942.1622202),(3,1072,558.7645908),(3,1073,33.91294891),(3,1074,887.2265374),(3,1075,447.0738145),(3,1076,359.1994034),(3,1077,339.044312),(3,1078,831.1601026),(3,1079,85.61680705),(3,1080,658.8999316),(3,1081,178.914913),(3,1082,85.00418719),(3,1083,478.6718316),(3,1084,816.5290615),(3,1085,232.9722813),(3,1086,392.9886758),(3,1087,509.9327106),(3,1088,954.7277767),(3,1089,247.8742885),(3,1090,103.535759),(3,1091,88.07458937),(3,1092,318.1765539),(3,1093,175.4066362),(3,1094,843.1851934),(3,1095,717.5112835),(3,1096,349.4704775),(3,1097,190.2007914),(3,1098,234.2573114),(3,1099,339.5948004),(4,0,105.0714418),(4,1,559.3950185),(4,2,632.7342868),(4,3,149.8354835),(4,4,749.4809515),(4,5,513.0741475),(4,6,210.7076543),(4,7,210.7496042),(4,8,580.6183192),(4,9,362.3309987),(4,10,643.5846213),(4,11,547.2513689),(4,12,404.1386433),(4,13,605.7225457),(4,14,589.8537776),(4,15,722.7342666),(4,16,1000.582953),(4,17,576.8668267),(4,18,443.6430445),(4,19,432.6547069),(4,20,340.2432599),(4,21,733.3027049),(4,22,922.0532889),(4,23,553.4603448),(4,24,376.5780024),(4,25,728.7819304),(4,26,634.5403549),(4,27,576.785633),(4,28,802.0733387),(4,29,100.2701281),(4,30,86.74094409),(4,31,210.3296279),(4,32,226.2245637),(4,33,834.3538968),(4,34,56.77819024),(4,35,537.4137358),(4,36,27.80740562),(4,37,384.3753225),(4,38,942.4905987),(4,39,915.7451554),(4,40,862.6058266),(4,41,848.5850633),(4,42,334.2815046),(4,43,984.0051209),(4,44,570.5444253),(4,45,357.22985),(4,46,940.2551296),(4,47,199.4119443),(4,48,556.2308078),(4,49,989.1631063),(4,50,912.4385588),(4,51,549.9396235),(4,52,506.3308355),(4,53,59.71072352),(4,54,458.3598846),(4,55,747.959501),(4,56,69.44910028),(4,57,460.1987889),(4,58,73.70691152),(4,59,515.0941307),(4,60,89.99502263),(4,61,956.8946929),(4,62,875.1889911),(4,63,859.2977897),(4,64,893.1803981),(4,65,321.1736487),(4,66,499.830374),(4,67,287.855445),(4,68,433.8712408),(4,69,260.5473733),(4,70,752.76175),(4,71,796.8506905),(4,72,752.0438551),(4,73,871.0580275),(4,74,599.0916778),(4,75,75.53858898),(4,76,969.4247964),(4,77,728.194993),(4,78,378.1036406),(4,79,276.5448398),(4,80,273.0593187),(4,81,925.1602131),(4,82,653.9670016),(4,83,10.14902129),(4,84,438.9091064),(4,85,664.2317582),(4,86,622.1862742),(4,87,60.69952248),(4,88,219.3743689),(4,89,908.3052687),(4,90,586.8401406),(4,91,899.3314465),(4,92,141.8582707),(4,93,392.3042809),(4,94,83.67581552),(4,95,574.6813991),(4,96,449.6448765),(4,97,837.0393252),(4,98,789.4630496),(4,99,172.2211176),(4,100,758.0476703),(4,101,389.4682754),(4,102,1004.80032),(4,103,621.6585026),(4,104,1002.142083),(4,105,608.8327892),(4,106,677.8906421),(4,107,305.7964379),(4,108,306.6580768),(4,109,855.4411854),(4,110,757.6879187),(4,111,239.236926),(4,112,205.9121187),(4,113,722.8266133),(4,114,13.64274984),(4,115,39.30490149),(4,116,759.5512228),(4,117,207.8967042),(4,118,214.1682582),(4,119,175.3670842),(4,120,609.5680723),(4,121,463.9606795),(4,122,662.1403563),(4,123,293.4869918),(4,124,1002.712809),(4,125,184.3967445),(4,126,453.8326262),(4,127,828.9493938),(4,128,290.092398),(4,129,850.0066258),(4,130,695.663959),(4,131,749.9327986),(4,132,962.2190306),(4,133,125.7195777),(4,134,591.0607395),(4,135,265.2488015),(4,136,979.0789003),(4,137,848.1598533),(4,138,537.0893552),(4,139,635.1641637),(4,140,499.9376612),(4,141,231.2703819),(4,142,369.4155036),(4,143,213.3751574),(4,144,41.8681171),(4,145,254.6377267),(4,146,63.43652082),(4,147,507.243567),(4,148,447.3482204),(4,149,797.6389687),(4,150,582.8853803),(4,151,583.7456201),(4,152,277.3307058),(4,153,682.2629318),(4,154,511.9926417),(4,155,360.3362661),(4,156,821.4693864),(4,157,126.797144),(4,158,537.7926561),(4,159,911.7630352),(4,160,349.3993584),(4,161,554.7512566),(4,162,329.613837),(4,163,571.1133484),(4,164,482.3806483),(4,165,945.0073836),(4,166,324.1324206),(4,167,545.1369835),(4,168,1001.768573),(4,169,40.19241677),(4,170,181.5489022),(4,171,401.8715946),(4,172,543.5019018),(4,173,793.7913058),(4,174,34.28816821),(4,175,88.39363649),(4,176,448.8495028),(4,177,662.0110318),(4,178,837.6787277),(4,179,576.4905204),(4,180,759.8548729),(4,181,362.9339406),(4,182,904.9004261),(4,183,543.8576661),(4,184,523.2371851),(4,185,51.97661743),(4,186,767.0795294),(4,187,770.4615694),(4,188,336.9882566),(4,189,338.6820235),(4,190,915.9299941),(4,191,820.4816889),(4,192,20.34660459),(4,193,338.5968628),(4,194,858.3647193),(4,195,299.3147171),(4,196,720.8411025),(4,197,233.8026493),(4,198,777.1750002),(4,199,827.2773047),(4,200,681.6261995),(4,201,113.9402773),(4,202,870.3088858),(4,203,288.2896301),(4,204,792.094767),(4,205,209.7131467),(4,206,320.6078585),(4,207,62.75516868),(4,208,811.2687376),(4,209,816.3236673),(4,210,32.62408002),(4,211,104.5089019),(4,212,681.9246258),(4,213,955.4543094),(4,214,155.988321),(4,215,251.8369943),(4,216,927.1850655),(4,217,575.4129452),(4,218,327.0368721),(4,219,629.5166227),(4,220,916.1801293),(4,221,240.7463628),(4,222,496.8794202),(4,223,926.3935853),(4,224,984.422451),(4,225,13.68047516),(4,226,795.7241956),(4,227,545.3045783),(4,228,696.3277571),(4,229,673.1846967),(4,230,404.6951455),(4,231,94.6738715),(4,232,624.494381),(4,233,521.8400695),(4,234,547.2996743),(4,235,962.479126),(4,236,450.7691432),(4,237,147.4457488),(4,238,832.6027272),(4,239,79.17540393),(4,240,501.5829813),(4,241,13.36218153),(4,242,96.85559913),(4,243,853.3290209),(4,244,673.6697031),(4,245,721.3312531),(4,246,564.9983545),(4,247,651.3238359),(4,248,524.7610667),(4,249,193.435209),(4,250,961.762253),(4,251,112.181502),(4,252,673.1897711),(4,253,417.6788611),(4,254,273.4174732),(4,255,989.6373135),(4,256,163.7923162),(4,257,666.7967678),(4,258,191.6197159),(4,259,243.3702732),(4,260,286.9807556),(4,261,678.3745309),(4,262,803.7960454),(4,263,268.9717354),(4,264,954.0242319),(4,265,927.9698021),(4,266,593.1082304),(4,267,184.4728519),(4,268,140.7783699),(4,269,131.0904011),(4,270,23.35848866),(4,271,550.5233779),(4,272,511.3129335),(4,273,147.5295907),(4,274,419.7288538),(4,275,85.94082976),(4,276,290.1274045),(4,277,148.0565285),(4,278,692.8414638),(4,279,446.9912054),(4,280,488.5692602),(4,281,340.2164012),(4,282,355.8425879),(4,283,237.6786674),(4,284,537.5810049),(4,285,675.0365486),(4,286,970.3248736),(4,287,907.0620277),(4,288,333.7683261),(4,289,633.7768823),(4,290,329.0697021),(4,291,86.97091285),(4,292,711.70713),(4,293,149.0194594),(4,294,154.1499057),(4,295,661.0399765),(4,296,593.69013),(4,297,716.2652479),(4,298,130.7156925),(4,299,526.5879546),(4,300,628.1429557),(4,301,519.1456273),(4,302,122.4095031),(4,303,503.8085364),(4,304,196.2273331),(4,305,435.9730269),(4,306,54.82144166),(4,307,246.3545593),(4,308,994.963241),(4,309,177.001466),(4,310,475.3224252),(4,311,88.04732773),(4,312,91.68115919),(4,313,244.2409296),(4,314,228.6060881),(4,315,765.3270002),(4,316,495.0006339),(4,317,533.6438096),(4,318,1001.872573),(4,319,172.7139921),(4,320,385.1944408),(4,321,353.0820239),(4,322,438.4276486),(4,323,889.8623409),(4,324,497.2569611),(4,325,309.9051191),(4,326,886.1528934),(4,327,477.3777673),(4,328,95.85280787),(4,329,886.8473051),(4,330,988.4563317),(4,331,29.71663723),(4,332,572.3516745),(4,333,917.720036),(4,334,656.1195743),(4,335,273.8566952),(4,336,754.4763114),(4,337,540.2291917),(4,338,449.7526143),(4,339,337.3326867),(4,340,757.6637872),(4,341,796.900648),(4,342,262.6597348),(4,343,797.8885839),(4,344,420.1869877),(4,345,410.8932155),(4,346,437.2305524),(4,347,159.2386772),(4,348,355.3462651),(4,349,934.9393691),(4,350,820.4689002),(4,351,613.9600052),(4,352,407.5142141),(4,353,347.2810179),(4,354,320.120408),(4,355,477.7044457),(4,356,340.1501344),(4,357,264.7996693),(4,358,829.8214548),(4,359,938.8128456),(4,360,862.2215115),(4,361,954.733633),(4,362,364.6742688),(4,363,410.5359949),(4,364,146.8849299),(4,365,586.700118),(4,366,659.1717987),(4,367,389.7116912),(4,368,245.8623525),(4,369,786.4443042),(4,370,939.5342417),(4,371,789.0182927),(4,372,551.7740918),(4,373,648.0075561),(4,374,399.7892239),(4,375,507.5698373),(4,376,830.8998391),(4,377,29.51017665),(4,378,664.7407707),(4,379,965.8946385),(4,380,665.0567746),(4,381,998.1267318),(4,382,346.6315185),(4,383,921.0799866),(4,384,730.1606056),(4,385,869.1355973),(4,386,454.206357),(4,387,367.2940808),(4,388,632.2764467),(4,389,850.5743883),(4,390,892.8750287),(4,391,851.3924399),(4,392,179.3825065),(4,393,148.3930955),(4,394,366.5119688),(4,395,494.1663461),(4,396,454.4271),(4,397,950.0034578),(4,398,822.2615664),(4,399,638.8010659),(4,400,977.8600822),(4,401,896.5963852),(4,402,249.0482006),(4,403,11.59136178),(4,404,467.3243681),(4,405,441.0574649),(4,406,933.5921139),(4,407,479.1614694),(4,408,234.6947285),(4,409,773.793383),(4,410,922.9707119),(4,411,989.4039169),(4,412,261.6419036),(4,413,730.4306087),(4,414,743.8508857),(4,415,409.5132352),(4,416,103.6678099),(4,417,630.7227885),(4,418,255.8441826),(4,419,868.0811205),(4,420,996.1441703),(4,421,182.1230392),(4,422,237.559938),(4,423,668.1479585),(4,424,589.3683386),(4,425,220.562863),(4,426,640.7496188),(4,427,79.87853153),(4,428,936.8780006),(4,429,778.093123),(4,430,690.3453733),(4,431,308.1587189),(4,432,213.1232947),(4,433,21.22302494),(4,434,687.4499152),(4,435,280.918397),(4,436,151.81692),(4,437,877.8561719),(4,438,849.8492357),(4,439,652.0578296),(4,440,290.2315489),(4,441,230.5688639),(4,442,533.2767805),(4,443,530.3724494),(4,444,350.4840551),(4,445,262.6274719),(4,446,271.6221793),(4,447,88.42079806),(4,448,956.6207803),(4,449,388.3951178),(4,450,874.872601),(4,451,145.6782904),(4,452,355.8834111),(4,453,980.1875372),(4,454,311.8713014),(4,455,490.8574575),(4,456,939.0352787),(4,457,356.5001449),(4,458,55.31188624),(4,459,432.5350762),(4,460,490.3657183),(4,461,365.0386023),(4,462,849.4179604),(4,463,918.339622),(4,464,569.6710545),(4,465,784.6950264),(4,466,739.1910262),(4,467,785.8117284),(4,468,953.2171274),(4,469,772.5639678),(4,470,649.8530944),(4,471,241.6755857),(4,472,324.2108316),(4,473,79.08228106),(4,474,265.0110486),(4,475,847.0074822),(4,476,643.9421281),(4,477,984.3273249),(4,478,877.0331596),(4,479,731.5945643),(4,480,559.5102745),(4,481,608.3060956),(4,482,93.87086087),(4,483,948.0116828),(4,484,636.95757),(4,485,782.7735808),(4,486,749.3952711),(4,487,779.1173616),(4,488,127.8539591),(4,489,472.9755144),(4,490,381.7605509),(4,491,503.9812002),(4,492,293.9588403),(4,493,396.6166497),(4,494,790.9170509),(4,495,75.41949907),(4,496,680.5648783),(4,497,388.4821186),(4,498,217.2875648),(4,499,593.0236602),(4,500,903.3119708),(4,501,7.390130363),(4,502,281.3946138),(4,503,840.711337),(4,504,252.4540917),(4,505,920.1813428),(4,506,956.2212615),(4,507,290.7054502),(4,508,92.55754233),(4,509,280.599948),(4,510,987.5580381),(4,511,968.7642793),(4,512,669.5696052),(4,513,256.959906),(4,514,815.4839522),(4,515,10.00382967),(4,516,228.274923),(4,517,597.1751147),(4,518,306.9545394),(4,519,7.809218622),(4,520,204.4800253),(4,521,514.1973874),(4,522,234.215714),(4,523,675.8726012),(4,524,738.7869361),(4,525,275.5985515),(4,526,383.0639851),(4,527,859.4347748),(4,528,880.960079),(4,529,755.5888214),(4,530,731.809602),(4,531,74.53067682),(4,532,618.218154),(4,533,806.6950109),(4,534,807.425647),(4,535,810.8955095),(4,536,503.8769297),(4,537,924.6821399),(4,538,181.0042484),(4,539,766.1966104),(4,540,531.8653856),(4,541,894.9709368),(4,542,705.3905555),(4,543,747.7352159),(4,544,557.388982),(4,545,572.6388225),(4,546,933.2519141),(4,547,811.8398707),(4,548,278.4203274),(4,549,636.0096375),(4,550,793.0831326),(4,551,763.9983527),(4,552,397.1589485),(4,553,493.8443066),(4,554,684.4731041),(4,555,79.91003931),(4,556,744.9746796),(4,557,760.3348783),(4,558,292.8159373),(4,559,990.6621269),(4,560,479.2759331),(4,561,603.2060147),(4,562,205.1579495),(4,563,313.7877019),(4,564,915.9668059),(4,565,155.586251),(4,566,596.1538146),(4,567,104.1560595),(4,568,971.9891342),(4,569,178.8774133),(4,570,545.6689901),(4,571,607.5752939),(4,572,230.3061054),(4,573,963.2513837),(4,574,37.66678054),(4,575,89.85860329),(4,576,887.2289474),(4,577,105.0568524),(4,578,989.0354677),(4,579,768.9621358),(4,580,292.7364185),(4,581,598.8810793),(4,582,100.3677656),(4,583,535.453314),(4,584,791.3476166),(4,585,475.2192387),(4,586,367.9573815),(4,587,822.7016751),(4,588,253.6823317),(4,589,42.23704477),(4,590,517.6201822),(4,591,318.9306957),(4,592,970.4820732),(4,593,325.6551805),(4,594,938.5608153),(4,595,459.4534825),(4,596,113.4885541),(4,597,834.6518338),(4,598,722.2018911),(4,599,257.2539479),(4,600,590.806757),(4,601,809.1999485),(4,602,61.35146967),(4,603,818.2466407),(4,604,719.0345944),(4,605,949.6066806),(4,606,495.7431641),(4,607,830.2494422),(4,608,68.53507288),(4,609,38.4616952),(4,610,627.9990222),(4,611,771.5435674),(4,612,935.2663461),(4,613,168.8617796),(4,614,291.8035543),(4,615,330.3206365),(4,616,5.59443451),(4,617,932.2991456),(4,618,733.4067541),(4,619,739.8263838),(4,620,601.3786542),(4,621,879.5062454),(4,622,597.3548141),(4,623,779.6780569),(4,624,117.3278284),(4,625,806.4138288),(4,626,595.0823535),(4,627,489.4440969),(4,628,93.49844341),(4,629,583.8048708),(4,630,559.1527673),(4,631,695.0207196),(4,632,750.4568758),(4,633,712.9505829),(4,634,166.3664447),(4,635,736.6890342),(4,636,179.6516172),(4,637,857.4939456),(4,638,791.1334863),(4,639,603.5641187),(4,640,701.9591959),(4,641,773.8176125),(4,642,604.754772),(4,643,451.1622005),(4,644,564.4822706),(4,645,300.9355346),(4,646,227.4559747),(4,647,117.7245967),(4,648,514.5731912),(4,649,344.1299361),(4,650,833.5462002),(4,651,884.9122446),(4,652,28.29289896),(4,653,375.1425145),(4,654,411.5787176),(4,655,343.9620518),(4,656,340.4928574),(4,657,780.9759282),(4,658,36.58006192),(4,659,283.6080461),(4,660,431.7438538),(4,661,963.7972869),(4,662,68.15077493),(4,663,328.5062555),(4,664,577.9170341),(4,665,422.0814952),(4,666,710.0077615),(4,667,279.412594),(4,668,808.7199455),(4,669,115.4092851),(4,670,555.7086226),(4,671,377.2403392),(4,672,108.2307599),(4,673,672.1344175),(4,674,513.4075964),(4,675,269.5729191),(4,676,532.9386383),(4,677,391.5102264),(4,678,672.9590933),(4,679,629.3321965),(4,680,889.8953438),(4,681,530.4870233),(4,682,588.5586429),(4,683,636.1949937),(4,684,880.1793888),(4,685,761.254682),(4,686,759.6837582),(4,687,268.6464935),(4,688,215.5468642),(4,689,929.219128),(4,690,530.8624494),(4,691,72.08809779),(4,692,328.1497326),(4,693,372.3974324),(4,694,143.7780393),(4,695,369.5523264),(4,696,231.6450326),(4,697,300.8829148),(4,698,792.4953976),(4,699,478.606162),(4,700,899.9577752),(4,701,742.8871597),(4,702,360.6510897),(4,703,999.3366126),(4,704,428.7837457),(4,705,54.91381922),(4,706,580.1347696),(4,707,95.58224139),(4,708,715.3190687),(4,709,928.3078611),(4,710,677.0474596),(4,711,402.5843114),(4,712,459.8015222),(4,713,719.3836305),(4,714,733.9114279),(4,715,855.9767991),(4,716,700.9806046),(4,717,593.9114591),(4,718,875.0386715),(4,719,348.1223443),(4,720,591.7549702),(4,721,736.614698),(4,722,182.0254357),(4,723,387.8358822),(4,724,434.4937288),(4,725,362.4774365),(4,726,513.567649),(4,727,849.2607054),(4,728,798.0281511),(4,729,222.4831084),(4,730,641.7911503),(4,731,563.1003852),(4,732,267.6787634),(4,733,831.8392221),(4,734,485.0923027),(4,735,560.520266),(4,736,22.23814911),(4,737,305.8281894),(4,738,573.6908476),(4,739,738.1957572),(4,740,858.5889258),(4,741,551.6369708),(4,742,760.3843986),(4,743,848.4449596),(4,744,511.2590753),(4,745,16.52076263),(4,746,105.9837905),(4,747,518.4986176),(4,748,268.6850639),(4,749,702.488308),(4,750,442.1575307),(4,751,116.7591864),(4,752,308.1467503),(4,753,906.3646063),(4,754,459.9906584),(4,755,751.6276221),(4,756,974.8476744),(4,757,320.6725026),(4,758,262.9220408),(4,759,567.9274155),(4,760,184.1719999),(4,761,818.6616043),(4,762,995.3311069),(4,763,435.7851951),(4,764,920.274291),(4,765,487.446872),(4,766,815.5754997),(4,767,862.1313958),(4,768,288.6398892),(4,769,989.801478),(4,770,534.18631),(4,771,863.2748976),(4,772,338.8694546),(4,773,921.4494896),(4,774,464.1598994),(4,775,956.5940024),(4,776,979.012256),(4,777,113.8107629),(4,778,571.0003838),(4,779,514.8671994),(4,780,757.8134822),(4,781,967.163768),(4,782,166.6837916),(4,783,270.1580243),(4,784,969.3587722),(4,785,976.7938535),(4,786,970.8316904),(4,787,699.9253085),(4,788,102.8780342),(4,789,846.1077539),(4,790,394.5044885),(4,791,960.8231926),(4,792,394.601441),(4,793,378.4194629),(4,794,364.1255112),(4,795,910.2689945),(4,796,607.5837062),(4,797,616.6033656),(4,798,897.2029894),(4,799,523.2875165),(4,800,794.0847112),(4,801,477.1917943),(4,802,856.0065901),(4,803,312.1205815),(4,804,418.8300223),(4,805,668.6893188),(4,806,336.382006),(4,807,262.1005706),(4,808,933.3854959),(4,809,294.2112235),(4,810,98.70701824),(4,811,620.589803),(4,812,473.2256985),(4,813,492.4133339),(4,814,60.78805801),(4,815,939.0894438),(4,816,744.2787913),(4,817,499.8600154),(4,818,453.1525817),(4,819,835.1992044),(4,820,44.59209745),(4,821,973.3164361),(4,822,365.4049615),(4,823,549.6768857),(4,824,965.7590989),(4,825,174.8813721),(4,826,989.3851677),(4,827,809.4102056),(4,828,897.0298055),(4,829,403.8879055),(4,830,833.5934928),(4,831,917.7573062),(4,832,803.1067993),(4,833,564.4939006),(4,834,797.692601),(4,835,49.41625052),(4,836,625.3567778),(4,837,511.5062126),(4,838,828.3981854),(4,839,924.3442207),(4,840,158.810431),(4,841,384.9688785),(4,842,936.0634019),(4,843,678.7368947),(4,844,937.9042436),(4,845,587.1216248),(4,846,768.2247786),(4,847,779.3463531),(4,848,528.2113362),(4,849,320.9571379),(4,850,278.4935586),(4,851,876.3760264),(4,852,210.7285701),(4,853,424.8582788),(4,854,538.3394808),(4,855,114.4065751),(4,856,424.4523531),(4,857,629.8485385),(4,858,919.6822803),(4,859,614.5422832),(4,860,398.5742387),(4,861,118.1806032),(4,862,454.960561),(4,863,290.8414203),(4,864,346.1651892),(4,865,324.2629505),(4,866,80.67092832),(4,867,164.7270438),(4,868,982.8184863),(4,869,146.0550111),(4,870,25.58660779),(4,871,413.7380797),(4,872,275.8683736),(4,873,350.5721788),(4,874,322.0151098),(4,875,311.7010137),(4,876,758.3991973),(4,877,457.0149604),(4,878,124.3422483),(4,879,902.2065706),(4,880,917.3937274),(4,881,580.0274981),(4,882,748.6089306),(4,883,251.086637),(4,884,55.92002724),(4,885,1002.360325),(4,886,506.4357193),(4,887,992.4102782),(4,888,409.9069023),(4,889,497.4553628),(4,890,346.6995357),(4,891,319.7262857),(4,892,868.6757889),(4,893,184.2012098),(4,894,650.5879382),(4,895,597.7098554),(4,896,80.66082005),(4,897,671.0581834),(4,898,34.79928519),(4,899,602.3775137),(4,900,792.9003841),(4,901,790.3871034),(4,902,286.2163902),(4,903,646.5676815),(4,904,392.3361236),(4,905,52.50115437),(4,906,913.9183941),(4,907,974.4702838),(4,908,85.79268951),(4,909,254.5122395),(4,910,35.07568403),(4,911,143.7508604),(4,912,75.54539533),(4,913,15.9913907),(4,914,320.8463136),(4,915,899.4335389),(4,916,124.156763),(4,917,61.92399445),(4,918,968.6562107),(4,919,237.1206106),(4,920,997.0858126),(4,921,901.8339383),(4,922,832.5938702),(4,923,375.4178825),(4,924,649.0667695),(4,925,443.8212459),(4,926,303.7194483),(4,927,45.46204116),(4,928,818.5832421),(4,929,301.2842832),(4,930,196.526629),(4,931,338.7055599),(4,932,651.9082079),(4,933,668.5928154),(4,934,614.960183),(4,935,430.0417669),(4,936,570.422319),(4,937,460.9327315),(4,938,872.5091945),(4,939,827.7816097),(4,940,346.5213089),(4,941,606.488441),(4,942,760.2766329),(4,943,312.1931478),(4,944,399.57458),(4,945,942.1856668),(4,946,306.4401607),(4,947,892.0701021),(4,948,892.9408276),(4,949,312.7921453),(4,950,194.3928241),(4,951,947.9939191),(4,952,365.3710342),(4,953,770.6156342),(4,954,884.8863518),(4,955,104.2271221),(4,956,769.742368),(4,957,714.2306378),(4,958,153.3934811),(4,959,168.5577031),(4,960,602.2964113),(4,961,568.6454093),(4,962,183.5089794),(4,963,590.3649004),(4,964,697.5267062),(4,965,181.883016),(4,966,169.7595986),(4,967,78.00103733),(4,968,804.0257875),(4,969,712.0254635),(4,970,817.4439552),(4,971,247.4579365),(4,972,772.2692039),(4,973,664.4890381),(4,974,774.9501294),(4,975,22.4900993),(4,976,808.7560688),(4,977,268.8681555),(4,978,257.2675401),(4,979,632.8115501),(4,980,663.8672386),(4,981,750.397053),(4,982,786.2712569),(4,983,485.5565036),(4,984,68.0437096),(4,985,791.0850674),(4,986,179.4344414),(4,987,109.1866483),(4,988,195.8666998),(4,989,881.2002621),(4,990,239.7041185),(4,991,833.4770579),(4,992,464.970968),(4,993,222.9065385),(4,994,931.1979428),(4,995,44.23433215),(4,996,694.9975391),(4,997,649.2319653),(4,998,122.3119363),(4,999,995.8632938),(4,1000,467.2578151),(4,1001,738.1184541),(4,1002,211.530467),(4,1003,352.84084),(4,1004,177.8278409),(4,1005,331.3303431),(4,1006,527.8850294),(4,1007,880.3266712),(4,1008,144.5690009),(4,1009,222.2806575),(4,1010,668.6390579),(4,1011,645.753803),(4,1012,621.7736268),(4,1013,617.9474719),(4,1014,519.1442921),(4,1015,478.0086045),(4,1016,503.7514601),(4,1017,73.99181254),(4,1018,919.3597554),(4,1019,321.2707999),(4,1020,986.409883),(4,1021,710.8015552),(4,1022,660.6516335),(4,1023,980.6477665),(4,1024,506.4320584),(4,1025,104.8496623),(4,1026,558.1399662),(4,1027,312.767044),(4,1028,437.1845395),(4,1029,789.8013878),(4,1030,82.19530484),(4,1031,922.1582082),(4,1032,983.932365),(4,1033,965.8709123),(4,1034,698.9612543),(4,1035,485.2920161),(4,1036,87.62120666),(4,1037,209.1802408),(4,1038,221.492444),(4,1039,970.9503278),(4,1040,516.3981665),(4,1041,601.1907165),(4,1042,849.6475742),(4,1043,922.1350411),(4,1044,802.8512271),(4,1045,129.9997767),(4,1046,829.0353764),(4,1047,800.7624986),(4,1048,565.7274441),(4,1049,920.6576935),(4,1050,957.602403),(4,1051,393.1688657),(4,1052,963.7072549),(4,1053,794.1167988),(4,1054,215.3312656),(4,1055,582.9687921),(4,1056,230.8717948),(4,1057,646.8792951),(4,1058,440.1532187),(4,1059,85.90651041),(4,1060,721.0246174),(4,1061,255.432654),(4,1062,163.3165168),(4,1063,585.877759),(4,1064,484.0959548),(4,1065,984.941453),(4,1066,879.8428773),(4,1067,793.6218691),(4,1068,674.0449112),(4,1069,102.4777407),(4,1070,767.9112057),(4,1071,582.2579408),(4,1072,371.4805646),(4,1073,494.1514559),(4,1074,549.4592606),(4,1075,478.2604038),(4,1076,62.68937347),(4,1077,74.30762362),(4,1078,244.835731),(4,1079,920.3852437),(4,1080,213.5983554),(4,1081,591.397999),(4,1082,617.0711854),(4,1083,852.1377148),(4,1084,584.9501074),(4,1085,624.2792287),(4,1086,148.4304238),(4,1087,178.6380409),(4,1088,443.2992361),(4,1089,986.3454557),(4,1090,722.9862289),(4,1091,979.4412513),(4,1092,221.8112795),(4,1093,190.6010276),(4,1094,685.2027479),(4,1095,856.7036211),(4,1096,449.0573689),(4,1097,943.8081762),(4,1098,35.21400275),(4,1099,629.6113351),(5,0,1000.987285),(5,1,182.1835313),(5,2,955.6197227),(5,3,845.8730826),(5,4,735.692182),(5,5,643.8529756),(5,6,59.94220795),(5,7,183.7243058),(5,8,631.8775467),(5,9,141.9524776),(5,10,61.26099713),(5,11,740.1038373),(5,12,41.73498629),(5,13,54.84660774),(5,14,996.2227114),(5,15,953.5227797),(5,16,933.0375728),(5,17,422.9601215),(5,18,748.8211545),(5,19,62.74019698),(5,20,248.9090926),(5,21,85.25465193),(5,22,381.8307733),(5,23,916.3063723),(5,24,580.4106053),(5,25,32.5595496),(5,26,705.212743),(5,27,412.4058856),(5,28,849.0403823),(5,29,9.453126147),(5,30,659.9918553),(5,31,162.0277522),(5,32,149.6068154),(5,33,711.1629346),(5,34,142.6084867),(5,35,871.7888223),(5,36,416.2067547),(5,37,886.6280646),(5,38,625.3070889),(5,39,223.3845184),(5,40,397.6647372),(5,41,76.50714718),(5,42,768.2928948),(5,43,173.9005541),(5,44,855.6579131),(5,45,528.2503879),(5,46,86.63344107),(5,47,726.8419215),(5,48,618.2201703),(5,49,92.88011229),(5,50,725.7841999),(5,51,98.80445412),(5,52,576.4620449),(5,53,175.4644008),(5,54,938.7614659),(5,55,509.4828798),(5,56,334.1813822),(5,57,129.8017115),(5,58,303.9738773),(5,59,720.7836402),(5,60,508.535287),(5,61,968.603669),(5,62,736.9909503),(5,63,898.7618743),(5,64,805.2719841),(5,65,909.0916006),(5,66,817.0896799),(5,67,921.9577697),(5,68,835.5507264),(5,69,470.668901),(5,70,12.09497556),(5,71,853.8538689),(5,72,343.2961717),(5,73,463.2956875),(5,74,507.4118397),(5,75,441.4007923),(5,76,935.714562),(5,77,623.4165416),(5,78,22.2413285),(5,79,166.4586575),(5,80,567.2076854),(5,81,149.9070564),(5,82,785.2160123),(5,83,823.5951427),(5,84,965.3261982),(5,85,946.4837792),(5,86,952.2334088),(5,87,84.54269936),(5,88,792.8265696),(5,89,544.0390291),(5,90,361.7818498),(5,91,927.2055546),(5,92,312.4634783),(5,93,988.2656624),(5,94,999.6156055),(5,95,757.0620519),(5,96,636.9035553),(5,97,132.8315015),(5,98,7.213553236),(5,99,314.7680899),(5,100,702.6714877),(5,101,50.02979445),(5,102,16.02091191),(5,103,74.73228532),(5,104,480.070043),(5,105,317.0669326),(5,106,984.2819508),(5,107,798.9132964),(5,108,173.8823435),(5,109,574.2511094),(5,110,675.8399695),(5,111,569.9118092),(5,112,147.0941414),(5,113,553.6573415),(5,114,553.3592294),(5,115,834.670638),(5,116,621.1899874),(5,117,390.9413805),(5,118,385.8808204),(5,119,924.6923116),(5,120,719.1253775),(5,121,635.8525458),(5,122,155.4702877),(5,123,127.8813512),(5,124,623.1612137),(5,125,632.4243947),(5,126,956.3672481),(5,127,159.6297391),(5,128,674.0041955),(5,129,502.7573323),(5,130,672.8790442),(5,131,243.7648257),(5,132,946.3302614),(5,133,217.3362497),(5,134,747.4841678),(5,135,689.8033938),(5,136,924.0353195),(5,137,605.0754578),(5,138,848.3877863),(5,139,618.3524439),(5,140,252.1643836),(5,141,964.6329323),(5,142,113.0944799),(5,143,389.4608425),(5,144,9.3082548),(5,145,453.4776012),(5,146,163.594971),(5,147,868.3997005),(5,148,564.2808135),(5,149,19.47524446),(5,150,161.8647655),(5,151,537.0926842),(5,152,648.4608661),(5,153,34.08348468),(5,154,973.0222006),(5,155,91.85589717),(5,156,790.8449569),(5,157,779.6716702),(5,158,98.42690239),(5,159,516.3665203),(5,160,893.3372499),(5,161,287.7148247),(5,162,64.20488145),(5,163,272.8891025),(5,164,469.726425),(5,165,55.79472216),(5,166,58.76208507),(5,167,856.0072479),(5,168,853.1975968),(5,169,317.9297903),(5,170,327.0597688),(5,171,399.4850064),(5,172,829.5840006),(5,173,251.0955786),(5,174,375.9132496),(5,175,533.3137171),(5,176,633.8660383),(5,177,628.984334),(5,178,569.4643827),(5,179,370.2956961),(5,180,121.9774293),(5,181,799.1660936),(5,182,818.5282274),(5,183,713.5889243),(5,184,439.35086),(5,185,517.9502159),(5,186,300.3666356),(5,187,366.7910217),(5,188,751.5279144),(5,189,143.0147678),(5,190,121.4650613),(5,191,665.8483502),(5,192,380.5960971),(5,193,227.0844209),(5,194,27.82907862),(5,195,437.9813248),(5,196,137.1826724),(5,197,251.0820593),(5,198,228.3245848),(5,199,138.7794686),(5,200,958.6445197),(5,201,9.51749799),(5,202,617.0747036),(5,203,492.2694632),(5,204,486.9106418),(5,205,397.0010643),(5,206,770.7020524),(5,207,768.5502095),(5,208,165.5595262),(5,209,380.4137637),(5,210,305.2532261),(5,211,941.7412326),(5,212,158.7011984),(5,213,304.9319704),(5,214,766.2820531),(5,215,675.2316326),(5,216,942.0920061),(5,217,574.0584048),(5,218,544.7772276),(5,219,378.6861407),(5,220,587.2495586),(5,221,784.4544008),(5,222,46.05075227),(5,223,188.5368271),(5,224,961.481337),(5,225,751.3844247),(5,226,491.162927),(5,227,36.25488127),(5,228,696.3716993),(5,229,318.1367636),(5,230,350.1379179),(5,231,290.8421069),(5,232,436.4583713),(5,233,137.7957108),(5,234,136.0897569),(5,235,418.7837836),(5,236,827.6173985),(5,237,976.9263666),(5,238,1001.904697),(5,239,66.85890854),(5,240,901.8818776),(5,241,807.0025229),(5,242,471.8237093),(5,243,380.473632),(5,244,470.7259033),(5,245,686.964093),(5,246,911.906227),(5,247,624.2009307),(5,248,112.7763575),(5,249,424.6155027),(5,250,116.8632242),(5,251,994.6013923),(5,252,1004.740846),(5,253,271.8643226),(5,254,678.4192614),(5,255,302.7492779),(5,256,60.63813778),(5,257,754.4340193),(5,258,528.152405),(5,259,514.9525617),(5,260,391.3841613),(5,261,929.0561856),(5,262,795.1468808),(5,263,932.5369041),(5,264,213.7302343),(5,265,551.3072155),(5,266,835.1617451),(5,267,65.54125203),(5,268,302.7560007),(5,269,584.876055),(5,270,560.0541794),(5,271,425.2117087),(5,272,966.2362165),(5,273,87.19376262),(5,274,862.0736199),(5,275,882.8846499),(5,276,701.5811788),(5,277,212.4985535),(5,278,320.7145467),(5,279,741.0502352),(5,280,701.6038047),(5,281,734.8811301),(5,282,574.0517743),(5,283,522.221575),(5,284,437.3034746),(5,285,272.3510914),(5,286,396.3774889),(5,287,574.4329883),(5,288,286.9899851),(5,289,670.9337556),(5,290,55.91024567),(5,291,752.4495308),(5,292,166.7427925),(5,293,43.60047326),(5,294,84.97812291),(5,295,290.7501298),(5,296,220.8485125),(5,297,451.9088266),(5,298,365.0813846),(5,299,784.0980142),(5,300,280.2342265),(5,301,564.2168174),(5,302,454.6215204),(5,303,795.6638039),(5,304,988.740631),(5,305,251.5350265),(5,306,316.6482644),(5,307,502.2778155),(5,308,800.4263086),(5,309,158.4114859),(5,310,825.1001705),(5,311,94.36576615),(5,312,16.63940365),(5,313,633.728466),(5,314,860.7935692),(5,315,127.4159993),(5,316,498.0748717),(5,317,529.7662389),(5,318,804.9069539),(5,319,748.9884268),(5,320,431.0745554),(5,321,379.6116163),(5,322,301.5171269),(5,323,443.743274),(5,324,548.9454263),(5,325,213.0644008),(5,326,950.7090157),(5,327,819.2625518),(5,328,264.5265546),(5,329,476.3916602),(5,330,661.1041098),(5,331,542.0967718),(5,332,328.4080028),(5,333,600.749192),(5,334,715.1839503),(5,335,423.0154478),(5,336,180.58509),(5,337,76.34830721),(5,338,585.9057589),(5,339,376.275527),(5,340,471.2791609),(5,341,139.6433282),(5,342,328.5020276),(5,343,665.6218125),(5,344,160.3516956),(5,345,522.8169093),(5,346,675.5133888),(5,347,506.4005814),(5,348,469.8789839),(5,349,974.5293776),(5,350,473.0627165),(5,351,755.7615222),(5,352,743.2998325),(5,353,30.67628801),(5,354,628.1508411),(5,355,123.9668887),(5,356,761.3257001),(5,357,939.5256843),(5,358,81.46408567),(5,359,200.7971005),(5,360,816.6330857),(5,361,26.52375669),(5,362,408.320316),(5,363,527.4658071),(5,364,568.9588377),(5,365,288.7595223),(5,366,805.3337136),(5,367,984.2199016),(5,368,34.85427139),(5,369,460.9386726),(5,370,20.83084041),(5,371,207.4904395),(5,372,779.3389568),(5,373,700.3752202),(5,374,559.4442846),(5,375,82.82245709),(5,376,190.5461385),(5,377,552.614053),(5,378,308.9306517),(5,379,313.8456624),(5,380,532.7879811),(5,381,408.5504153),(5,382,878.2723523),(5,383,772.6486064),(5,384,879.4011855),(5,385,7.880029465),(5,386,297.1983106),(5,387,49.17804308),(5,388,71.80610591),(5,389,714.4301604),(5,390,729.3945871),(5,391,341.588198),(5,392,962.3453375),(5,393,355.9516794),(5,394,84.04863736),(5,395,546.8144569),(5,396,761.8650049),(5,397,925.0444966),(5,398,323.4840718),(5,399,998.9982438),(5,400,463.612412),(5,401,584.2723384),(5,402,708.6673125),(5,403,664.5620129),(5,404,832.2052838),(5,405,680.7075223),(5,406,104.8856786),(5,407,859.8997328),(5,408,250.829467),(5,409,397.0343465),(5,410,834.5030743),(5,411,335.1677615),(5,412,351.5647609),(5,413,950.0934409),(5,414,230.7814012),(5,415,529.5072724),(5,416,557.5802541),(5,417,272.9127965),(5,418,554.8667536),(5,419,810.7915217),(5,420,437.8831434),(5,421,709.4050721),(5,422,833.7276385),(5,423,945.0164033),(5,424,315.8983732),(5,425,124.3739972),(5,426,522.4544607),(5,427,957.2528516),(5,428,143.1672083),(5,429,953.9173181),(5,430,667.5239367),(5,431,736.4283212),(5,432,22.64524304),(5,433,293.7771712),(5,434,865.0267781),(5,435,215.5007962),(5,436,382.4121894),(5,437,660.8453229),(5,438,742.1415952),(5,439,792.8973461),(5,440,940.1316324),(5,441,314.8613317),(5,442,213.8882784),(5,443,659.6262485),(5,444,775.2233671),(5,445,985.1841431),(5,446,492.9936138),(5,447,497.0572198),(5,448,966.6547974),(5,449,687.6413557),(5,450,429.9528471),(5,451,180.3805796),(5,452,652.956238),(5,453,158.9029331),(5,454,742.1911912),(5,455,403.1867305),(5,456,560.0579329),(5,457,848.8029313),(5,458,460.2814402),(5,459,764.2778652),(5,460,861.7929913),(5,461,416.820971),(5,462,202.8330177),(5,463,673.3889121),(5,464,710.654511),(5,465,888.9131023),(5,466,793.7904043),(5,467,845.1125927),(5,468,929.9220539),(5,469,972.7700867),(5,470,368.6403925),(5,471,136.2740555),(5,472,583.8595161),(5,473,70.38507504),(5,474,966.9139589),(5,475,145.9617557),(5,476,318.0739085),(5,477,173.9850272),(5,478,44.14229256),(5,479,396.3503637),(5,480,264.0712937),(5,481,451.8659705),(5,482,332.2376047),(5,483,770.6299962),(5,484,290.2799168),(5,485,82.00313252),(5,486,787.3407271),(5,487,412.0324782),(5,488,339.4661298),(5,489,634.4058825),(5,490,748.3994511),(5,491,657.8077326),(5,492,637.3676709),(5,493,415.8707813),(5,494,471.6997537),(5,495,452.992414),(5,496,791.1807806),(5,497,520.688795),(5,498,327.3080954),(5,499,430.5214022),(5,500,250.384355),(5,501,425.3494709),(5,502,211.1402324),(5,503,716.1203725),(5,504,832.6340858),(5,505,920.0519683),(5,506,313.3487732),(5,507,510.7820362),(5,508,825.4778903),(5,509,44.94166366),(5,510,160.6789088),(5,511,99.58409922),(5,512,169.9183699),(5,513,862.8575531),(5,514,710.582439),(5,515,604.7999412),(5,516,732.8072166),(5,517,639.277992),(5,518,820.9075204),(5,519,206.0691566),(5,520,887.3266152),(5,521,849.3974047),(5,522,146.6019883),(5,523,640.7788465),(5,524,601.4675334),(5,525,262.1068943),(5,526,998.2507165),(5,527,772.55724),(5,528,254.2438975),(5,529,426.1161779),(5,530,634.0710945),(5,531,262.7086854),(5,532,466.8743355),(5,533,1004.355975),(5,534,905.7285226),(5,535,300.6433876),(5,536,64.37765026),(5,537,31.83251487),(5,538,929.8597885),(5,539,160.6698227),(5,540,569.8453944),(5,541,439.1392133),(5,542,355.7886934),(5,543,810.0171962),(5,544,170.150357),(5,545,83.87039665),(5,546,672.3228975),(5,547,99.29964149),(5,548,279.9963566),(5,549,323.9463666),(5,550,159.1818942),(5,551,26.31939024),(5,552,905.6816018),(5,553,936.4664627),(5,554,259.3286368),(5,555,81.48796473),(5,556,515.2804609),(5,557,402.861496),(5,558,124.4222096),(5,559,878.0547041),(5,560,720.5821945),(5,561,316.4765997),(5,562,142.8872031),(5,563,310.3654925),(5,564,429.3971146),(5,565,29.56729483),(5,566,36.36769652),(5,567,129.652645),(5,568,620.1585319),(5,569,112.9920934),(5,570,209.2955733),(5,571,435.587445),(5,572,746.9236919),(5,573,859.7979568),(5,574,655.0258033),(5,575,606.122735),(5,576,139.9487452),(5,577,943.6772863),(5,578,894.7417932),(5,579,219.9039443),(5,580,704.8305205),(5,581,29.84522053),(5,582,697.5895684),(5,583,96.78814124),(5,584,459.6153893),(5,585,807.1577833),(5,586,516.7081102),(5,587,95.93533643),(5,588,259.0336375),(5,589,929.3794386),(5,590,953.8122691),(5,591,332.910082),(5,592,984.7008237),(5,593,10.72034429),(5,594,772.9049685),(5,595,236.9948772),(5,596,633.1036843),(5,597,509.7347596),(5,598,775.6363763),(5,599,234.1813363),(5,600,203.1191499),(5,601,361.7101833),(5,602,973.0306709),(5,603,289.6822466),(5,604,161.8656506),(5,605,448.2129333),(5,606,40.59697412),(5,607,618.8243377),(5,608,505.1722474),(5,609,847.054913),(5,610,541.2995923),(5,611,369.8369489),(5,612,80.74932511),(5,613,76.63862513),(5,614,446.9544116),(5,615,368.9007438),(5,616,146.5600667),(5,617,677.1093859),(5,618,736.690647),(5,619,104.2670231),(5,620,683.6296113),(5,621,708.8510795),(5,622,69.41494759),(5,623,199.3607502),(5,624,354.2737632),(5,625,397.7737853),(5,626,141.5534002),(5,627,82.4273718),(5,628,39.11114004),(5,629,990.1513914),(5,630,238.7716304),(5,631,845.6095322),(5,632,982.1642406),(5,633,689.5002327),(5,634,683.5192497),(5,635,612.2246495),(5,636,760.7359232),(5,637,348.5777557),(5,638,912.9830914),(5,639,705.428166),(5,640,970.6287467),(5,641,308.5456925),(5,642,274.8789911),(5,643,759.7146301),(5,644,439.9769284),(5,645,141.3834647),(5,646,678.2692107),(5,647,170.7862214),(5,648,932.4070688),(5,649,199.6527458),(5,650,491.8060362),(5,651,782.6122185),(5,652,126.6084145),(5,653,279.3366015),(5,654,197.7321178),(5,655,515.1132967),(5,656,403.1105126),(5,657,521.280912),(5,658,989.2116515),(5,659,290.1298084),(5,660,429.0392467),(5,661,693.1380695),(5,662,449.503705),(5,663,628.4980426),(5,664,450.730011),(5,665,462.4102311),(5,666,552.1771611),(5,667,998.966703),(5,668,642.2682038),(5,669,824.9361365),(5,670,539.9730793),(5,671,169.1534767),(5,672,118.4969057),(5,673,346.8074742),(5,674,840.8799794),(5,675,306.3484115),(5,676,915.6853799),(5,677,847.3669395),(5,678,21.49436897),(5,679,165.5906488),(5,680,407.2394017),(5,681,509.2598648),(5,682,949.8002337),(5,683,790.6438167),(5,684,950.2346111),(5,685,835.6428798),(5,686,79.82907982),(5,687,66.45089997),(5,688,161.2946052),(5,689,89.50921002),(5,690,74.38948137),(5,691,72.44077318),(5,692,964.5499516),(5,693,150.0713447),(5,694,942.4577577),(5,695,844.3181843),(5,696,20.51012865),(5,697,880.5597828),(5,698,159.6151978),(5,699,955.3838738),(5,700,406.9132495),(5,701,597.1701312),(5,702,174.8532986),(5,703,549.2406703),(5,704,746.9060601),(5,705,256.4786855),(5,706,177.8207695),(5,707,470.0212816),(5,708,999.0542699),(5,709,579.7133396),(5,710,321.5007356),(5,711,735.9939669),(5,712,813.6454541),(5,713,862.5638342),(5,714,539.8024807),(5,715,923.758119),(5,716,255.9867784),(5,717,426.4488758),(5,718,115.7254481),(5,719,75.50120222),(5,720,812.1898395),(5,721,955.9776448),(5,722,565.4118093),(5,723,209.4903346),(5,724,894.3101782),(5,725,145.165655),(5,726,543.5880959),(5,727,113.4137424),(5,728,788.5702694),(5,729,210.1115416),(5,730,152.6355323),(5,731,255.3888314),(5,732,631.9789449),(5,733,835.5161088),(5,734,85.29949852),(5,735,468.8624437),(5,736,744.7864623),(5,737,443.5538914),(5,738,702.0665002),(5,739,25.89877913),(5,740,166.0873093),(5,741,328.1347971),(5,742,664.7066341),(5,743,600.6403996),(5,744,920.6763496),(5,745,415.9395586),(5,746,375.8753748),(5,747,859.9037276),(5,748,41.28613122),(5,749,737.5559822),(5,750,536.9965908),(5,751,971.3685785),(5,752,395.6700368),(5,753,429.6158106),(5,754,311.4926247),(5,755,495.0959464),(5,756,809.5872556),(5,757,363.6584675),(5,758,74.03154126),(5,759,612.3637683),(5,760,287.274283),(5,761,129.9625415),(5,762,221.8668817),(5,763,743.4891804),(5,764,485.7636966),(5,765,633.7826237),(5,766,287.8757435),(5,767,79.91021675),(5,768,381.0808485),(5,769,234.4653874),(5,770,257.0851449),(5,771,422.2443712),(5,772,535.2878918),(5,773,492.1815583),(5,774,822.946346),(5,775,741.1530953),(5,776,85.66786567),(5,777,110.0924656),(5,778,327.1755746),(5,779,141.2317228),(5,780,773.5970799),(5,781,8.363657885),(5,782,566.2149747),(5,783,306.8012511),(5,784,735.4242661),(5,785,315.5304181),(5,786,112.5355793),(5,787,685.3997334),(5,788,100.6350165),(5,789,610.0814514),(5,790,543.7034823),(5,791,401.984057),(5,792,396.947086),(5,793,484.3880508),(5,794,890.2625111),(5,795,232.2193668),(5,796,192.6778117),(5,797,288.8711176),(5,798,321.637419),(5,799,434.2966353),(5,800,709.8701704),(5,801,618.6526382),(5,802,832.8010458),(5,803,386.4609968),(5,804,932.9439673),(5,805,482.3345341),(5,806,463.038132),(5,807,355.7954651),(5,808,990.9088871),(5,809,477.5822832),(5,810,216.3904036),(5,811,854.1883678),(5,812,114.9574911),(5,813,288.3120942),(5,814,737.319145),(5,815,393.9865768),(5,816,991.3149947),(5,817,915.2230627),(5,818,488.9871166),(5,819,398.0343549),(5,820,254.6721497),(5,821,599.0695274),(5,822,868.4579296),(5,823,843.8693599),(5,824,532.4230093),(5,825,913.9268072),(5,826,960.3084806),(5,827,439.8717919),(5,828,570.3408819),(5,829,244.0981055),(5,830,420.4526226),(5,831,678.4720365),(5,832,305.4568139),(5,833,919.2183717),(5,834,746.462539),(5,835,644.5293363),(5,836,409.3089316),(5,837,953.1264481),(5,838,809.3409327),(5,839,619.7216917),(5,840,522.8467398),(5,841,544.4263293),(5,842,99.48771519),(5,843,447.2942247),(5,844,179.1695782),(5,845,126.2558475),(5,846,948.1525766),(5,847,482.1275739),(5,848,720.5216924),(5,849,144.4260046),(5,850,858.4701249),(5,851,42.79786001),(5,852,102.7112001),(5,853,727.4767689),(5,854,297.0891503),(5,855,210.2817969),(5,856,727.477373),(5,857,562.6861972),(5,858,653.2633162),(5,859,582.964309),(5,860,79.5618818),(5,861,794.4951787),(5,862,616.1025664),(5,863,514.3155865),(5,864,297.8142628),(5,865,940.3425128),(5,866,808.2219052),(5,867,63.4007625),(5,868,503.2521116),(5,869,926.4824858),(5,870,672.7364494),(5,871,326.273738),(5,872,162.8199816),(5,873,181.508402),(5,874,221.2271976),(5,875,898.0036273),(5,876,369.4095898),(5,877,386.5058868),(5,878,243.671516),(5,879,606.6788694),(5,880,926.3798066),(5,881,272.1612761),(5,882,67.93106694),(5,883,92.47334377),(5,884,776.830724),(5,885,13.5807367),(5,886,147.0053925),(5,887,976.3840442),(5,888,244.7615963),(5,889,261.5307334),(5,890,446.0363083),(5,891,573.018518),(5,892,299.0100023),(5,893,784.2275858),(5,894,481.2840221),(5,895,236.0795189),(5,896,547.4469989),(5,897,963.0777918),(5,898,251.1407038),(5,899,917.4043729),(5,900,259.7334478),(5,901,932.0953248),(5,902,741.1203508),(5,903,659.3688026),(5,904,515.7185923),(5,905,682.0987398),(5,906,355.7409307),(5,907,632.0839319),(5,908,659.6229815),(5,909,952.9658636),(5,910,119.9455265),(5,911,428.1424),(5,912,234.1766439),(5,913,188.6101034),(5,914,962.5993047),(5,915,137.6937126),(5,916,299.7868941),(5,917,606.321919),(5,918,676.9926676),(5,919,391.7215332),(5,920,39.54180778),(5,921,227.2025066),(5,922,306.2161976),(5,923,213.751455),(5,924,325.0005363),(5,925,835.8797964),(5,926,517.1552962),(5,927,431.4906575),(5,928,201.7194127),(5,929,345.6522052),(5,930,973.3047979),(5,931,246.9126216),(5,932,913.5370909),(5,933,333.3270682),(5,934,700.3422927),(5,935,534.4828026),(5,936,650.0580951),(5,937,728.3870615),(5,938,335.4754175),(5,939,339.188777),(5,940,453.043983),(5,941,210.4658491),(5,942,396.3976836),(5,943,600.3902034),(5,944,639.6492393),(5,945,922.0749666),(5,946,424.5484524),(5,947,117.8736529),(5,948,587.550182),(5,949,70.30653687),(5,950,263.5987613),(5,951,17.28066437),(5,952,938.4071206),(5,953,589.1628476),(5,954,78.11984897),(5,955,308.1672986),(5,956,54.50270936),(5,957,448.3531199),(5,958,971.792324),(5,959,928.3966884),(5,960,236.4856006),(5,961,178.7361309),(5,962,304.3736372),(5,963,523.4643219),(5,964,395.8666679),(5,965,227.5660812),(5,966,49.32094107),(5,967,11.45546185),(5,968,643.5891254),(5,969,553.2222341),(5,970,744.3372817),(5,971,919.9765989),(5,972,335.9672251),(5,973,818.153382),(5,974,660.8276736),(5,975,783.4702022),(5,976,267.4058759),(5,977,283.7946375),(5,978,982.4788831),(5,979,423.0902794),(5,980,925.2805788),(5,981,820.8016108),(5,982,916.9877108),(5,983,585.0741858),(5,984,79.77216754),(5,985,715.0088681),(5,986,354.4980968),(5,987,955.2297141),(5,988,693.6041688),(5,989,6.06732093),(5,990,53.04351054),(5,991,434.3980784),(5,992,901.1234682),(5,993,620.3057742),(5,994,329.5544477),(5,995,791.4394875),(5,996,648.7039196),(5,997,314.7618445),(5,998,637.3772081),(5,999,689.3156306),(5,1000,655.9568321),(5,1001,146.2708717),(5,1002,541.207688),(5,1003,215.7587908),(5,1004,173.9028988),(5,1005,65.67479171),(5,1006,586.1790836),(5,1007,933.4359935),(5,1008,193.7039789),(5,1009,69.03071395),(5,1010,516.1942393),(5,1011,528.2202613),(5,1012,206.268439),(5,1013,1003.343426),(5,1014,819.8536584),(5,1015,197.8081535),(5,1016,941.7311191),(5,1017,167.4598257),(5,1018,264.5311193),(5,1019,104.7750734),(5,1020,360.5084399),(5,1021,171.6902969),(5,1022,1004.906185),(5,1023,284.8369915),(5,1024,362.6394669),(5,1025,578.1095454),(5,1026,349.4148526),(5,1027,425.7347),(5,1028,342.8377193),(5,1029,344.2855557),(5,1030,994.0053053),(5,1031,78.64159242),(5,1032,637.3801379),(5,1033,411.3521728),(5,1034,268.3839617),(5,1035,592.2354599),(5,1036,692.7667692),(5,1037,442.2011751),(5,1038,673.6790386),(5,1039,76.48242046),(5,1040,582.7065079),(5,1041,317.425036),(5,1042,300.4967353),(5,1043,34.54407011),(5,1044,941.2229767),(5,1045,740.6717636),(5,1046,47.6734766),(5,1047,292.3400068),(5,1048,606.6389531),(5,1049,480.0016672),(5,1050,328.0138454),(5,1051,112.106234),(5,1052,671.1354986),(5,1053,951.3029862),(5,1054,883.7560057),(5,1055,512.910027),(5,1056,477.6744274),(5,1057,414.8024299),(5,1058,257.8203952),(5,1059,388.0716703),(5,1060,87.83799303),(5,1061,402.2501901),(5,1062,465.2269019),(5,1063,309.647461),(5,1064,404.5426761),(5,1065,753.5986604),(5,1066,313.64073),(5,1067,351.878481),(5,1068,292.9850622),(5,1069,696.8767306),(5,1070,105.3914301),(5,1071,607.0341268),(5,1072,573.7372065),(5,1073,350.5313332),(5,1074,610.2263259),(5,1075,294.4576717),(5,1076,324.3614969),(5,1077,589.9817691),(5,1078,285.212596),(5,1079,998.2737612),(5,1080,730.7413069),(5,1081,583.0139638),(5,1082,539.7283618),(5,1083,235.797578),(5,1084,132.829621),(5,1085,597.6620757),(5,1086,442.2066478),(5,1087,197.2092852),(5,1088,731.1295623),(5,1089,477.21783),(5,1090,706.1530138),(5,1091,794.0327359),(5,1092,349.7669887),(5,1093,403.6980556),(5,1094,121.0276556),(5,1095,724.7642722),(5,1096,565.1488305),(5,1097,893.1270828),(5,1098,365.7888133),(5,1099,321.5358532),(6,0,74.36107604),(6,1,59.68673706),(6,2,346.1162406),(6,3,409.48117),(6,4,33.98369628),(6,5,380.9347866),(6,6,574.7983032),(6,7,994.7204478),(6,8,648.7994538),(6,9,887.1770129),(6,10,69.43042113),(6,11,913.5324116),(6,12,14.51793379),(6,13,49.03179016),(6,14,443.3964502),(6,15,434.4345098),(6,16,586.7773502),(6,17,696.3954487),(6,18,576.643345),(6,19,578.4658934),(6,20,552.1037582),(6,21,279.5951686),(6,22,789.6405992),(6,23,631.241288),(6,24,434.8988927),(6,25,455.8765236),(6,26,314.7726066),(6,27,899.5450303),(6,28,362.9861603),(6,29,807.6439551),(6,30,737.3459761),(6,31,228.0203105),(6,32,545.5422873),(6,33,123.1603769),(6,34,313.7982698),(6,35,862.034964),(6,36,199.882985),(6,37,890.6592393),(6,38,590.1039323),(6,39,548.9805261),(6,40,29.42253965),(6,41,395.8739734),(6,42,599.0093287),(6,43,211.0044437),(6,44,316.1940893),(6,45,858.4973324),(6,46,896.2410267),(6,47,532.0274316),(6,48,694.0519059),(6,49,874.4187429),(6,50,376.4180786),(6,51,628.8477765),(6,52,686.8603262),(6,53,679.6560712),(6,54,931.1749425),(6,55,537.2118262),(6,56,210.686388),(6,57,695.1279941),(6,58,878.0798981),(6,59,629.8115783),(6,60,967.1429626),(6,61,926.7314037),(6,62,147.9674028),(6,63,241.0711685),(6,64,786.742924),(6,65,568.8946254),(6,66,240.1015264),(6,67,770.2191755),(6,68,144.5940028),(6,69,645.0821755),(6,70,485.2311109),(6,71,997.0941619),(6,72,57.77709659),(6,73,302.8989306),(6,74,818.8990513),(6,75,967.6167405),(6,76,968.4392266),(6,77,806.3121344),(6,78,144.5286389),(6,79,655.7210705),(6,80,157.1648009),(6,81,626.6905792),(6,82,955.2854552),(6,83,563.2140768),(6,84,824.1262829),(6,85,970.1679001),(6,86,980.5899985),(6,87,903.8147089),(6,88,760.6928863),(6,89,765.7655919),(6,90,587.6826153),(6,91,240.9973296),(6,92,930.563958),(6,93,622.0922577),(6,94,394.6171731),(6,95,214.1430801),(6,96,544.782595),(6,97,57.65256588),(6,98,520.2802133),(6,99,187.6106669),(6,100,706.7082603),(6,101,882.3737469),(6,102,926.5885409),(6,103,713.0415008),(6,104,858.2981221),(6,105,759.3797937),(6,106,598.8109357),(6,107,708.9023966),(6,108,113.2655248),(6,109,657.3503641),(6,110,52.20141684),(6,111,411.0617531),(6,112,22.02466691),(6,113,869.9156676),(6,114,386.1554866),(6,115,656.1933905),(6,116,494.5708255),(6,117,625.2649715),(6,118,203.2000628),(6,119,86.44752252),(6,120,353.010883),(6,121,793.7225864),(6,122,169.0791369),(6,123,372.3004087),(6,124,510.2634832),(6,125,704.3124428),(6,126,85.64605112),(6,127,919.1468791),(6,128,449.410301),(6,129,239.8025071),(6,130,271.1962407),(6,131,739.5555798),(6,132,430.5298873),(6,133,197.1432184),(6,134,538.5774174),(6,135,779.7396133),(6,136,986.8257174),(6,137,486.3029522),(6,138,84.98344571),(6,139,641.3757567),(6,140,702.1162196),(6,141,565.95031),(6,142,155.493704),(6,143,13.0589375),(6,144,420.766667),(6,145,357.7242064),(6,146,981.0400399),(6,147,123.3077786),(6,148,113.9405939),(6,149,413.6738924),(6,150,197.1069556),(6,151,584.9363553),(6,152,158.6639169),(6,153,222.3366537),(6,154,937.1889903),(6,155,143.1163637),(6,156,439.0535565),(6,157,632.6620054),(6,158,963.9126858),(6,159,217.5298228),(6,160,407.7877607),(6,161,794.7347697),(6,162,908.1546414),(6,163,456.0820742),(6,164,449.5271274),(6,165,769.8524302),(6,166,976.1460434),(6,167,801.3023077),(6,168,101.7740595),(6,169,540.843861),(6,170,960.426957),(6,171,550.7467793),(6,172,287.8177538),(6,173,841.3436094),(6,174,837.738113),(6,175,122.6527646),(6,176,1003.254063),(6,177,453.9619943),(6,178,681.8149513),(6,179,582.5299183),(6,180,610.5387979),(6,181,987.7102941),(6,182,318.0423462),(6,183,460.372608),(6,184,576.5087062),(6,185,181.5279768),(6,186,801.0632729),(6,187,983.6533455),(6,188,333.6846408),(6,189,985.9103814),(6,190,723.8266585),(6,191,610.1493798),(6,192,672.8934974),(6,193,999.4396009),(6,194,274.7958188),(6,195,322.0017793),(6,196,77.75780875),(6,197,823.1491197),(6,198,61.75783699),(6,199,351.0676791),(6,200,683.483103),(6,201,769.5111797),(6,202,880.052154),(6,203,14.28240043),(6,204,117.4075759),(6,205,572.0345322),(6,206,742.9336688),(6,207,866.2165991),(6,208,102.8333714),(6,209,82.84978795),(6,210,112.0935199),(6,211,841.7988694),(6,212,109.4012385),(6,213,453.6401221),(6,214,778.2101652),(6,215,530.77826),(6,216,523.655514),(6,217,423.7015588),(6,218,5.541379978),(6,219,574.8937471),(6,220,677.0511842),(6,221,838.343849),(6,222,51.9165888),(6,223,501.6036975),(6,224,933.5045884),(6,225,94.30628133),(6,226,901.5366224),(6,227,5.07805076),(6,228,896.4212527),(6,229,438.2391446),(6,230,848.9821684),(6,231,141.3476667),(6,232,454.4889818),(6,233,683.4651032),(6,234,967.3979365),(6,235,491.214182),(6,236,393.2992236),(6,237,824.9237365),(6,238,782.1648032),(6,239,902.5294913),(6,240,409.4271889),(6,241,722.1336023),(6,242,493.2235208),(6,243,186.5931838),(6,244,930.7411425),(6,245,943.4311602),(6,246,39.63340793),(6,247,522.0610773),(6,248,577.0705951),(6,249,952.452871),(6,250,74.44929603),(6,251,83.20511945),(6,252,437.9930612),(6,253,332.6038951),(6,254,173.3240101),(6,255,337.7741536),(6,256,695.3474104),(6,257,99.80427478),(6,258,139.5510109),(6,259,38.0022826),(6,260,963.1640248),(6,261,286.1636459),(6,262,885.8580059),(6,263,359.6530102),(6,264,486.1889113),(6,265,359.029937),(6,266,454.0443292),(6,267,864.1979516),(6,268,764.5562269),(6,269,789.0227671),(6,270,49.74638066),(6,271,49.97743419),(6,272,245.0276891),(6,273,70.08628853),(6,274,61.2032812),(6,275,700.9535992),(6,276,505.9414741),(6,277,175.0902325),(6,278,540.561301),(6,279,871.3764243),(6,280,858.0042779),(6,281,229.2652287),(6,282,413.0302805),(6,283,385.2271745),(6,284,417.077408),(6,285,380.5001582),(6,286,368.2535684),(6,287,505.9476622),(6,288,794.3311005),(6,289,959.0723249),(6,290,735.4703743),(6,291,204.2796882),(6,292,526.7676526),(6,293,434.2778935),(6,294,340.3809217),(6,295,578.3174685),(6,296,67.86029646),(6,297,779.8559383),(6,298,884.4266817),(6,299,433.7464681),(6,300,144.5822799),(6,301,294.0993253),(6,302,345.2588314),(6,303,623.7133925),(6,304,818.7857685),(6,305,34.7371869),(6,306,938.8468651),(6,307,640.6658425),(6,308,314.4515904),(6,309,819.0483913),(6,310,893.7405929),(6,311,195.7395694),(6,312,865.3600019),(6,313,469.9184899),(6,314,881.3372566),(6,315,621.447203),(6,316,533.5411538),(6,317,849.1082982),(6,318,151.0251555),(6,319,254.2697241),(6,320,87.40202975),(6,321,663.7752561),(6,322,597.7135713),(6,323,177.6794015),(6,324,607.6595852),(6,325,1003.950268),(6,326,193.9718932),(6,327,52.39117456),(6,328,258.8369341),(6,329,481.8847459),(6,330,265.6462467),(6,331,872.4782434),(6,332,975.3509423),(6,333,160.6156751),(6,334,57.05787672),(6,335,606.6764441),(6,336,88.55588825),(6,337,451.1417402),(6,338,627.7902318),(6,339,311.1715292),(6,340,295.0581668),(6,341,477.2131303),(6,342,668.2604936),(6,343,238.1010383),(6,344,50.575975),(6,345,145.6312957),(6,346,954.0197123),(6,347,412.8442823),(6,348,809.0738602),(6,349,907.8934581),(6,350,13.95498147),(6,351,751.9828896),(6,352,544.8383625),(6,353,566.5681696),(6,354,916.3755053),(6,355,831.5739908),(6,356,74.85859055),(6,357,393.4430385),(6,358,294.6427731),(6,359,811.8897572),(6,360,76.93061597),(6,361,980.2393102),(6,362,687.0002556),(6,363,199.1344449),(6,364,752.3670468),(6,365,601.3169118),(6,366,770.979126),(6,367,182.6165522),(6,368,272.3706584),(6,369,227.776995),(6,370,614.2296265),(6,371,890.2511112),(6,372,795.9876226),(6,373,19.81722801),(6,374,35.11694106),(6,375,8.191558177),(6,376,536.2748418),(6,377,547.5230999),(6,378,993.2865922),(6,379,967.2488435),(6,380,757.0246501),(6,381,693.4788042),(6,382,56.82066017),(6,383,388.910957),(6,384,522.4436268),(6,385,173.4272411),(6,386,474.5717339),(6,387,587.5876791),(6,388,687.8551335),(6,389,71.42407352),(6,390,642.432891),(6,391,803.3955698),(6,392,859.0241096),(6,393,690.794049),(6,394,224.2935907),(6,395,332.2913669),(6,396,122.1721518),(6,397,341.2149383),(6,398,263.3537832),(6,399,753.8570293),(6,400,610.4262581),(6,401,115.8688627),(6,402,40.23760578),(6,403,710.4336981),(6,404,538.440777),(6,405,116.0727597),(6,406,698.1416578),(6,407,603.9865543),(6,408,544.6588423),(6,409,357.2554014),(6,410,645.121367),(6,411,853.5121179),(6,412,327.2088933),(6,413,135.1854942),(6,414,672.7945211),(6,415,205.9996023),(6,416,304.6147811),(6,417,679.5279581),(6,418,160.8563568),(6,419,942.3198299),(6,420,765.0731223),(6,421,325.0638989),(6,422,132.1698489),(6,423,235.6490134),(6,424,949.7878145),(6,425,433.6327167),(6,426,379.0354263),(6,427,235.1460809),(6,428,897.5884205),(6,429,270.2165075),(6,430,941.388822),(6,431,537.214228),(6,432,552.0719315),(6,433,554.357445),(6,434,468.5790324),(6,435,114.6979231),(6,436,365.3369261),(6,437,352.0702309),(6,438,695.5897076),(6,439,444.6008872),(6,440,610.8793365),(6,441,565.7139707),(6,442,668.4711657),(6,443,843.4973665),(6,444,472.8299012),(6,445,603.8244565),(6,446,986.3538878),(6,447,46.28774411),(6,448,555.3238391),(6,449,983.5199305),(6,450,962.1913804),(6,451,406.3608928),(6,452,159.8567207),(6,453,580.3565234),(6,454,250.5683508),(6,455,247.2870253),(6,456,406.0752385),(6,457,124.8432849),(6,458,721.2193132),(6,459,49.23581864),(6,460,309.9582578),(6,461,342.3817119),(6,462,719.9110913),(6,463,919.2941082),(6,464,185.2543049),(6,465,225.0540646),(6,466,47.73619378),(6,467,573.7358801),(6,468,859.0937004),(6,469,79.16781958),(6,470,616.3280907),(6,471,326.1921505),(6,472,358.8566293),(6,473,39.11178579),(6,474,888.6933194),(6,475,608.4836507),(6,476,707.7516415),(6,477,24.45911062),(6,478,465.8869848),(6,479,609.3360933),(6,480,22.66443044),(6,481,901.0994166),(6,482,416.4775762),(6,483,597.6023153),(6,484,220.103997),(6,485,84.52494112),(6,486,107.9116779),(6,487,17.23117962),(6,488,241.6041181),(6,489,118.5597828),(6,490,686.8265082),(6,491,122.9700686),(6,492,687.9414849),(6,493,432.7605836),(6,494,519.8159274),(6,495,246.3850179),(6,496,281.3271075),(6,497,600.4258183),(6,498,786.5695006),(6,499,282.1388124),(6,500,442.2053677),(6,501,305.4280775),(6,502,831.8136865),(6,503,768.4053212),(6,504,677.558486),(6,505,389.4212214),(6,506,818.2371812),(6,507,246.6611746),(6,508,532.0941826),(6,509,319.8646575),(6,510,161.6865352),(6,511,15.44388303),(6,512,437.3659726),(6,513,596.5054519),(6,514,477.4684756),(6,515,423.5010257),(6,516,519.2495011),(6,517,439.2557212),(6,518,513.842435),(6,519,402.9082762),(6,520,402.0233545),(6,521,315.6151239),(6,522,514.6072894),(6,523,555.6226108),(6,524,482.7415211),(6,525,811.6683289),(6,526,913.9058817),(6,527,558.7205953),(6,528,438.6721939),(6,529,673.5062859),(6,530,140.5650253),(6,531,279.6003237),(6,532,874.118009),(6,533,470.9084185),(6,534,623.4561805),(6,535,830.5524184),(6,536,14.20730419),(6,537,721.6457352),(6,538,866.0812212),(6,539,675.3149694),(6,540,603.5952078),(6,541,772.3992299),(6,542,275.1671453),(6,543,799.7111534),(6,544,851.5092496),(6,545,631.4387268),(6,546,88.40736954),(6,547,54.21392372),(6,548,551.774495),(6,549,937.9591331),(6,550,82.23569065),(6,551,990.0949518),(6,552,172.1568695),(6,553,606.7736089),(6,554,914.2473617),(6,555,707.6290641),(6,556,454.0251305),(6,557,675.5933112),(6,558,423.7539246),(6,559,998.6180645),(6,560,381.0085954),(6,561,765.821626),(6,562,20.80011566),(6,563,364.0144172),(6,564,469.1452633),(6,565,785.7164268),(6,566,863.6407919),(6,567,105.6513448),(6,568,683.6077541),(6,569,849.5412746),(6,570,640.9166318),(6,571,241.5324036),(6,572,153.8560228),(6,573,898.537562),(6,574,698.2197763),(6,575,256.9833824),(6,576,535.1697138),(6,577,644.2890437),(6,578,932.7872699),(6,579,351.4198079),(6,580,384.9935401),(6,581,333.3529632),(6,582,599.8820289),(6,583,647.2837063),(6,584,569.6119411),(6,585,132.1240709),(6,586,273.156541),(6,587,833.2585828),(6,588,137.6043845),(6,589,364.4542067),(6,590,775.5611887),(6,591,397.2580246),(6,592,836.9896369),(6,593,533.1472016),(6,594,187.9504507),(6,595,291.4405188),(6,596,56.10706841),(6,597,992.2409918),(6,598,488.872426),(6,599,886.2360568),(6,600,869.3221891),(6,601,456.4271653),(6,602,17.9022172),(6,603,846.6317536),(6,604,991.6133265),(6,605,114.2412323),(6,606,516.5368224),(6,607,513.585418),(6,608,45.94990177),(6,609,643.7136915),(6,610,839.6728467),(6,611,779.753868),(6,612,895.4871741),(6,613,29.60471382),(6,614,963.1225687),(6,615,38.74607719),(6,616,230.349033),(6,617,918.2073068),(6,618,971.8786198),(6,619,441.189042),(6,620,332.600597),(6,621,527.7078811),(6,622,614.9672038),(6,623,811.261603),(6,624,758.1874829),(6,625,92.47091487),(6,626,892.7701061),(6,627,727.6124272),(6,628,793.492913),(6,629,396.4308272),(6,630,757.3198898),(6,631,138.9823421),(6,632,472.0036366),(6,633,193.3936819),(6,634,579.3510488),(6,635,78.89575923),(6,636,452.1947539),(6,637,658.1323117),(6,638,418.7043269),(6,639,937.5488391),(6,640,185.270369),(6,641,657.822166),(6,642,464.1739844),(6,643,958.0030691),(6,644,741.5470516),(6,645,392.140328),(6,646,843.0247042),(6,647,628.4571465),(6,648,797.3246203),(6,649,250.4812739),(6,650,972.1337713),(6,651,313.6642942),(6,652,118.1701778),(6,653,971.551307),(6,654,281.6977092),(6,655,721.3773815),(6,656,78.29531064),(6,657,34.64343742),(6,658,448.3285658),(6,659,288.798118),(6,660,678.4565519),(6,661,580.1897535),(6,662,737.7419571),(6,663,606.9102892),(6,664,786.3968951),(6,665,364.9724281),(6,666,777.6584282),(6,667,750.7887513),(6,668,425.6020554),(6,669,238.5412866),(6,670,478.2471346),(6,671,555.9360789),(6,672,479.9890205),(6,673,893.6648385),(6,674,815.8889016),(6,675,14.25579229),(6,676,599.9945912),(6,677,946.3209388),(6,678,529.6474666),(6,679,441.1856451),(6,680,178.2777797),(6,681,81.91547907),(6,682,624.9970896),(6,683,529.4973193),(6,684,373.1346639),(6,685,980.0758937),(6,686,605.5028804),(6,687,989.6203984),(6,688,852.1144993),(6,689,479.8200588),(6,690,75.63522568),(6,691,638.6620799),(6,692,526.2807167),(6,693,795.575152),(6,694,98.96451681),(6,695,966.138818),(6,696,333.4701586),(6,697,409.1679316),(6,698,397.7123323),(6,699,997.4360428),(6,700,507.7539856),(6,701,510.6155462),(6,702,553.0489794),(6,703,1000.269609),(6,704,383.6299426),(6,705,501.2248745),(6,706,913.7525217),(6,707,512.638085),(6,708,107.267626),(6,709,847.2107012),(6,710,46.05718495),(6,711,307.537961),(6,712,220.7170787),(6,713,917.909607),(6,714,255.2094781),(6,715,948.6437243),(6,716,118.2137937),(6,717,435.4988527),(6,718,212.0293123),(6,719,305.065501),(6,720,432.5716479),(6,721,339.0202971),(6,722,155.6560962),(6,723,733.4239076),(6,724,394.3983631),(6,725,141.9595251),(6,726,226.2145098),(6,727,865.0236106),(6,728,627.3009487),(6,729,998.4190524),(6,730,968.6229509),(6,731,898.8167399),(6,732,207.0691582),(6,733,685.8614154),(6,734,760.0323084),(6,735,141.8640617),(6,736,937.6476081),(6,737,628.9164375),(6,738,365.0170084),(6,739,63.4694354),(6,740,245.0043161),(6,741,287.9942844),(6,742,367.4750884),(6,743,13.91868833),(6,744,652.5828044),(6,745,933.6859582),(6,746,800.2896979),(6,747,674.7094808),(6,748,702.0996831),(6,749,794.6316804),(6,750,81.43695734),(6,751,490.3454886),(6,752,862.2646535),(6,753,186.6039242),(6,754,695.7586356),(6,755,24.64688029),(6,756,691.3096327),(6,757,401.7231101),(6,758,340.6111333),(6,759,130.6407874),(6,760,663.4712914),(6,761,706.4917798),(6,762,146.9961606),(6,763,756.8971069),(6,764,593.7018479),(6,765,882.8328275),(6,766,181.3059578),(6,767,261.1615342),(6,768,402.3659419),(6,769,842.797745),(6,770,520.1640468),(6,771,686.075399),(6,772,595.4967346),(6,773,955.3742172),(6,774,898.7852091),(6,775,385.9170621),(6,776,72.56336579),(6,777,893.7165061),(6,778,368.3955799),(6,779,991.4735667),(6,780,953.9537551),(6,781,153.548582),(6,782,742.7734193),(6,783,983.4786115),(6,784,174.4992442),(6,785,608.3836),(6,786,811.537636),(6,787,875.1315274),(6,788,429.2349399),(6,789,292.4735883),(6,790,753.7242558),(6,791,779.9572374),(6,792,421.5168794),(6,793,721.036854),(6,794,658.3474342),(6,795,339.3073458),(6,796,90.09258584),(6,797,866.8534456),(6,798,807.7324174),(6,799,213.3630284),(6,800,687.0483553),(6,801,489.3048182),(6,802,202.4294902),(6,803,949.8875502),(6,804,370.3245251),(6,805,116.1226268),(6,806,348.679955),(6,807,252.2566467),(6,808,464.6827447),(6,809,567.7948246),(6,810,791.2176492),(6,811,464.9045382),(6,812,853.2342191),(6,813,898.7583787),(6,814,356.4473719),(6,815,55.31664732),(6,816,109.6660566),(6,817,561.8136469),(6,818,620.1692645),(6,819,455.2243255),(6,820,939.9799212),(6,821,890.2049349),(6,822,907.9417715),(6,823,774.0266557),(6,824,804.8822826),(6,825,10.69004641),(6,826,376.2308899),(6,827,664.4008378),(6,828,858.0741876),(6,829,141.2447243),(6,830,174.9297489),(6,831,379.1517935),(6,832,28.2003436),(6,833,976.4837861),(6,834,442.8320728),(6,835,324.4691705),(6,836,545.5774792),(6,837,288.2671457),(6,838,494.6503548),(6,839,338.5428397),(6,840,237.46962),(6,841,272.6798131),(6,842,366.9024955),(6,843,441.2203634),(6,844,574.5172706),(6,845,42.12361908),(6,846,282.1167075),(6,847,425.115622),(6,848,854.2601314),(6,849,907.0626594),(6,850,120.7885976),(6,851,228.2739246),(6,852,546.2226135),(6,853,594.2690056),(6,854,409.3257039),(6,855,706.4743356),(6,856,899.9721995),(6,857,712.500004),(6,858,685.4629626),(6,859,250.0028867),(6,860,919.8663295),(6,861,363.4268411),(6,862,234.4704991),(6,863,329.6403509),(6,864,299.7874351),(6,865,549.1448733),(6,866,959.9617325),(6,867,186.699316),(6,868,311.5575643),(6,869,586.5768913),(6,870,513.5802222),(6,871,795.4743135),(6,872,485.1458521),(6,873,869.7195414),(6,874,614.3044242),(6,875,771.9387796),(6,876,458.7023391),(6,877,719.1992845),(6,878,78.60330583),(6,879,74.07406693),(6,880,780.8306133),(6,881,71.15396932),(6,882,718.598897),(6,883,45.15943401),(6,884,284.0346004),(6,885,712.2834565),(6,886,304.5171347),(6,887,185.1054261),(6,888,878.4593097),(6,889,641.5575021),(6,890,941.3818524),(6,891,83.59122141),(6,892,952.0244444),(6,893,156.3016063),(6,894,17.07661297),(6,895,548.9452169),(6,896,8.649628643),(6,897,285.0027804),(6,898,550.7425518),(6,899,649.8789729),(6,900,430.9523403),(6,901,166.1892125),(6,902,802.4607083),(6,903,358.6311009),(6,904,406.1915213),(6,905,151.337883),(6,906,696.6646275),(6,907,941.5336923),(6,908,768.6949036),(6,909,616.7513392),(6,910,674.8297526),(6,911,645.5769778),(6,912,726.0576181),(6,913,367.2539636),(6,914,535.616756),(6,915,960.4138485),(6,916,919.2560658),(6,917,838.8556304),(6,918,444.4144845),(6,919,436.2716826),(6,920,5.194870945),(6,921,640.6070917),(6,922,343.8508582),(6,923,375.9709005),(6,924,292.8399389),(6,925,34.16338674),(6,926,567.4646432),(6,927,684.2783308),(6,928,235.8702304),(6,929,698.3337485),(6,930,803.3506467),(6,931,575.0244496),(6,932,980.9144318),(6,933,647.9026503),(6,934,984.2389922),(6,935,248.7715774),(6,936,491.4088888),(6,937,813.5185729),(6,938,128.5557012),(6,939,934.1897072),(6,940,955.3412794),(6,941,748.0457261),(6,942,883.9180839),(6,943,80.58063412),(6,944,1004.182098),(6,945,177.0731185),(6,946,531.5160097),(6,947,42.6242352),(6,948,409.6727719),(6,949,606.8755205),(6,950,29.27658067),(6,951,945.0560623),(6,952,208.8532735),(6,953,917.1225028),(6,954,226.8630032),(6,955,356.6120437),(6,956,26.51712411),(6,957,403.0705237),(6,958,890.0412194),(6,959,909.6913791),(6,960,366.501634),(6,961,805.8667333),(6,962,415.8280694),(6,963,15.29692503),(6,964,565.6773488),(6,965,395.6866861),(6,966,887.4529206),(6,967,868.7845772),(6,968,828.3612505),(6,969,651.4975591),(6,970,241.1342687),(6,971,358.4868905),(6,972,414.6376449),(6,973,688.0862752),(6,974,310.3567763),(6,975,250.009462),(6,976,847.4648854),(6,977,255.8305691),(6,978,181.2854707),(6,979,299.1408166),(6,980,673.7699271),(6,981,615.2324527),(6,982,323.0914183),(6,983,334.6055189),(6,984,604.977823),(6,985,211.67395),(6,986,921.492076),(6,987,623.0375988),(6,988,813.4023534),(6,989,713.0272605),(6,990,95.76259002),(6,991,529.131395),(6,992,573.4022354),(6,993,1003.244788),(6,994,161.1583105),(6,995,574.5665036),(6,996,236.1348612),(6,997,606.0741057),(6,998,777.1198747),(6,999,256.2931704),(6,1000,688.9778947),(6,1001,865.2898423),(6,1002,454.3554434),(6,1003,322.1978927),(6,1004,229.1767729),(6,1005,401.6595619),(6,1006,51.05494199),(6,1007,204.1480727),(6,1008,964.0599276),(6,1009,242.1999164),(6,1010,604.9707631),(6,1011,306.4745154),(6,1012,83.29340358),(6,1013,937.7137314),(6,1014,676.3115892),(6,1015,980.4418531),(6,1016,536.4658202),(6,1017,862.2814187),(6,1018,602.1876744),(6,1019,877.1171347),(6,1020,45.88834933),(6,1021,166.7072561),(6,1022,795.6279688),(6,1023,751.9069446),(6,1024,407.2882274),(6,1025,97.74013973),(6,1026,302.1541538),(6,1027,307.3759715),(6,1028,269.0434684),(6,1029,244.6087177),(6,1030,112.0034473),(6,1031,892.690436),(6,1032,512.5895204),(6,1033,955.4448031),(6,1034,270.9490765),(6,1035,454.8861841),(6,1036,986.2175531),(6,1037,424.0357727),(6,1038,86.21883716),(6,1039,384.2299708),(6,1040,288.4962388),(6,1041,380.0793801),(6,1042,126.5054757),(6,1043,605.5771221),(6,1044,936.3288922),(6,1045,267.1225129),(6,1046,18.75659855),(6,1047,797.3883703),(6,1048,808.023027),(6,1049,970.3189446),(6,1050,702.4583974),(6,1051,464.6004693),(6,1052,867.7684496),(6,1053,793.0346711),(6,1054,829.738556),(6,1055,288.1218481),(6,1056,477.5035157),(6,1057,422.2381774),(6,1058,678.238085),(6,1059,285.2757437),(6,1060,465.6870176),(6,1061,532.2309906),(6,1062,747.6222952),(6,1063,287.112539),(6,1064,977.983762),(6,1065,458.6307476),(6,1066,407.4412516),(6,1067,960.6745139),(6,1068,93.82643573),(6,1069,865.8365453),(6,1070,702.2464952),(6,1071,695.3538313),(6,1072,704.3934762),(6,1073,483.4433646),(6,1074,396.7677376),(6,1075,274.8815298),(6,1076,37.21186096),(6,1077,294.1662924),(6,1078,77.55413591),(6,1079,200.1958636),(6,1080,133.4303337),(6,1081,73.83502275),(6,1082,800.3626234),(6,1083,573.6246755),(6,1084,175.0060402),(6,1085,113.6306223),(6,1086,668.8848692),(6,1087,232.0658324),(6,1088,697.3828167),(6,1089,300.0449057),(6,1090,513.7570301),(6,1091,647.7915863),(6,1092,432.6285778),(6,1093,256.0555515),(6,1094,315.9883364),(6,1095,54.12974404),(6,1096,528.9942172),(6,1097,159.1101648),(6,1098,573.362681),(6,1099,279.511419),(7,0,242.0763299),(7,1,570.4247688),(7,2,81.6894145),(7,3,506.9431217),(7,4,295.9918941),(7,5,288.8014267),(7,6,736.057368),(7,7,220.213109),(7,8,58.40979426),(7,9,741.3361666),(7,10,441.6022942),(7,11,497.2813962),(7,12,918.6447518),(7,13,107.5112732),(7,14,645.2206083),(7,15,737.9136831),(7,16,122.59284),(7,17,449.0376312),(7,18,281.3075958),(7,19,42.52654542),(7,20,396.7591621),(7,21,27.64826628),(7,22,289.7804448),(7,23,42.04839388),(7,24,936.4661819),(7,25,178.4900493),(7,26,482.279841),(7,27,777.2266792),(7,28,243.3168722),(7,29,289.1511872),(7,30,145.1809423),(7,31,831.3767944),(7,32,967.7640039),(7,33,359.4928666),(7,34,71.59856652),(7,35,964.1871671),(7,36,217.1141007),(7,37,200.3851353),(7,38,730.2045948),(7,39,566.2303701),(7,40,306.3095988),(7,41,316.3605458),(7,42,610.8991466),(7,43,795.3013458),(7,44,474.4669875),(7,45,862.2215404),(7,46,1001.234773),(7,47,525.0121549),(7,48,839.064531),(7,49,379.3265246),(7,50,335.2102302),(7,51,126.285771),(7,52,908.738599),(7,53,262.962326),(7,54,915.7403233),(7,55,218.1926395),(7,56,317.1155384),(7,57,207.8231103),(7,58,532.5078776),(7,59,484.4380914),(7,60,506.6531231),(7,61,433.3694039),(7,62,196.3359868),(7,63,126.0729881),(7,64,133.4797497),(7,65,593.9919475),(7,66,58.8700212),(7,67,889.3545146),(7,68,709.7246378),(7,69,396.6698216),(7,70,713.8966003),(7,71,389.32896),(7,72,10.38701134),(7,73,269.9845068),(7,74,240.5453573),(7,75,457.6310204),(7,76,196.0357014),(7,77,444.183656),(7,78,1003.447443),(7,79,405.7455643),(7,80,525.4047957),(7,81,787.9378123),(7,82,28.10212005),(7,83,431.2110972),(7,84,808.204642),(7,85,266.5188438),(7,86,416.4573518),(7,87,742.5687898),(7,88,845.1717077),(7,89,804.7971889),(7,90,697.2179088),(7,91,343.6068832),(7,92,899.7407081),(7,93,218.8577339),(7,94,461.7765668),(7,95,484.080107),(7,96,524.5188744),(7,97,708.3733861),(7,98,757.0278697),(7,99,229.9263463),(7,100,193.6175622),(7,101,890.2980114),(7,102,479.6360508),(7,103,962.3262451),(7,104,126.581488),(7,105,123.3927002),(7,106,40.62961451),(7,107,283.0196732),(7,108,942.2359903),(7,109,451.7224208),(7,110,807.5200928),(7,111,982.2964293),(7,112,685.3547047),(7,113,978.9617297),(7,114,107.9618305),(7,115,419.9649112),(7,116,709.3559054),(7,117,185.7792573),(7,118,507.0792026),(7,119,122.8087885),(7,120,931.9409342),(7,121,181.578851),(7,122,444.2508809),(7,123,953.0388543),(7,124,1004.470551),(7,125,24.24305309),(7,126,340.0479979),(7,127,919.5285605),(7,128,572.0783884),(7,129,729.1061676),(7,130,381.5516782),(7,131,764.4792874),(7,132,43.71976275),(7,133,592.483402),(7,134,521.6906189),(7,135,566.6997229),(7,136,914.1752463),(7,137,823.8619401),(7,138,298.788491),(7,139,744.9618362),(7,140,964.5263505),(7,141,610.5535843),(7,142,164.5498372),(7,143,833.1670853),(7,144,715.4849372),(7,145,101.7801232),(7,146,236.5066367),(7,147,781.5709657),(7,148,400.488109),(7,149,462.1637246),(7,150,117.9550284),(7,151,10.43053859),(7,152,456.4944161),(7,153,146.4776145),(7,154,629.4909401),(7,155,416.9009644),(7,156,106.245879),(7,157,907.4487952),(7,158,710.867088),(7,159,235.4244961),(7,160,922.1527657),(7,161,694.1264943),(7,162,33.91898127),(7,163,843.433816),(7,164,225.9021092),(7,165,134.0700585),(7,166,813.1406781),(7,167,770.0415234),(7,168,122.2299459),(7,169,517.6288929),(7,170,532.4806242),(7,171,508.4502633),(7,172,337.5472878),(7,173,934.4731731),(7,174,310.6801823),(7,175,30.76998812),(7,176,601.3106606),(7,177,600.9892656),(7,178,80.75450208),(7,179,32.79313887),(7,180,702.4901922),(7,181,527.2606404),(7,182,956.6993282),(7,183,345.7825801),(7,184,873.849614),(7,185,270.4875282),(7,186,501.3661867),(7,187,58.51239543),(7,188,709.4930529),(7,189,36.38609165),(7,190,8.651902629),(7,191,274.3149115),(7,192,241.7128946),(7,193,790.7504195),(7,194,314.1418922),(7,195,821.3007062),(7,196,221.8531475),(7,197,523.3284358),(7,198,835.5792678),(7,199,98.96189866),(7,200,886.8379002),(7,201,277.9460857),(7,202,918.2626084),(7,203,745.6252934),(7,204,844.9435257),(7,205,195.7034926),(7,206,443.6632745),(7,207,903.3256823),(7,208,803.4244975),(7,209,423.8216049),(7,210,270.6796339),(7,211,310.8227429),(7,212,407.6072297),(7,213,390.5162648),(7,214,639.0827504),(7,215,595.2968125),(7,216,215.7597241),(7,217,320.7141635),(7,218,843.8713435),(7,219,859.4123878),(7,220,856.8995028),(7,221,529.0814506),(7,222,639.1182504),(7,223,920.0971788),(7,224,821.2652759),(7,225,317.2992161),(7,226,640.0478868),(7,227,986.2576366),(7,228,775.2598525),(7,229,645.3326411),(7,230,105.906462),(7,231,976.1704571),(7,232,437.9820463),(7,233,282.7960496),(7,234,211.6237405),(7,235,316.5616723),(7,236,437.7642277),(7,237,174.720355),(7,238,314.8412419),(7,239,90.34587917),(7,240,764.4894028),(7,241,645.7541477),(7,242,83.33907733),(7,243,432.8419141),(7,244,713.7752039),(7,245,177.3923986),(7,246,612.9228499),(7,247,348.2935233),(7,248,54.61378218),(7,249,650.4658763),(7,250,432.7762554),(7,251,390.5563888),(7,252,331.5651463),(7,253,281.0093162),(7,254,238.0999785),(7,255,558.4067978),(7,256,106.219344),(7,257,811.2538291),(7,258,854.7014247),(7,259,212.5060809),(7,260,259.4538134),(7,261,975.2242444),(7,262,318.5739014),(7,263,91.35661895),(7,264,452.250496),(7,265,853.731093),(7,266,454.4824751),(7,267,630.882676),(7,268,887.9731712),(7,269,154.5668601),(7,270,531.7541616),(7,271,495.8953727),(7,272,387.7170882),(7,273,579.0993858),(7,274,111.1222913),(7,275,50.72023487),(7,276,862.0008513),(7,277,739.1173011),(7,278,967.3599515),(7,279,7.018457163),(7,280,408.3522495),(7,281,177.3561592),(7,282,776.8769917),(7,283,375.1745578),(7,284,619.7310244),(7,285,592.6098096),(7,286,666.1481827),(7,287,846.2833483),(7,288,522.4194862),(7,289,41.02490211),(7,290,551.4016163),(7,291,485.8899737),(7,292,809.9950595),(7,293,718.666637),(7,294,867.32332),(7,295,464.2946835),(7,296,575.940085),(7,297,522.3048907),(7,298,682.3163626),(7,299,750.5480124),(7,300,256.9087585),(7,301,54.83287568),(7,302,491.5794654),(7,303,12.92339304),(7,304,231.713327),(7,305,501.738641),(7,306,358.5987982),(7,307,902.2255836),(7,308,799.9457906),(7,309,444.8853064),(7,310,670.5276063),(7,311,77.49426549),(7,312,155.5278734),(7,313,338.3786269),(7,314,836.3189316),(7,315,104.4782378),(7,316,173.3894071),(7,317,866.932521),(7,318,523.7295544),(7,319,695.7561192),(7,320,152.2993338),(7,321,201.5700808),(7,322,684.3626609),(7,323,186.0623182),(7,324,275.6849381),(7,325,92.45232465),(7,326,872.2888854),(7,327,791.7485062),(7,328,997.1469737),(7,329,456.6581078),(7,330,442.7922681),(7,331,90.2460649),(7,332,31.32402078),(7,333,188.5960014),(7,334,725.8738814),(7,335,41.95601715),(7,336,747.7044086),(7,337,750.9473819),(7,338,481.5551174),(7,339,874.2019461),(7,340,276.0512669),(7,341,758.615826),(7,342,359.0361023),(7,343,457.8760081),(7,344,542.4054183),(7,345,783.7145072),(7,346,275.2597241),(7,347,167.7156498),(7,348,741.8102894),(7,349,583.1824399),(7,350,154.8929078),(7,351,1000.986364),(7,352,438.7826514),(7,353,817.9782125),(7,354,32.90637919),(7,355,785.9224791),(7,356,511.8034975),(7,357,752.547797),(7,358,555.2371571),(7,359,785.5823085),(7,360,51.74381645),(7,361,713.4735734),(7,362,862.1875439),(7,363,707.5033612),(7,364,304.1485172),(7,365,450.3281474),(7,366,46.76511082),(7,367,293.0489696),(7,368,926.9660383),(7,369,214.1054509),(7,370,813.9543814),(7,371,517.1335144),(7,372,527.8721107),(7,373,147.3093842),(7,374,482.0042564),(7,375,707.0929689),(7,376,842.9755515),(7,377,660.6441161),(7,378,618.8271141),(7,379,756.7603274),(7,380,759.6519467),(7,381,811.29904),(7,382,439.7477174),(7,383,967.6255173),(7,384,201.0978612),(7,385,231.3257325),(7,386,161.566024),(7,387,571.5398477),(7,388,326.941645),(7,389,352.7085207),(7,390,149.9979293),(7,391,570.4180736),(7,392,717.8639484),(7,393,373.9147787),(7,394,66.30506831),(7,395,835.0919336),(7,396,634.4662759),(7,397,754.1929996),(7,398,902.5561134),(7,399,354.3002833),(7,400,256.752907),(7,401,473.3559094),(7,402,659.3103517),(7,403,534.4828337),(7,404,181.4771784),(7,405,22.76112953),(7,406,646.2687562),(7,407,594.7499549),(7,408,643.4439306),(7,409,348.2331379),(7,410,698.3909333),(7,411,58.6610546),(7,412,222.161165),(7,413,262.3072131),(7,414,425.1950987),(7,415,116.9781421),(7,416,917.2709618),(7,417,858.3014214),(7,418,114.8720015),(7,419,723.1074133),(7,420,894.1132369),(7,421,581.0485761),(7,422,482.9314587),(7,423,879.2515706),(7,424,353.3954228),(7,425,32.03691192),(7,426,783.8466332),(7,427,301.8618232),(7,428,616.1992953),(7,429,845.7420423),(7,430,338.4229722),(7,431,909.4150946),(7,432,387.9608303),(7,433,172.9829855),(7,434,638.0462712),(7,435,294.6302368),(7,436,501.4497473),(7,437,544.8322327),(7,438,755.3050126),(7,439,490.795283),(7,440,181.4924344),(7,441,494.184412),(7,442,552.028721),(7,443,710.9674263),(7,444,505.170608),(7,445,403.9929352),(7,446,15.10682668),(7,447,271.712951),(7,448,461.7619169),(7,449,566.0346759),(7,450,661.3123851),(7,451,11.09037038),(7,452,488.6586335),(7,453,619.9956591),(7,454,165.9631052),(7,455,810.5246275),(7,456,749.7673453),(7,457,161.7672166),(7,458,106.8210394),(7,459,211.018113),(7,460,108.6666175),(7,461,873.4149942),(7,462,625.1236721),(7,463,639.8107466),(7,464,633.7042383),(7,465,407.2983851),(7,466,935.4986509),(7,467,152.4924699),(7,468,41.68048237),(7,469,962.6922245),(7,470,210.8482968),(7,471,472.1665229),(7,472,657.9263429),(7,473,163.7202243),(7,474,224.0122054),(7,475,704.6770544),(7,476,791.6045845),(7,477,205.4410388),(7,478,353.4427965),(7,479,698.3445432),(7,480,552.9367585),(7,481,901.7563759),(7,482,268.7768254),(7,483,724.2382275),(7,484,511.1666902),(7,485,100.4405508),(7,486,407.522524),(7,487,872.465333),(7,488,47.88014269),(7,489,492.5444233),(7,490,645.2628235),(7,491,42.51990041),(7,492,294.4085005),(7,493,928.9727076),(7,494,13.69165131),(7,495,183.6165813),(7,496,986.8001247),(7,497,391.0408866),(7,498,267.6301733),(7,499,498.0112184),(7,500,250.1293419),(7,501,911.1758913),(7,502,118.0440979),(7,503,563.6014712),(7,504,873.9403614),(7,505,693.5764354),(7,506,253.5785831),(7,507,18.21954087),(7,508,582.1634146),(7,509,315.9401699),(7,510,84.07441895),(7,511,943.9634202),(7,512,520.3087112),(7,513,800.4843628),(7,514,549.668761),(7,515,79.17177765),(7,516,117.5614819),(7,517,656.6685812),(7,518,506.9814247),(7,519,427.9468864),(7,520,245.7772583),(7,521,378.4570639),(7,522,35.82613756),(7,523,532.4873836),(7,524,830.419328),(7,525,322.8553372),(7,526,482.3600378),(7,527,307.4828079),(7,528,8.048760041),(7,529,387.133023),(7,530,789.2691469),(7,531,207.9299124),(7,532,246.0259127),(7,533,475.3846193),(7,534,8.789838044),(7,535,52.42784044),(7,536,418.5603222),(7,537,495.81316),(7,538,875.8172827),(7,539,251.8002216),(7,540,618.0836068),(7,541,503.4641392),(7,542,853.1626989),(7,543,776.6820223),(7,544,350.0113758),(7,545,783.2044229),(7,546,878.0879492),(7,547,471.0953573),(7,548,494.510677),(7,549,270.9410564),(7,550,483.4858087),(7,551,990.4911242),(7,552,762.3771384),(7,553,300.1340559),(7,554,133.6179489),(7,555,604.0214971),(7,556,239.715339),(7,557,729.3190475),(7,558,882.6909368),(7,559,914.2576853),(7,560,264.1921274),(7,561,698.945043),(7,562,668.4384949),(7,563,486.8942377),(7,564,898.8599814),(7,565,614.4824036),(7,566,409.098742),(7,567,773.0673767),(7,568,556.0661983),(7,569,182.1307407),(7,570,578.7951208),(7,571,77.59570993),(7,572,390.5717157),(7,573,777.534961),(7,574,884.7175774),(7,575,269.730151),(7,576,953.6309975),(7,577,952.9222949),(7,578,820.881046),(7,579,112.2413083),(7,580,466.2122105),(7,581,884.4123422),(7,582,149.066609),(7,583,545.8553677),(7,584,438.7398631),(7,585,283.3804509),(7,586,657.1562726),(7,587,572.7362524),(7,588,643.704947),(7,589,608.9301074),(7,590,323.0846495),(7,591,619.3167641),(7,592,883.3641251),(7,593,673.3124112),(7,594,47.23186536),(7,595,649.6309048),(7,596,765.5325943),(7,597,794.7311117),(7,598,772.0887027),(7,599,329.7520635),(7,600,706.1417756),(7,601,194.7615587),(7,602,5.770392532),(7,603,597.1266478),(7,604,63.57583382),(7,605,12.8898294),(7,606,993.896693),(7,607,924.7786394),(7,608,828.3808814),(7,609,560.8347366),(7,610,286.3285345),(7,611,61.54123004),(7,612,822.0346078),(7,613,12.99162076),(7,614,40.32411692),(7,615,345.8794883),(7,616,391.8116463),(7,617,711.4195179),(7,618,149.6612803),(7,619,99.22072804),(7,620,812.0520498),(7,621,183.8570949),(7,622,341.903758),(7,623,590.6939102),(7,624,337.6164632),(7,625,966.1478933),(7,626,201.2228809),(7,627,364.5226906),(7,628,520.6883311),(7,629,243.05025),(7,630,14.72641669),(7,631,28.84546991),(7,632,479.8915577),(7,633,8.442088188),(7,634,85.37212531),(7,635,744.6435606),(7,636,712.8889973),(7,637,994.8563896),(7,638,639.868891),(7,639,820.3517297),(7,640,256.2698356),(7,641,192.7357963),(7,642,793.8404),(7,643,963.5128559),(7,644,688.9781092),(7,645,831.6680065),(7,646,867.1461551),(7,647,481.5390896),(7,648,797.2830109),(7,649,704.7270362),(7,650,1004.152513),(7,651,269.1637756),(7,652,363.4863239),(7,653,604.4755614),(7,654,448.4679863),(7,655,489.9186316),(7,656,891.3002517),(7,657,645.2729503),(7,658,315.0233654),(7,659,918.2482024),(7,660,604.6329222),(7,661,501.4165563),(7,662,99.61974313),(7,663,195.8481635),(7,664,129.1139298),(7,665,912.0127398),(7,666,589.3815439),(7,667,457.1429275),(7,668,826.6263251),(7,669,571.9580466),(7,670,179.3323348),(7,671,897.8981965),(7,672,993.3082619),(7,673,332.2212935),(7,674,638.5615361),(7,675,993.9973302),(7,676,54.60420004),(7,677,186.0691659),(7,678,472.7862433),(7,679,50.66025121),(7,680,593.2851481),(7,681,331.4826292),(7,682,270.4299912),(7,683,896.4043021),(7,684,403.9949521),(7,685,102.8168166),(7,686,158.262763),(7,687,664.4002553),(7,688,621.8606182),(7,689,200.5554751),(7,690,479.3596499),(7,691,452.7110048),(7,692,777.0423387),(7,693,203.4215309),(7,694,200.1478477),(7,695,881.0387432),(7,696,931.7096889),(7,697,422.5013956),(7,698,220.7194633),(7,699,573.0301923),(7,700,100.5784859),(7,701,695.4431333),(7,702,715.0091387),(7,703,292.9919305),(7,704,800.2769954),(7,705,845.3934237),(7,706,887.492951),(7,707,522.071396),(7,708,11.62802727),(7,709,726.8838971),(7,710,358.2475807),(7,711,805.3211253),(7,712,432.8634131),(7,713,16.06515454),(7,714,121.4468607),(7,715,757.7304368),(7,716,28.63977788),(7,717,110.8255646),(7,718,499.681305),(7,719,464.4090163),(7,720,987.0918093),(7,721,976.054904),(7,722,162.7663082),(7,723,472.362706),(7,724,34.99744523),(7,725,722.1806011),(7,726,210.8056372),(7,727,292.3570576),(7,728,904.8802354),(7,729,891.8453016),(7,730,619.8015572),(7,731,348.3801424),(7,732,41.00246599),(7,733,829.5105894),(7,734,27.4354858),(7,735,928.1572435),(7,736,422.6052842),(7,737,267.0599065),(7,738,848.6188854),(7,739,246.9254051),(7,740,996.025325),(7,741,647.6597978),(7,742,890.6181633),(7,743,92.72620168),(7,744,480.240137),(7,745,275.4974633),(7,746,60.17342196),(7,747,108.5374134),(7,748,545.4775015),(7,749,115.5047464),(7,750,394.2503169),(7,751,952.5839731),(7,752,626.8848554),(7,753,622.4179057),(7,754,289.7371686),(7,755,194.3571603),(7,756,937.7139115),(7,757,510.1585746),(7,758,716.6625494),(7,759,812.8564746),(7,760,546.1469925),(7,761,932.1321669),(7,762,88.28609087),(7,763,903.1476104),(7,764,529.5675839),(7,765,551.9052153),(7,766,354.4910034),(7,767,644.1593681),(7,768,617.2710086),(7,769,726.5882684),(7,770,273.7395673),(7,771,935.1575742),(7,772,192.7920704),(7,773,637.9484957),(7,774,453.2603058),(7,775,962.9465641),(7,776,758.5541341),(7,777,527.0568063),(7,778,120.6829578),(7,779,345.2242686),(7,780,346.8687923),(7,781,478.0191161),(7,782,30.34831749),(7,783,527.3737954),(7,784,403.7544194),(7,785,910.0930494),(7,786,260.4717981),(7,787,345.306836),(7,788,777.5660333),(7,789,395.3577433),(7,790,796.5063239),(7,791,781.2250811),(7,792,908.1459743),(7,793,318.6870587),(7,794,654.7733494),(7,795,477.2828153),(7,796,277.6634029),(7,797,397.6041825),(7,798,818.4513823),(7,799,515.6886636),(7,800,748.5109512),(7,801,396.4216781),(7,802,245.6951941),(7,803,924.2570358),(7,804,535.8217159),(7,805,521.3238763),(7,806,416.3434634),(7,807,996.9305284),(7,808,212.7855633),(7,809,648.7151737),(7,810,699.6383815),(7,811,548.3580139),(7,812,776.1537778),(7,813,395.2342665),(7,814,978.6947363),(7,815,20.25513216),(7,816,239.1837289),(7,817,120.9498106),(7,818,448.8117924),(7,819,402.3865206),(7,820,476.0783053),(7,821,622.2808265),(7,822,341.3986967),(7,823,22.11417952),(7,824,741.6371576),(7,825,30.23686292),(7,826,354.7042615),(7,827,129.4017242),(7,828,91.77213351),(7,829,382.8376118),(7,830,883.1888019),(7,831,468.7495899),(7,832,679.1248562),(7,833,856.4792854),(7,834,709.3569946),(7,835,446.3321702),(7,836,471.149888),(7,837,616.0724477),(7,838,732.2032976),(7,839,259.2473047),(7,840,114.8387536),(7,841,487.8065262),(7,842,849.138219),(7,843,552.4872534),(7,844,670.5789746),(7,845,776.8614262),(7,846,359.5177259),(7,847,126.9030896),(7,848,539.715789),(7,849,70.15623159),(7,850,218.6939221),(7,851,288.8495344),(7,852,677.3418765),(7,853,964.2359831),(7,854,386.3976588),(7,855,842.83383),(7,856,166.8816018),(7,857,355.1262398),(7,858,45.61539092),(7,859,234.6814754),(7,860,751.0343377),(7,861,566.5980567),(7,862,365.9100108),(7,863,745.8074059),(7,864,555.7327193),(7,865,743.5258833),(7,866,976.5143962),(7,867,902.2801084),(7,868,76.07796405),(7,869,988.1850006),(7,870,284.4923608),(7,871,532.444325),(7,872,25.25270658),(7,873,615.4787112),(7,874,969.0763592),(7,875,370.7201959),(7,876,552.1007731),(7,877,444.1029828),(7,878,486.2264524),(7,879,618.469663),(7,880,488.4717087),(7,881,947.1043429),(7,882,726.6794584),(7,883,623.160865),(7,884,219.9283277),(7,885,343.0632715),(7,886,169.6468859),(7,887,258.6399964),(7,888,121.8657474),(7,889,842.0060439),(7,890,284.6851973),(7,891,835.7270279),(7,892,791.2063217),(7,893,644.7629352),(7,894,275.1101033),(7,895,825.6310755),(7,896,197.5779114),(7,897,298.9149454),(7,898,576.6192352),(7,899,123.0833328),(7,900,959.1593587),(7,901,429.5355679),(7,902,367.2468033),(7,903,885.8211627),(7,904,453.7411671),(7,905,486.1279506),(7,906,196.9659855),(7,907,819.6359027),(7,908,429.3876648),(7,909,366.612611),(7,910,75.57400257),(7,911,404.7651247),(7,912,671.4488782),(7,913,282.6008672),(7,914,613.5887459),(7,915,430.3988868),(7,916,655.3209384),(7,917,268.7995247),(7,918,136.3251243),(7,919,145.3829158),(7,920,198.861783),(7,921,659.8051577),(7,922,629.9310731),(7,923,688.0731973),(7,924,264.3779473),(7,925,965.8793969),(7,926,405.3315759),(7,927,604.303389),(7,928,831.6222007),(7,929,907.9971254),(7,930,656.9959875),(7,931,629.5885818),(7,932,731.5460088),(7,933,729.6092221),(7,934,954.7607798),(7,935,526.4512024),(7,936,787.704267),(7,937,777.713413),(7,938,787.4684026),(7,939,746.6355936),(7,940,963.0082527),(7,941,67.46418091),(7,942,276.9126368),(7,943,391.3975791),(7,944,408.3767273),(7,945,618.346032),(7,946,284.9156665),(7,947,205.2189505),(7,948,564.0677213),(7,949,140.1266378),(7,950,408.4536669),(7,951,808.5839224),(7,952,1000.395761),(7,953,557.8136141),(7,954,718.4895924),(7,955,175.8824062),(7,956,891.8138991),(7,957,392.3948954),(7,958,236.753022),(7,959,790.1542582),(7,960,305.0396679),(7,961,621.6807268),(7,962,39.45008274),(7,963,942.6205089),(7,964,915.0013033),(7,965,665.7612419),(7,966,706.2437065),(7,967,411.2483468),(7,968,916.2928935),(7,969,613.7429506),(7,970,686.7741494),(7,971,109.088763),(7,972,978.1835728),(7,973,845.6246234),(7,974,182.2244015),(7,975,8.600239367),(7,976,578.2632117),(7,977,647.8715367),(7,978,245.6043139),(7,979,551.3173161),(7,980,778.94698),(7,981,831.9169842),(7,982,403.9549978),(7,983,12.75410391),(7,984,489.1322251),(7,985,728.2660287),(7,986,341.3509785),(7,987,344.4072922),(7,988,774.357136),(7,989,430.5719571),(7,990,413.7845941),(7,991,888.6262448),(7,992,193.2176763),(7,993,98.30102492),(7,994,551.9451827),(7,995,308.0012873),(7,996,512.9261248),(7,997,122.6738717),(7,998,468.3214617),(7,999,212.1784572),(7,1000,853.1858153),(7,1001,964.7259679),(7,1002,359.6099211),(7,1003,103.3320083),(7,1004,798.1127762),(7,1005,588.7788221),(7,1006,8.692920322),(7,1007,417.8987117),(7,1008,705.2988854),(7,1009,814.4621446),(7,1010,426.7714488),(7,1011,239.0817026),(7,1012,810.5266389),(7,1013,126.113248),(7,1014,865.6543008),(7,1015,743.5734134),(7,1016,518.8455629),(7,1017,302.1058666),(7,1018,577.3700062),(7,1019,882.7360381),(7,1020,83.27001811),(7,1021,35.99668485),(7,1022,108.9043902),(7,1023,712.4217472),(7,1024,514.9411681),(7,1025,839.4181431),(7,1026,591.2440464),(7,1027,788.2436002),(7,1028,797.7058654),(7,1029,119.217209),(7,1030,518.835121),(7,1031,638.8441311),(7,1032,556.2477256),(7,1033,647.6164941),(7,1034,230.4493195),(7,1035,692.6683924),(7,1036,107.3696057),(7,1037,135.8507497),(7,1038,842.1462213),(7,1039,634.4896978),(7,1040,127.8363801),(7,1041,489.6486368),(7,1042,570.9840657),(7,1043,602.3324881),(7,1044,508.9088395),(7,1045,426.0362414),(7,1046,84.80531451),(7,1047,584.547806),(7,1048,600.8356095),(7,1049,342.0935628),(7,1050,629.5797978),(7,1051,795.9142298),(7,1052,195.1751865),(7,1053,103.7056512),(7,1054,162.1966811),(7,1055,426.5399555),(7,1056,715.523768),(7,1057,450.3107593),(7,1058,269.6449019),(7,1059,106.9514185),(7,1060,801.591635),(7,1061,927.4046971),(7,1062,919.1817897),(7,1063,427.3941649),(7,1064,605.739428),(7,1065,102.7583619),(7,1066,371.5284205),(7,1067,327.0372703),(7,1068,725.4290576),(7,1069,621.1756906),(7,1070,749.3658321),(7,1071,711.8142363),(7,1072,444.777411),(7,1073,163.4570864),(7,1074,888.405243),(7,1075,202.988807),(7,1076,28.1102214),(7,1077,140.0311982),(7,1078,495.4313034),(7,1079,556.5237513),(7,1080,353.4259938),(7,1081,374.8201087),(7,1082,548.5208146),(7,1083,245.9070387),(7,1084,84.06675676),(7,1085,572.2341697),(7,1086,732.6373038),(7,1087,896.5281055),(7,1088,147.6381406),(7,1089,979.2145374),(7,1090,954.8158698),(7,1091,250.7297454),(7,1092,195.6699068),(7,1093,275.0578922),(7,1094,697.7596578),(7,1095,912.0784939),(7,1096,471.9801344),(7,1097,767.4702306),(7,1098,252.7242927),(7,1099,336.0001326),(8,0,255.8429174),(8,1,414.6586479),(8,2,983.1482694),(8,3,747.0899265),(8,4,11.02321673),(8,5,183.7519244),(8,6,952.0323074),(8,7,112.7727356),(8,8,663.1637769),(8,9,792.7113012),(8,10,320.034564),(8,11,297.520747),(8,12,988.6309459),(8,13,38.10953158),(8,14,138.6417512),(8,15,259.9180386),(8,16,171.1894448),(8,17,703.5441118),(8,18,46.13460679),(8,19,492.4143648),(8,20,443.3063035),(8,21,416.0370089),(8,22,544.4303314),(8,23,307.2976397),(8,24,975.3005367),(8,25,455.5886703),(8,26,480.8338898),(8,27,60.76391608),(8,28,349.2544552),(8,29,204.4377484),(8,30,446.4587041),(8,31,929.389617),(8,32,217.6496626),(8,33,946.6208803),(8,34,954.459369),(8,35,554.8925966),(8,36,682.9958659),(8,37,159.3719741),(8,38,366.4580653),(8,39,441.8840251),(8,40,955.2051495),(8,41,254.9424403),(8,42,979.9169845),(8,43,617.1627486),(8,44,544.9360893),(8,45,193.9315013),(8,46,94.22070862),(8,47,745.3878766),(8,48,56.52033253),(8,49,990.7924023),(8,50,271.3394533),(8,51,655.6683145),(8,52,834.2449462),(8,53,877.8672111),(8,54,12.27108222),(8,55,984.439612),(8,56,744.5938408),(8,57,154.7041871),(8,58,220.8094022),(8,59,971.8677408),(8,60,27.75178268),(8,61,281.1148072),(8,62,595.998021),(8,63,706.9675044),(8,64,904.6101003),(8,65,960.7862623),(8,66,187.8947123),(8,67,647.6879401),(8,68,866.0232547),(8,69,696.3292333),(8,70,828.2324731),(8,71,907.6403958),(8,72,753.8909744),(8,73,291.3736053),(8,74,241.4541361),(8,75,302.5816245),(8,76,454.5445658),(8,77,1001.092043),(8,78,230.1028553),(8,79,849.6936408),(8,80,417.3629271),(8,81,839.8223992),(8,82,317.4393486),(8,83,648.8069235),(8,84,201.5894451),(8,85,8.314645897),(8,86,142.1555376),(8,87,102.7342695),(8,88,570.5355933),(8,89,460.8461533),(8,90,316.8729314),(8,91,250.7766588),(8,92,69.57624224),(8,93,604.0107823),(8,94,146.0003493),(8,95,436.398865),(8,96,379.1568392),(8,97,397.4546001),(8,98,45.96286906),(8,99,795.9103979),(8,100,50.13916254),(8,101,699.3373427),(8,102,191.3878285),(8,103,224.9052826),(8,104,992.9117861),(8,105,860.7420312),(8,106,795.808155),(8,107,608.8216596),(8,108,267.6293861),(8,109,685.5874787),(8,110,959.5193598),(8,111,356.3382987),(8,112,722.7814327),(8,113,507.6461785),(8,114,728.5488732),(8,115,207.267011),(8,116,355.7216487),(8,117,381.6301866),(8,118,369.4043819),(8,119,378.8326858),(8,120,804.3417458),(8,121,291.4743428),(8,122,50.11088394),(8,123,196.6744918),(8,124,297.5850529),(8,125,121.8909396),(8,126,536.6522194),(8,127,320.4268953),(8,128,440.5211399),(8,129,50.5818423),(8,130,327.3266332),(8,131,504.1182918),(8,132,185.8348464),(8,133,977.3897764),(8,134,456.3715626),(8,135,378.951472),(8,136,665.7837349),(8,137,537.505061),(8,138,616.3528079),(8,139,329.9348557),(8,140,964.1608793),(8,141,700.0294608),(8,142,285.8975779),(8,143,851.0989763),(8,144,774.1344835),(8,145,347.1642571),(8,146,353.0609213),(8,147,16.35706963),(8,148,669.5833037),(8,149,158.2837933),(8,150,506.8425527),(8,151,115.1887131),(8,152,993.8746523),(8,153,359.8724323),(8,154,493.1434737),(8,155,70.12541442),(8,156,98.06845219),(8,157,280.6637912),(8,158,703.8124697),(8,159,393.4956695),(8,160,268.3460791),(8,161,162.0180689),(8,162,728.1049812),(8,163,738.9871931),(8,164,610.7088363),(8,165,961.7095168),(8,166,396.888572),(8,167,869.2922027),(8,168,385.5806556),(8,169,965.562282),(8,170,358.0986829),(8,171,75.59298042),(8,172,131.6376116),(8,173,695.6348676),(8,174,735.3102683),(8,175,417.9900083),(8,176,143.5046395),(8,177,641.7030704),(8,178,680.6691619),(8,179,513.0509492),(8,180,978.0583309),(8,181,372.7465322),(8,182,392.8858333),(8,183,429.2197414),(8,184,868.4271083),(8,185,215.9821914),(8,186,655.7062027),(8,187,845.0037258),(8,188,868.5972998),(8,189,351.3697933),(8,190,520.9572428),(8,191,368.107823),(8,192,853.9242444),(8,193,172.276366),(8,194,985.0495405),(8,195,384.557619),(8,196,1000.819951),(8,197,653.1558755),(8,198,236.3601729),(8,199,844.7746851),(8,200,524.7744569),(8,201,10.89957727),(8,202,14.16614838),(8,203,958.6475993),(8,204,51.04479636),(8,205,397.4814367),(8,206,578.7535737),(8,207,386.5437565),(8,208,312.2623662),(8,209,832.8277364),(8,210,9.332989203),(8,211,370.2199776),(8,212,436.12271),(8,213,97.53566212),(8,214,475.5427079),(8,215,841.8257113),(8,216,833.5296052),(8,217,884.9771439),(8,218,564.6510758),(8,219,697.2645385),(8,220,465.3542929),(8,221,460.2304392),(8,222,343.8418422),(8,223,365.614497),(8,224,883.9497754),(8,225,738.0934203),(8,226,437.1949877),(8,227,348.5608671),(8,228,798.3490935),(8,229,499.7150692),(8,230,826.7646319),(8,231,171.920276),(8,232,982.9828432),(8,233,336.7374312),(8,234,218.8441425),(8,235,23.73846578),(8,236,192.9233786),(8,237,904.2505136),(8,238,911.698774),(8,239,991.6628866),(8,240,10.65022012),(8,241,399.6552203),(8,242,854.7166259),(8,243,283.1935188),(8,244,774.5147023),(8,245,99.42621812),(8,246,494.8750726),(8,247,763.4550682),(8,248,681.9815949),(8,249,768.7830669),(8,250,145.9670613),(8,251,447.097239),(8,252,562.0977614),(8,253,926.1130003),(8,254,524.759758),(8,255,276.1622495),(8,256,42.27968039),(8,257,285.3052598),(8,258,258.3688451),(8,259,271.4331081),(8,260,654.4133412),(8,261,404.6532079),(8,262,366.8442629),(8,263,843.1896207),(8,264,109.5469108),(8,265,377.2909924),(8,266,157.7599847),(8,267,295.0486551),(8,268,246.4260956),(8,269,87.45112912),(8,270,423.4496836),(8,271,820.3131292),(8,272,655.2981735),(8,273,934.5906595),(8,274,748.0549172),(8,275,285.5297629),(8,276,735.7179805),(8,277,956.2443147),(8,278,42.9075641),(8,279,154.9580401),(8,280,634.1694937),(8,281,726.6919127),(8,282,513.0179819),(8,283,993.681733),(8,284,953.8028901),(8,285,167.7535631),(8,286,355.4926234),(8,287,900.4643515),(8,288,738.1525917),(8,289,76.11414209),(8,290,376.4137884),(8,291,180.1554087),(8,292,668.7295738),(8,293,177.2788264),(8,294,375.8592638),(8,295,274.7192115),(8,296,172.7102145),(8,297,815.9240507),(8,298,995.5985173),(8,299,212.8718476),(8,300,182.8512096),(8,301,555.0602842),(8,302,734.8693592),(8,303,691.3965438),(8,304,944.0094609),(8,305,359.5476062),(8,306,456.4868686),(8,307,191.7973247),(8,308,716.5933164),(8,309,610.8570232),(8,310,265.2724908),(8,311,643.0803863),(8,312,631.9393768),(8,313,712.2421538),(8,314,616.5928124),(8,315,988.5312919),(8,316,751.0052035),(8,317,737.2422887),(8,318,129.9746956),(8,319,839.2463909),(8,320,947.6088453),(8,321,206.528556),(8,322,278.2140273),(8,323,963.3980988),(8,324,324.1694854),(8,325,103.0098815),(8,326,824.7171826),(8,327,701.7073995),(8,328,673.316491),(8,329,48.2398176),(8,330,39.20794778),(8,331,84.76874948),(8,332,385.9591021),(8,333,892.5911191),(8,334,830.8227057),(8,335,725.6468164),(8,336,235.1979173),(8,337,731.8340252),(8,338,654.2240261),(8,339,964.9357589),(8,340,271.3335328),(8,341,963.801094),(8,342,577.3899372),(8,343,498.7779514),(8,344,349.0014822),(8,345,82.10393136),(8,346,618.7507344),(8,347,895.1775325),(8,348,450.9828175),(8,349,560.4341616),(8,350,396.0679234),(8,351,516.566157),(8,352,170.8066809),(8,353,442.7137699),(8,354,492.1286408),(8,355,124.8775202),(8,356,667.9389),(8,357,929.4296175),(8,358,700.8723784),(8,359,36.6849462),(8,360,671.4428671),(8,361,504.9079519),(8,362,823.1960443),(8,363,567.5556928),(8,364,480.5762527),(8,365,284.4459911),(8,366,246.1798915),(8,367,660.6149342),(8,368,160.2412164),(8,369,863.4920446),(8,370,953.739332),(8,371,250.4222864),(8,372,647.0004001),(8,373,279.5886489),(8,374,596.5108404),(8,375,277.9414136),(8,376,223.7872),(8,377,399.2289862),(8,378,299.5737726),(8,379,785.7110265),(8,380,305.8058816),(8,381,799.2259398),(8,382,377.6454388),(8,383,464.284576),(8,384,598.1701433),(8,385,43.05952905),(8,386,724.0660695),(8,387,252.3782732),(8,388,350.9947367),(8,389,423.9687203),(8,390,107.7410925),(8,391,651.4482822),(8,392,486.8779411),(8,393,434.506788),(8,394,449.1934825),(8,395,718.4413741),(8,396,797.734987),(8,397,609.9373135),(8,398,68.6479589),(8,399,798.1137554),(8,400,822.2949933),(8,401,593.4714374),(8,402,502.7306856),(8,403,660.1100048),(8,404,277.0062875),(8,405,566.6033544),(8,406,318.291744),(8,407,174.9598294),(8,408,261.4477038),(8,409,509.1289943),(8,410,689.3047311),(8,411,748.5733077),(8,412,187.139752),(8,413,502.575102),(8,414,800.6111405),(8,415,238.3521143),(8,416,667.7501924),(8,417,999.6131625),(8,418,301.6358067),(8,419,619.1201131),(8,420,535.3033528),(8,421,716.9696569),(8,422,897.1049116),(8,423,721.0696463),(8,424,180.5639876),(8,425,563.6497117),(8,426,81.52583363),(8,427,11.91671448),(8,428,584.4940661),(8,429,92.38559221),(8,430,276.253222),(8,431,701.3678734),(8,432,579.145351),(8,433,455.4382213),(8,434,406.5341513),(8,435,254.5927607),(8,436,195.2229689),(8,437,108.1917818),(8,438,371.9410841),(8,439,311.1658673),(8,440,619.2701494),(8,441,18.01831248),(8,442,997.608758),(8,443,660.1797582),(8,444,350.2850846),(8,445,98.36472569),(8,446,11.02908467),(8,447,605.1844184),(8,448,279.1992117),(8,449,195.5516165),(8,450,142.5080343),(8,451,765.2111986),(8,452,716.3416429),(8,453,940.2189282),(8,454,926.9105733),(8,455,312.6519256),(8,456,425.4096361),(8,457,432.2907673),(8,458,267.1475414),(8,459,961.9302928),(8,460,450.9787218),(8,461,122.7625765),(8,462,995.1991021),(8,463,923.6273246),(8,464,883.5686736),(8,465,414.006842),(8,466,587.0758525),(8,467,917.8229777),(8,468,913.9377846),(8,469,777.5163192),(8,470,211.9042381),(8,471,210.0910733),(8,472,57.9062744),(8,473,574.9702031),(8,474,484.3394429),(8,475,842.1506653),(8,476,660.060652),(8,477,149.3931701),(8,478,644.0325552),(8,479,580.1573925),(8,480,825.7353071),(8,481,517.9547734),(8,482,441.2260949),(8,483,655.6188428),(8,484,135.163953),(8,485,698.3238935),(8,486,344.8658276),(8,487,679.3918117),(8,488,455.590811),(8,489,400.6135623),(8,490,352.9676743),(8,491,914.9762698),(8,492,562.3479417),(8,493,608.8313412),(8,494,848.3452336),(8,495,188.6330536),(8,496,52.98728144),(8,497,314.5929706),(8,498,272.4804752),(8,499,671.9367431),(8,500,124.620285),(8,501,685.9512699),(8,502,254.9614253),(8,503,390.6294467),(8,504,753.2246277),(8,505,273.0952303),(8,506,766.171979),(8,507,85.15697212),(8,508,620.9599557),(8,509,28.45758709),(8,510,421.7610747),(8,511,971.3797316),(8,512,914.5429015),(8,513,617.0687926),(8,514,143.6003986),(8,515,946.5973143),(8,516,588.5165861),(8,517,528.7855141),(8,518,33.5656855),(8,519,429.1566774),(8,520,733.9634452),(8,521,81.06940878),(8,522,756.0518807),(8,523,431.1169932),(8,524,159.6129937),(8,525,880.4236124),(8,526,353.1190161),(8,527,945.4164628),(8,528,702.2702902),(8,529,691.1696657),(8,530,164.433897),(8,531,870.8413247),(8,532,662.8980805),(8,533,328.8649333),(8,534,210.2290233),(8,535,437.4660947),(8,536,59.87718194),(8,537,503.8496253),(8,538,667.6578265),(8,539,226.7916989),(8,540,348.6201182),(8,541,344.0311775),(8,542,640.3562555),(8,543,345.5808829),(8,544,247.4640751),(8,545,728.6106043),(8,546,17.08411818),(8,547,917.2459069),(8,548,723.5767545),(8,549,548.2697987),(8,550,59.54510625),(8,551,671.2438912),(8,552,97.53784653),(8,553,634.7259899),(8,554,541.9304734),(8,555,48.0421846),(8,556,829.5612139),(8,557,188.7426578),(8,558,286.360156),(8,559,417.261849),(8,560,702.3372595),(8,561,292.6167727),(8,562,455.3388794),(8,563,591.3358651),(8,564,812.3118598),(8,565,437.3126034),(8,566,975.1211165),(8,567,690.5628172),(8,568,129.9989559),(8,569,793.2535834),(8,570,689.1451063),(8,571,235.210589),(8,572,77.39468553),(8,573,203.0260343),(8,574,856.4778116),(8,575,986.0652921),(8,576,465.4461575),(8,577,735.2372725),(8,578,147.1215175),(8,579,461.4271473),(8,580,93.96655971),(8,581,584.4466148),(8,582,506.6745215),(8,583,88.41287128),(8,584,346.0928479),(8,585,426.021083),(8,586,568.3466921),(8,587,927.0723075),(8,588,665.2804051),(8,589,763.6516521),(8,590,459.2941555),(8,591,828.868332),(8,592,447.6801773),(8,593,614.1387263),(8,594,981.6312572),(8,595,356.4689298),(8,596,71.16032191),(8,597,149.9785984),(8,598,380.5252685),(8,599,780.3181832),(8,600,830.1242601),(8,601,772.0233711),(8,602,62.73076512),(8,603,846.2590041),(8,604,922.9151477),(8,605,350.3543736),(8,606,147.4127099),(8,607,663.4035232),(8,608,377.2190565),(8,609,849.063866),(8,610,403.2304111),(8,611,282.1755884),(8,612,534.1583333),(8,613,142.0908325),(8,614,467.5933322),(8,615,740.9037815),(8,616,248.3870388),(8,617,451.6763359),(8,618,615.3488889),(8,619,543.5692199),(8,620,538.695917),(8,621,288.9317746),(8,622,659.7421011),(8,623,118.2382401),(8,624,737.0223883),(8,625,289.2247676),(8,626,472.0496848),(8,627,516.880795),(8,628,293.8914786),(8,629,541.2821409),(8,630,861.4730667),(8,631,853.0551188),(8,632,500.7466974),(8,633,160.7658141),(8,634,56.33896884),(8,635,860.9707712),(8,636,921.4970018),(8,637,25.31774229),(8,638,719.9692782),(8,639,405.489881),(8,640,116.2872616),(8,641,106.5855893),(8,642,266.9701805),(8,643,383.7711454),(8,644,594.6575145),(8,645,397.2419104),(8,646,993.9401209),(8,647,744.967085),(8,648,927.5901642),(8,649,670.9176948),(8,650,709.551173),(8,651,905.9831115),(8,652,74.5251845),(8,653,194.4378012),(8,654,554.8696408),(8,655,558.4154794),(8,656,351.3711002),(8,657,40.93172791),(8,658,350.9490559),(8,659,690.2668464),(8,660,993.018629),(8,661,410.8624791),(8,662,386.1237416),(8,663,208.8345264),(8,664,739.3585448),(8,665,448.2811735),(8,666,910.3912658),(8,667,330.0043248),(8,668,905.3629211),(8,669,934.9768463),(8,670,303.8394637),(8,671,747.1063098),(8,672,317.8332868),(8,673,893.160879),(8,674,661.5039478),(8,675,646.0964472),(8,676,843.6018799),(8,677,797.8509419),(8,678,844.5993149),(8,679,131.6050149),(8,680,437.0876949),(8,681,313.4096055),(8,682,740.338668),(8,683,327.725155),(8,684,560.1609764),(8,685,708.7141769),(8,686,241.6522205),(8,687,832.9190315),(8,688,628.7379683),(8,689,9.119528727),(8,690,624.793405),(8,691,662.4772126),(8,692,409.5483935),(8,693,553.4509687),(8,694,712.4107384),(8,695,452.6389497),(8,696,751.1722618),(8,697,616.7913355),(8,698,664.241851),(8,699,785.965253),(8,700,604.2380677),(8,701,823.1060137),(8,702,599.2039083),(8,703,85.5031087),(8,704,238.420052),(8,705,500.1469344),(8,706,156.0138782),(8,707,61.63226848),(8,708,410.1235707),(8,709,441.4632457),(8,710,116.2799343),(8,711,6.585792856),(8,712,472.0396953),(8,713,233.2236998),(8,714,103.4356437),(8,715,658.8388945),(8,716,868.158136),(8,717,810.0496065),(8,718,5.570999123),(8,719,709.2853802),(8,720,125.4295256),(8,721,497.1142409),(8,722,337.1087009),(8,723,631.3058209),(8,724,668.1667341),(8,725,930.5359333),(8,726,858.5455838),(8,727,302.0365371),(8,728,541.6927851),(8,729,668.6484241),(8,730,666.4790271),(8,731,569.5203969),(8,732,64.10826968),(8,733,971.8432973),(8,734,919.2692038),(8,735,138.4020001),(8,736,288.2541077),(8,737,49.0879061),(8,738,761.5702232),(8,739,669.0413984),(8,740,497.1849524),(8,741,909.5302369),(8,742,771.3666258),(8,743,44.30474572),(8,744,36.20570517),(8,745,438.9831039),(8,746,428.66023),(8,747,554.6816901),(8,748,398.3076287),(8,749,357.1002654),(8,750,218.1578838),(8,751,497.1322179),(8,752,914.5668557),(8,753,613.371853),(8,754,979.6149826),(8,755,229.8990149),(8,756,606.9808212),(8,757,427.2200022),(8,758,558.2497346),(8,759,468.1817367),(8,760,432.0607976),(8,761,479.2770417),(8,762,560.8842777),(8,763,173.0207778),(8,764,445.8463657),(8,765,122.6720062),(8,766,840.8808004),(8,767,33.02718137),(8,768,728.559688),(8,769,42.35418395),(8,770,648.8717449),(8,771,970.4778991),(8,772,232.1040851),(8,773,355.4487668),(8,774,547.2214564),(8,775,612.1713585),(8,776,489.9356865),(8,777,848.4120847),(8,778,885.011667),(8,779,151.3585611),(8,780,829.2106057),(8,781,662.9562639),(8,782,221.4425062),(8,783,731.5613842),(8,784,346.673757),(8,785,463.1032809),(8,786,427.7375966),(8,787,498.1547838),(8,788,519.664056),(8,789,620.437679),(8,790,592.7838745),(8,791,963.2654911),(8,792,124.1977884),(8,793,720.2859973),(8,794,707.8708276),(8,795,212.0675357),(8,796,953.2340467),(8,797,42.69797199),(8,798,291.0270359),(8,799,394.1871208),(8,800,839.0618301),(8,801,741.6223005),(8,802,60.20282556),(8,803,533.7122977),(8,804,863.3119924),(8,805,509.2150494),(8,806,569.9879762),(8,807,348.5928076),(8,808,302.7155047),(8,809,938.0773139),(8,810,731.6483287),(8,811,898.8224417),(8,812,613.1284586),(8,813,38.29392875),(8,814,685.6179578),(8,815,107.6064085),(8,816,839.5493185),(8,817,49.62340927),(8,818,570.7217435),(8,819,558.2114923),(8,820,836.7478715),(8,821,949.5670052),(8,822,330.4931162),(8,823,57.1463545),(8,824,357.8540311),(8,825,9.581178063),(8,826,954.3827869),(8,827,944.9823759),(8,828,269.5207149),(8,829,179.3841337),(8,830,518.4780467),(8,831,580.8637),(8,832,929.6245533),(8,833,764.0826025),(8,834,607.2749831),(8,835,222.2350008),(8,836,209.9526847),(8,837,443.9766601),(8,838,849.3541335),(8,839,482.0191426),(8,840,210.9404549),(8,841,447.3091334),(8,842,758.3760083),(8,843,720.4783392),(8,844,152.054214),(8,845,641.8729382),(8,846,1004.653889),(8,847,449.9089411),(8,848,172.8243509),(8,849,311.7632193),(8,850,933.5082684),(8,851,445.9590992),(8,852,552.9440876),(8,853,928.9202413),(8,854,673.6611679),(8,855,532.5540477),(8,856,885.5608024),(8,857,388.8259233),(8,858,47.08597233),(8,859,822.5633363),(8,860,746.4290006),(8,861,814.8072403),(8,862,309.0559749),(8,863,568.0701468),(8,864,189.272619),(8,865,390.8427842),(8,866,923.4686163),(8,867,969.1729945),(8,868,461.7454638),(8,869,50.57451453),(8,870,106.2041452),(8,871,391.8702332),(8,872,711.7145134),(8,873,398.3236684),(8,874,716.0611531),(8,875,905.2153559),(8,876,789.8385714),(8,877,860.0722886),(8,878,620.9598686),(8,879,877.1913138),(8,880,553.0189883),(8,881,908.172608),(8,882,12.66301293),(8,883,348.1762225),(8,884,649.3461942),(8,885,248.6566746),(8,886,768.0266552),(8,887,904.1305019),(8,888,236.4973677),(8,889,91.53666868),(8,890,959.8020658),(8,891,509.531313),(8,892,427.0624932),(8,893,174.2420445),(8,894,45.59686974),(8,895,659.1393628),(8,896,522.5356683),(8,897,304.6206851),(8,898,592.8315346),(8,899,384.4953103),(8,900,870.9557071),(8,901,414.2751128),(8,902,429.294487),(8,903,980.2057996),(8,904,622.3609056),(8,905,153.782264),(8,906,232.8846448),(8,907,902.2046287),(8,908,439.9029098),(8,909,491.177446),(8,910,451.0765183),(8,911,838.674349),(8,912,710.5305035),(8,913,823.0969561),(8,914,720.2707744),(8,915,566.3810997),(8,916,35.04071906),(8,917,799.1860109),(8,918,928.0075858),(8,919,55.78313636),(8,920,27.01630624),(8,921,745.1910945),(8,922,469.5901467),(8,923,213.7952434),(8,924,304.0295344),(8,925,338.780057),(8,926,677.5766808),(8,927,681.4146885),(8,928,871.3607838),(8,929,568.7721918),(8,930,567.3581794),(8,931,449.7388763),(8,932,271.3491446),(8,933,713.3965865),(8,934,183.1790889),(8,935,396.1781288),(8,936,57.17383788),(8,937,249.6647553),(8,938,770.119846),(8,939,337.1946181),(8,940,418.1682933),(8,941,528.3970945),(8,942,645.4410239),(8,943,184.5145161),(8,944,7.711163715),(8,945,459.7290768),(8,946,674.5390754),(8,947,146.9326705),(8,948,64.16817561),(8,949,574.9884211),(8,950,595.0051271),(8,951,978.2752779),(8,952,888.1112805),(8,953,854.542712),(8,954,905.1241746),(8,955,117.482882),(8,956,62.59561939),(8,957,340.3111705),(8,958,562.280844),(8,959,287.0576799),(8,960,880.6110035),(8,961,815.8827185),(8,962,152.9853904),(8,963,290.2476067),(8,964,66.34805904),(8,965,283.5379294),(8,966,268.3747598),(8,967,569.8539739),(8,968,651.8132926),(8,969,829.125275),(8,970,792.195987),(8,971,122.5019597),(8,972,256.4610924),(8,973,510.9070367),(8,974,551.5334691),(8,975,456.5004277),(8,976,933.2389097),(8,977,143.5995902),(8,978,989.6962764),(8,979,951.7582161),(8,980,797.3716665),(8,981,534.3852444),(8,982,172.1510815),(8,983,40.08968147),(8,984,634.2591461),(8,985,304.8196094),(8,986,224.7674647),(8,987,350.4868512),(8,988,790.3939823),(8,989,16.83657564),(8,990,429.9099457),(8,991,185.9613337),(8,992,179.8415382),(8,993,265.9105327),(8,994,630.2972439),(8,995,211.934518),(8,996,591.3684629),(8,997,521.9100673),(8,998,699.2657449),(8,999,668.2027487),(8,1000,197.6151614),(8,1001,909.6732049),(8,1002,397.6742981),(8,1003,643.1127446),(8,1004,698.0704412),(8,1005,524.9177794),(8,1006,876.5688343),(8,1007,40.45847485),(8,1008,857.5283988),(8,1009,16.92097165),(8,1010,947.2891823),(8,1011,190.1436275),(8,1012,551.0733188),(8,1013,237.9343522),(8,1014,600.7075319),(8,1015,33.06515161),(8,1016,617.8571647),(8,1017,518.9460189),(8,1018,916.23991),(8,1019,908.1964371),(8,1020,367.4835846),(8,1021,724.7809525),(8,1022,802.3568368),(8,1023,848.8645339),(8,1024,207.4951),(8,1025,872.6409302),(8,1026,929.9999546),(8,1027,665.3029935),(8,1028,859.6785062),(8,1029,699.5497922),(8,1030,319.2142976),(8,1031,959.3260325),(8,1032,967.1627553),(8,1033,364.1896962),(8,1034,315.7193799),(8,1035,368.4919607),(8,1036,895.1130887),(8,1037,179.8448223),(8,1038,579.1484987),(8,1039,946.0532936),(8,1040,287.6392718),(8,1041,951.6869316),(8,1042,793.3470991),(8,1043,300.838783),(8,1044,126.6842447),(8,1045,266.7603759),(8,1046,853.5608639),(8,1047,326.703469),(8,1048,830.9277032),(8,1049,289.0805827),(8,1050,432.072121),(8,1051,951.1381331),(8,1052,72.45467824),(8,1053,175.1527083),(8,1054,748.5204915),(8,1055,891.2938236),(8,1056,338.3106829),(8,1057,743.2666028),(8,1058,321.9836093),(8,1059,465.2160482),(8,1060,33.32762194),(8,1061,233.2627773),(8,1062,127.5535057),(8,1063,670.7964795),(8,1064,225.366197),(8,1065,102.053846),(8,1066,319.2673565),(8,1067,666.2220915),(8,1068,992.5721914),(8,1069,912.1834471),(8,1070,948.7219971),(8,1071,460.4976289),(8,1072,855.5700652),(8,1073,695.2284135),(8,1074,577.4559421),(8,1075,775.4232033),(8,1076,244.5329543),(8,1077,139.2791637),(8,1078,296.4843852),(8,1079,79.48115061),(8,1080,145.3707149),(8,1081,112.8422261),(8,1082,986.6466699),(8,1083,641.6196211),(8,1084,97.00180784),(8,1085,603.6243871),(8,1086,707.250221),(8,1087,964.6029043),(8,1088,722.6762793),(8,1089,881.2824836),(8,1090,761.4225457),(8,1091,667.147763),(8,1092,512.2461347),(8,1093,876.6658513),(8,1094,686.8012795),(8,1095,873.1239888),(8,1096,672.7674032),(8,1097,348.9508545),(8,1098,677.7598517),(8,1099,466.4917902),(9,0,451.9728116),(9,1,890.289754),(9,2,404.5605306),(9,3,611.4518125),(9,4,406.5197002),(9,5,475.5037883),(9,6,745.6994126),(9,7,610.9110546),(9,8,513.2507391),(9,9,380.3779595),(9,10,255.4526178),(9,11,250.9420886),(9,12,194.663098),(9,13,868.0886211),(9,14,727.7220121),(9,15,900.4317198),(9,16,662.3246872),(9,17,126.8296293),(9,18,155.9405981),(9,19,413.2038138),(9,20,236.91591),(9,21,757.5649386),(9,22,426.5794649),(9,23,272.8790748),(9,24,394.2132939),(9,25,11.13548406),(9,26,852.714755),(9,27,8.47288983),(9,28,799.4545884),(9,29,530.1635491),(9,30,466.1807706),(9,31,92.62068724),(9,32,389.8524082),(9,33,242.2050566),(9,34,414.0592023),(9,35,719.9282616),(9,36,404.1250509),(9,37,63.74787446),(9,38,880.8621273),(9,39,304.3544464),(9,40,950.8177532),(9,41,439.2713122),(9,42,46.85734781),(9,43,411.4754503),(9,44,516.7907377),(9,45,850.2721152),(9,46,576.2048548),(9,47,492.2434009),(9,48,823.3468088),(9,49,727.7134662),(9,50,484.1676261),(9,51,325.1343653),(9,52,234.9209655),(9,53,815.7392109),(9,54,616.6929859),(9,55,513.3916309),(9,56,939.1020352),(9,57,783.6438123),(9,58,743.7927015),(9,59,509.8221106),(9,60,50.59756661),(9,61,813.8706635),(9,62,488.7215188),(9,63,124.9489874),(9,64,285.5179342),(9,65,962.9642437),(9,66,860.9539493),(9,67,393.9710836),(9,68,194.4830494),(9,69,181.3811927),(9,70,835.9586509),(9,71,333.2698445),(9,72,890.6156007),(9,73,382.9166179),(9,74,128.8121999),(9,75,411.2596423),(9,76,521.109124),(9,77,127.0449051),(9,78,223.8014463),(9,79,567.5942443),(9,80,773.4170828),(9,81,819.0807373),(9,82,198.645762),(9,83,286.3743139),(9,84,915.183935),(9,85,573.5938352),(9,86,759.0221421),(9,87,721.3317558),(9,88,335.4149364),(9,89,806.7765963),(9,90,35.56032698),(9,91,773.8427651),(9,92,93.15470767),(9,93,501.804443),(9,94,535.7659006),(9,95,245.9614758),(9,96,885.7803921),(9,97,718.5818035),(9,98,987.3884338),(9,99,96.24610304),(9,100,377.6376025),(9,101,698.1275084),(9,102,87.49557145),(9,103,120.5639409),(9,104,493.2612568),(9,105,18.50212477),(9,106,192.8517912),(9,107,176.3014809),(9,108,486.846167),(9,109,547.4271397),(9,110,272.7052438),(9,111,890.9893879),(9,112,736.3046327),(9,113,162.3076349),(9,114,481.9924984),(9,115,659.0510045),(9,116,119.9961822),(9,117,155.2959754),(9,118,365.0310175),(9,119,312.7944524),(9,120,566.1624656),(9,121,135.8363314),(9,122,518.6868252),(9,123,701.07472),(9,124,721.5405722),(9,125,911.9237466),(9,126,983.1318256),(9,127,65.35576906),(9,128,341.5507912),(9,129,168.8766127),(9,130,51.93136986),(9,131,835.6268502),(9,132,733.8522599),(9,133,349.6428201),(9,134,354.7513095),(9,135,829.6517231),(9,136,177.2484097),(9,137,481.6786195),(9,138,941.7475919),(9,139,134.3627672),(9,140,623.0882169),(9,141,349.8646097),(9,142,288.3437833),(9,143,242.8690618),(9,144,137.3742979),(9,145,244.7549408),(9,146,521.6193539),(9,147,304.9893318),(9,148,61.81107527),(9,149,844.4494364),(9,150,660.2858606),(9,151,778.2546806),(9,152,410.0276977),(9,153,25.91779134),(9,154,671.2074796),(9,155,953.6372866),(9,156,117.4289899),(9,157,817.9247749),(9,158,709.9452478),(9,159,221.8840769),(9,160,751.9987053),(9,161,319.5181831),(9,162,873.7455168),(9,163,63.86512115),(9,164,216.3970554),(9,165,286.2111759),(9,166,221.7904725),(9,167,686.7377496),(9,168,706.9788598),(9,169,439.4005331),(9,170,401.5274546),(9,171,238.3265143),(9,172,236.8030487),(9,173,221.9734908),(9,174,205.5920268),(9,175,620.5202433),(9,176,798.5186028),(9,177,670.5627329),(9,178,238.0502685),(9,179,570.9657453),(9,180,385.5332629),(9,181,101.8428687),(9,182,478.5400777),(9,183,713.7105867),(9,184,634.3281418),(9,185,804.3121927),(9,186,335.5670219),(9,187,287.2423603),(9,188,586.055699),(9,189,136.9187907),(9,190,625.4217815),(9,191,953.0158567),(9,192,804.1529431),(9,193,602.626751),(9,194,724.9714904),(9,195,922.2313012),(9,196,964.9009533),(9,197,920.0326017),(9,198,781.1669421),(9,199,645.1909931),(9,200,255.9483407),(9,201,402.4917536),(9,202,633.6944078),(9,203,376.8013909),(9,204,620.0865387),(9,205,192.4488417),(9,206,367.1662392),(9,207,803.7962805),(9,208,802.6506497),(9,209,237.8151197),(9,210,492.0240937),(9,211,290.7131291),(9,212,864.4868534),(9,213,281.9460067),(9,214,22.71075664),(9,215,585.2129687),(9,216,883.2386307),(9,217,679.4646976),(9,218,57.52775045),(9,219,138.7237672),(9,220,831.5886479),(9,221,193.5933237),(9,222,725.3867517),(9,223,998.128392),(9,224,489.5205512),(9,225,479.1677065),(9,226,842.6171222),(9,227,365.3580355),(9,228,36.11748009),(9,229,365.7212214),(9,230,504.1159204),(9,231,713.6200871),(9,232,338.992764),(9,233,341.9926815),(9,234,145.5452678),(9,235,29.32612706),(9,236,798.6837012),(9,237,540.7450668),(9,238,902.3831995),(9,239,545.8992575),(9,240,246.7581223),(9,241,318.2809359),(9,242,562.4714765),(9,243,704.7074489),(9,244,843.0763487),(9,245,154.191642),(9,246,121.2596546),(9,247,324.4202854),(9,248,268.4235294),(9,249,113.7130932),(9,250,295.6037235),(9,251,526.785079),(9,252,524.3820994),(9,253,557.8546429),(9,254,669.7232296),(9,255,921.7325459),(9,256,274.8939737),(9,257,138.9219357),(9,258,571.3976672),(9,259,952.5987987),(9,260,325.8715132),(9,261,604.5342337),(9,262,983.224976),(9,263,786.3018877),(9,264,902.2621448),(9,265,368.4063988),(9,266,364.9845493),(9,267,92.43131227),(9,268,765.1933467),(9,269,305.1978862),(9,270,949.9047709),(9,271,162.6848671),(9,272,463.438663),(9,273,12.32876592),(9,274,465.8048752),(9,275,391.8587977),(9,276,670.8071722),(9,277,470.2689826),(9,278,759.0396712),(9,279,79.59058459),(9,280,355.5623729),(9,281,953.7310244),(9,282,514.4939046),(9,283,244.8140465),(9,284,363.6655515),(9,285,798.9971563),(9,286,742.2673398),(9,287,173.6782065),(9,288,723.3991653),(9,289,613.8730747),(9,290,576.7932976),(9,291,422.2945689),(9,292,333.7621885),(9,293,761.1567963),(9,294,306.7685731),(9,295,440.1754841),(9,296,545.8118279),(9,297,111.3118576),(9,298,243.280937),(9,299,32.46607814),(9,300,141.1469475),(9,301,579.2479973),(9,302,869.6542949),(9,303,619.9086439),(9,304,214.4406474),(9,305,415.9807727),(9,306,643.9651708),(9,307,143.2927884),(9,308,511.1193434),(9,309,897.7601174),(9,310,183.5021407),(9,311,524.7481059),(9,312,701.4390541),(9,313,742.21481),(9,314,810.1725104),(9,315,775.8180986),(9,316,514.533423),(9,317,379.7101464),(9,318,589.4894653),(9,319,793.3510403),(9,320,884.1575866),(9,321,851.8287808),(9,322,234.7670611),(9,323,335.8452613),(9,324,985.8488712),(9,325,173.528129),(9,326,185.5925707),(9,327,125.9161214),(9,328,347.3837977),(9,329,438.0402564),(9,330,836.2152372),(9,331,635.2433033),(9,332,964.8661091),(9,333,298.248759),(9,334,825.6375161),(9,335,971.9682881),(9,336,802.953617),(9,337,785.1967334),(9,338,995.8323316),(9,339,528.1929529),(9,340,619.3743707),(9,341,159.4977616),(9,342,322.6030596),(9,343,149.6781969),(9,344,865.3952367),(9,345,241.382199),(9,346,202.5988356),(9,347,348.4545337),(9,348,179.0625395),(9,349,542.0521718),(9,350,550.0530017),(9,351,160.606246),(9,352,533.7824035),(9,353,57.0634528),(9,354,165.0499222),(9,355,587.6905829),(9,356,494.9348318),(9,357,588.1367312),(9,358,696.292429),(9,359,667.954667),(9,360,749.0515146),(9,361,910.1845473),(9,362,16.61131041),(9,363,637.6560588),(9,364,934.7500003),(9,365,453.1121146),(9,366,968.089056),(9,367,69.30218919),(9,368,30.71067821),(9,369,26.75893334),(9,370,722.1731775),(9,371,178.010546),(9,372,239.7507817),(9,373,647.3841098),(9,374,57.20838996),(9,375,274.588819),(9,376,546.8902245),(9,377,535.869854),(9,378,910.591756),(9,379,996.4931332),(9,380,834.5310931),(9,381,745.4547217),(9,382,120.6247231),(9,383,339.3502104),(9,384,47.87961229),(9,385,21.11417417),(9,386,770.2078394),(9,387,779.7738263),(9,388,41.84138874),(9,389,20.94031207),(9,390,338.4190705),(9,391,347.4417136),(9,392,914.6851143),(9,393,543.04738),(9,394,932.1460514),(9,395,502.5876766),(9,396,135.3635904),(9,397,67.36121511),(9,398,130.8310139),(9,399,914.5538469),(9,400,124.2188738),(9,401,865.3678997),(9,402,709.2266081),(9,403,203.1315849),(9,404,708.5047631),(9,405,587.8803747),(9,406,649.1771505),(9,407,652.350111),(9,408,461.4765914),(9,409,777.4538564),(9,410,131.4596398),(9,411,774.6141144),(9,412,529.0950941),(9,413,225.4278377),(9,414,780.9329269),(9,415,142.5388954),(9,416,140.7794995),(9,417,225.9100779),(9,418,931.5337057),(9,419,136.4081572),(9,420,188.3040151),(9,421,631.5815319),(9,422,959.3560635),(9,423,849.4628791),(9,424,278.2048678),(9,425,446.2756477),(9,426,450.5635797),(9,427,449.4243442),(9,428,685.9983572),(9,429,395.2636444),(9,430,359.4788714),(9,431,336.206693),(9,432,378.181406),(9,433,745.1328996),(9,434,408.0467675),(9,435,827.9203811),(9,436,574.718441),(9,437,456.4878799),(9,438,776.5152098),(9,439,801.0009756),(9,440,262.3478727),(9,441,906.3555883),(9,442,779.3591037),(9,443,514.3925458),(9,444,27.99169862),(9,445,480.9540787),(9,446,879.4968608),(9,447,425.0193132),(9,448,324.5582477),(9,449,995.7015433),(9,450,977.0348248),(9,451,334.5464352),(9,452,114.3165692),(9,453,302.8569306),(9,454,39.29798119),(9,455,367.319736),(9,456,72.53684986),(9,457,704.7852121),(9,458,628.6367583),(9,459,382.2612122),(9,460,216.7323392),(9,461,337.1927186),(9,462,351.8282259),(9,463,938.6651466),(9,464,27.92307282),(9,465,737.2156262),(9,466,104.4273317),(9,467,503.9558255),(9,468,982.3460801),(9,469,714.1770611),(9,470,819.2300049),(9,471,275.7122901),(9,472,228.1973718),(9,473,543.0447313),(9,474,630.4196605),(9,475,51.54352662),(9,476,120.1402149),(9,477,835.0000703),(9,478,100.004888),(9,479,894.8029356),(9,480,710.4772267),(9,481,164.0070896),(9,482,542.7679589),(9,483,876.4653217),(9,484,316.8859566),(9,485,242.7781961),(9,486,207.5915913),(9,487,999.8320687),(9,488,84.7547429),(9,489,217.199235),(9,490,269.4646279),(9,491,821.1225866),(9,492,985.5735652),(9,493,656.4006774),(9,494,275.4444676),(9,495,669.8424514),(9,496,605.6712803),(9,497,693.3288063),(9,498,866.0018523),(9,499,74.35374465),(9,500,279.4590344),(9,501,475.962879),(9,502,928.0433781),(9,503,272.9166107),(9,504,429.4139265),(9,505,75.23423606),(9,506,399.9845945),(9,507,267.6582899),(9,508,378.0696663),(9,509,117.4351142),(9,510,945.2708206),(9,511,16.65671097),(9,512,271.610781),(9,513,523.4562253),(9,514,696.0149124),(9,515,773.4862285),(9,516,138.8922212),(9,517,368.6891778),(9,518,342.3266597),(9,519,667.7490791),(9,520,439.2263569),(9,521,299.7783299),(9,522,822.0266037),(9,523,38.21306833),(9,524,527.0762612),(9,525,131.556953),(9,526,439.4461226),(9,527,379.7033831),(9,528,772.6316518),(9,529,839.9827477),(9,530,617.4354779),(9,531,249.0421557),(9,532,204.5106786),(9,533,690.6255574),(9,534,107.9704854),(9,535,708.3539906),(9,536,217.2893763),(9,537,577.9475232),(9,538,321.2435394),(9,539,213.9678694),(9,540,694.3125187),(9,541,849.5720308),(9,542,5.966805638),(9,543,251.7680207),(9,544,300.4859333),(9,545,523.340591),(9,546,133.6655315),(9,547,153.6020646),(9,548,190.0163128),(9,549,635.0382679),(9,550,10.51088483),(9,551,758.2322416),(9,552,470.7826672),(9,553,350.7714092),(9,554,285.2855849),(9,555,674.8505054),(9,556,705.6006791),(9,557,906.2093444),(9,558,806.995913),(9,559,720.1665111),(9,560,370.7601309),(9,561,803.6232845),(9,562,505.0426486),(9,563,763.2609612),(9,564,716.0848585),(9,565,443.0036808),(9,566,740.639441),(9,567,161.3304436),(9,568,942.405836),(9,569,984.4770587),(9,570,504.9429107),(9,571,498.9381114),(9,572,981.4852703),(9,573,840.268567),(9,574,706.9358561),(9,575,522.8100691),(9,576,881.5283965),(9,577,475.2072472),(9,578,56.54791676),(9,579,257.6444538),(9,580,785.6620824),(9,581,675.1300852),(9,582,974.9831646),(9,583,362.9251157),(9,584,496.1488299),(9,585,569.4007068),(9,586,853.5677622),(9,587,911.5423354),(9,588,242.9696526),(9,589,42.84627294),(9,590,490.693096),(9,591,314.8003996),(9,592,16.03355297),(9,593,19.60891531),(9,594,369.8252928),(9,595,809.2582151),(9,596,205.4413039),(9,597,565.6567532),(9,598,597.6594342),(9,599,7.676355661),(9,600,825.7125107),(9,601,851.5979496),(9,602,178.9022225),(9,603,933.5851478),(9,604,927.0348068),(9,605,731.2960383),(9,606,131.4313396),(9,607,542.6811415),(9,608,202.3766174),(9,609,913.0083517),(9,610,705.5369341),(9,611,191.500784),(9,612,482.4042111),(9,613,926.028996),(9,614,350.4497855),(9,615,43.08291362),(9,616,24.96524293),(9,617,690.9482445),(9,618,140.7328459),(9,619,751.7321699),(9,620,158.3559674),(9,621,300.1758234),(9,622,144.9389407),(9,623,925.0582345),(9,624,812.8522524),(9,625,665.6242521),(9,626,513.9599833),(9,627,415.1705796),(9,628,332.5195163),(9,629,507.2261707),(9,630,802.4911731),(9,631,962.8586142),(9,632,301.2615198),(9,633,669.5732286),(9,634,936.1120619),(9,635,238.910984),(9,636,796.4823286),(9,637,705.9041829),(9,638,351.5939927),(9,639,845.8521388),(9,640,560.7920678),(9,641,889.3704309),(9,642,473.0685684),(9,643,710.1146739),(9,644,335.4809594),(9,645,525.9358736),(9,646,944.9681826),(9,647,939.4291904),(9,648,201.5053866),(9,649,628.2088695),(9,650,297.5252943),(9,651,188.8200323),(9,652,798.4952542),(9,653,208.5873117),(9,654,808.3984026),(9,655,745.8411623),(9,656,721.7055891),(9,657,717.8354146),(9,658,506.7070476),(9,659,877.1272431),(9,660,914.9160161),(9,661,959.0137396),(9,662,402.2647739),(9,663,943.6067211),(9,664,962.2745729),(9,665,727.5140997),(9,666,422.5882518),(9,667,539.0072868),(9,668,237.9357436),(9,669,305.6423388),(9,670,418.8317535),(9,671,919.6818974),(9,672,164.0026574),(9,673,62.22570002),(9,674,165.1493065),(9,675,24.06995342),(9,676,6.795790079),(9,677,32.63402206),(9,678,275.4104347),(9,679,265.3797276),(9,680,255.7529247),(9,681,789.1702867),(9,682,767.5137888),(9,683,632.6103345),(9,684,38.05209164),(9,685,802.1057281),(9,686,685.772612),(9,687,247.5810958),(9,688,695.3585411),(9,689,834.3393752),(9,690,751.6656984),(9,691,695.4773303),(9,692,620.7874106),(9,693,51.26588851),(9,694,676.1295122),(9,695,715.0592698),(9,696,239.7391166),(9,697,594.8301274),(9,698,300.0421238),(9,699,198.2913885),(9,700,117.7240346),(9,701,318.7024229),(9,702,243.0191853),(9,703,514.7361044),(9,704,952.0506593),(9,705,274.0975509),(9,706,327.3405876),(9,707,882.0659013),(9,708,347.6118851),(9,709,620.3308321),(9,710,656.4240508),(9,711,228.7306523),(9,712,460.1317221),(9,713,355.9947589),(9,714,797.2300165),(9,715,360.6452169),(9,716,80.28496606),(9,717,17.20668737),(9,718,266.4155711),(9,719,922.4939428),(9,720,276.8906302),(9,721,388.9704545),(9,722,81.22525894),(9,723,931.2051588),(9,724,446.2086797),(9,725,831.4587613),(9,726,319.6263031),(9,727,371.2277978),(9,728,454.921592),(9,729,867.174714),(9,730,282.375621),(9,731,146.3181045),(9,732,415.5582715),(9,733,982.4807881),(9,734,890.9197146),(9,735,166.8327546),(9,736,935.9399784),(9,737,128.5590627),(9,738,107.3315305),(9,739,626.3433568),(9,740,572.4163618),(9,741,518.1471934),(9,742,597.4780552),(9,743,964.2309081),(9,744,952.3263919),(9,745,564.0712363),(9,746,866.7228939),(9,747,574.0232368),(9,748,299.2284847),(9,749,236.4647603),(9,750,217.5377096),(9,751,787.9956163),(9,752,481.0798217),(9,753,932.0020139),(9,754,660.0016853),(9,755,700.0114842),(9,756,469.9357692),(9,757,822.4210393),(9,758,227.7498135),(9,759,47.13451677),(9,760,750.6107979),(9,761,865.5394055),(9,762,795.3737148),(9,763,704.5055714),(9,764,43.15873491),(9,765,393.986286),(9,766,465.0283538),(9,767,726.9729929),(9,768,147.7645131),(9,769,324.1781607),(9,770,836.5060406),(9,771,415.4962467),(9,772,449.9166341),(9,773,63.47446599),(9,774,655.6200752),(9,775,42.08896238),(9,776,584.471513),(9,777,605.6031234),(9,778,27.38707071),(9,779,503.5968999),(9,780,281.0261695),(9,781,530.5484971),(9,782,647.4925844),(9,783,993.5852468),(9,784,998.5637981),(9,785,676.4194177),(9,786,126.8469109),(9,787,689.043164),(9,788,442.3893937),(9,789,578.4931306),(9,790,784.1131113),(9,791,494.3064264),(9,792,460.8086128),(9,793,166.9012973),(9,794,382.3186416),(9,795,362.6945718),(9,796,463.2008788),(9,797,208.1661535),(9,798,825.3690916),(9,799,142.3392058),(9,800,70.27096877),(9,801,906.5032406),(9,802,160.6575007),(9,803,722.0623662),(9,804,498.3687174),(9,805,728.4517368),(9,806,197.2297008),(9,807,159.4332824),(9,808,293.998933),(9,809,511.6289171),(9,810,862.2141629),(9,811,447.5868785),(9,812,585.407455),(9,813,373.2834504),(9,814,389.393453),(9,815,579.3135144),(9,816,770.7376651),(9,817,529.6225567),(9,818,275.8133245),(9,819,227.397594),(9,820,443.2995253),(9,821,494.5495889),(9,822,455.9997634),(9,823,796.4518109),(9,824,337.6637487),(9,825,980.8129624),(9,826,802.6193567),(9,827,376.7153722),(9,828,630.7101229),(9,829,234.467615),(9,830,611.1332635),(9,831,284.104137),(9,832,186.5012454),(9,833,746.5312662),(9,834,542.2333512),(9,835,883.1121036),(9,836,623.5115905),(9,837,531.0111125),(9,838,185.4648404),(9,839,293.40589),(9,840,867.0567253),(9,841,573.7073393),(9,842,205.8066008),(9,843,624.045071),(9,844,292.2652537),(9,845,940.5534997),(9,846,952.5213739),(9,847,297.9187577),(9,848,323.6601191),(9,849,906.1950354),(9,850,411.9769151),(9,851,828.7723388),(9,852,404.9568067),(9,853,126.9396799),(9,854,762.3992956),(9,855,415.8489388),(9,856,734.497377),(9,857,697.8709179),(9,858,715.4682223),(9,859,557.1105003),(9,860,950.0333235),(9,861,711.1401447),(9,862,677.3213071),(9,863,277.6222189),(9,864,39.21973675),(9,865,106.623904),(9,866,844.2503245),(9,867,363.2623715),(9,868,530.3470219),(9,869,523.9790276),(9,870,729.237019),(9,871,335.1191078),(9,872,939.5740739),(9,873,833.3759345),(9,874,854.028646),(9,875,337.7181429),(9,876,913.2883105),(9,877,157.2462314),(9,878,572.0987969),(9,879,152.0064243),(9,880,490.1381554),(9,881,39.83792139),(9,882,529.7029112),(9,883,420.5544529),(9,884,95.12938735),(9,885,595.985484),(9,886,345.7030735),(9,887,820.8572321),(9,888,370.2390567),(9,889,355.6625755),(9,890,569.7191714),(9,891,665.141017),(9,892,311.1136854),(9,893,382.8320093),(9,894,278.4405885),(9,895,819.3882665),(9,896,274.3363169),(9,897,498.7868559),(9,898,486.312002),(9,899,619.5647387),(9,900,234.0555488),(9,901,21.92745372),(9,902,447.9080323),(9,903,133.55231),(9,904,643.5256827),(9,905,810.7940543),(9,906,428.6830238),(9,907,988.7588813),(9,908,358.4904031),(9,909,5.054032254),(9,910,932.2848769),(9,911,696.160075),(9,912,595.9612718),(9,913,89.61437079),(9,914,869.6108553),(9,915,214.7182019),(9,916,362.3902703),(9,917,168.7568934),(9,918,138.9097243),(9,919,118.6682487),(9,920,170.9956851),(9,921,856.8109126),(9,922,826.6114457),(9,923,279.8231506),(9,924,25.16658158),(9,925,231.8463545),(9,926,869.9245403),(9,927,433.6022769),(9,928,823.2259805),(9,929,519.4371825),(9,930,834.5602112),(9,931,136.3913722),(9,932,242.6596307),(9,933,456.3506314),(9,934,549.6274722),(9,935,425.7479942),(9,936,251.8090693),(9,937,271.3136797),(9,938,16.16099655),(9,939,533.3893263),(9,940,739.1228544),(9,941,95.27750119),(9,942,546.7395143),(9,943,742.1878883),(9,944,152.9833161),(9,945,175.7988093),(9,946,474.1622721),(9,947,811.8135874),(9,948,449.2165414),(9,949,474.3619524),(9,950,107.0313945),(9,951,806.2801238),(9,952,359.8627153),(9,953,280.7604602),(9,954,60.43916904),(9,955,51.91437463),(9,956,20.50942274),(9,957,316.4777608),(9,958,721.6046221),(9,959,177.9148804),(9,960,749.4525875),(9,961,463.6147428),(9,962,666.7929986),(9,963,634.0812245),(9,964,997.0340882),(9,965,190.9114955),(9,966,224.7727046),(9,967,932.2382112),(9,968,71.33339239),(9,969,471.2639624),(9,970,143.2800271),(9,971,146.5762919),(9,972,969.6557164),(9,973,548.0647998),(9,974,933.356451),(9,975,644.8843071),(9,976,574.3427502),(9,977,738.6122015),(9,978,878.1300068),(9,979,677.758111),(9,980,238.5031682),(9,981,714.9386543),(9,982,823.0520925),(9,983,222.2859528),(9,984,24.35471452),(9,985,137.8307528),(9,986,732.4649765),(9,987,585.0925557),(9,988,549.1720439),(9,989,891.9741849),(9,990,168.0368216),(9,991,59.04050057),(9,992,748.9114987),(9,993,802.5891416),(9,994,13.47485351),(9,995,723.1003267),(9,996,464.4623432),(9,997,213.3101549),(9,998,121.3750653),(9,999,266.4468334),(9,1000,252.412441),(9,1001,994.0445466),(9,1002,548.6871199),(9,1003,609.6118634),(9,1004,907.2004678),(9,1005,91.84061626),(9,1006,189.7504614),(9,1007,148.3069549),(9,1008,397.1139922),(9,1009,416.8032538),(9,1010,920.431892),(9,1011,263.4888852),(9,1012,114.9807405),(9,1013,480.5126411),(9,1014,914.7351846),(9,1015,348.1884671),(9,1016,349.9540145),(9,1017,155.3580333),(9,1018,676.6668124),(9,1019,687.9675501),(9,1020,129.648618),(9,1021,965.8672067),(9,1022,669.000923),(9,1023,532.5904088),(9,1024,50.86866984),(9,1025,236.1708312),(9,1026,107.8336102),(9,1027,337.8507847),(9,1028,865.1051316),(9,1029,76.21394049),(9,1030,423.0550667),(9,1031,781.5534482),(9,1032,12.79119619),(9,1033,285.3687128),(9,1034,178.1493538),(9,1035,74.52942351),(9,1036,794.8931674),(9,1037,326.2829356),(9,1038,341.9254292),(9,1039,806.4959282),(9,1040,347.4812928),(9,1041,931.8434446),(9,1042,222.3139336),(9,1043,358.3999525),(9,1044,11.80466664),(9,1045,704.431344),(9,1046,784.7842325),(9,1047,828.8034494),(9,1048,863.9812704),(9,1049,261.0081023),(9,1050,36.69370834),(9,1051,769.0023204),(9,1052,237.6273655),(9,1053,976.1017186),(9,1054,75.38817579),(9,1055,66.77046082),(9,1056,123.2141725),(9,1057,157.994374),(9,1058,113.5007413),(9,1059,524.1041632),(9,1060,233.3622012),(9,1061,746.4610783),(9,1062,167.899521),(9,1063,629.7913505),(9,1064,726.0178855),(9,1065,48.64416918),(9,1066,300.0550277),(9,1067,545.6533277),(9,1068,494.4788053),(9,1069,591.4853589),(9,1070,962.7134102),(9,1071,161.610843),(9,1072,36.60089771),(9,1073,723.9039247),(9,1074,877.0121813),(9,1075,148.6237044),(9,1076,927.0964761),(9,1077,154.0924733),(9,1078,7.048085551),(9,1079,637.6724312),(9,1080,751.2644363),(9,1081,249.5000157),(9,1082,614.6563844),(9,1083,65.18384575),(9,1084,882.7132156),(9,1085,684.6180361),(9,1086,807.417884),(9,1087,769.8237204),(9,1088,447.4676088),(9,1089,846.2542924),(9,1090,98.90531325),(9,1091,740.2880223),(9,1092,751.2897308),(9,1093,50.09998472),(9,1094,803.9433058),(9,1095,370.3434416),(9,1096,827.0919635),(9,1097,563.8317124),(9,1098,12.49862663),(9,1099,970.1478735);
/*!40000 ALTER TABLE `mileage` ENABLE KEYS */;
UNLOCK TABLES;

--
-- Table structure for table `results`
--

DROP TABLE IF EXISTS `results`;
/*!40101 SET @saved_cs_client     = @@character_set_client */;
/*!40101 SET character_set_client = utf8 */;
CREATE TABLE `results` (
  `dc_id` bigint(20) NOT NULL,
  `store_id` bigint(20) NOT NULL,
  `trailer_loads` bigint(20) NOT NULL,
  KEY `fk_dc_id_results_idx` (`dc_id`),
  KEY `fkstore_id_results_idx` (`store_id`),
  CONSTRAINT `fk_dc_id_results` FOREIGN KEY (`dc_id`) REFERENCES `dcs` (`dc_id`) ON DELETE NO ACTION ON UPDATE NO ACTION,
  CONSTRAINT `fkstore_id_results` FOREIGN KEY (`store_id`) REFERENCES `stores` (`store_id`) ON DELETE NO ACTION ON UPDATE NO ACTION
) ENGINE=InnoDB DEFAULT CHARSET=utf8;
/*!40101 SET character_set_client = @saved_cs_client */;

--
-- Dumping data for table `results`
--

LOCK TABLES `results` WRITE;
/*!40000 ALTER TABLE `results` DISABLE KEYS */;
/*!40000 ALTER TABLE `results` ENABLE KEYS */;
UNLOCK TABLES;

--
-- Table structure for table `stores`
--

DROP TABLE IF EXISTS `stores`;
/*!40101 SET @saved_cs_client     = @@character_set_client */;
/*!40101 SET character_set_client = utf8 */;
CREATE TABLE `stores` (
  `store_id` bigint(20) NOT NULL,
  `requirements` bigint(20) NOT NULL,
  PRIMARY KEY (`store_id`)
) ENGINE=InnoDB DEFAULT CHARSET=utf8;
/*!40101 SET character_set_client = @saved_cs_client */;

--
-- Dumping data for table `stores`
--

LOCK TABLES `stores` WRITE;
/*!40000 ALTER TABLE `stores` DISABLE KEYS */;
INSERT INTO `stores` VALUES (0,208),(1,54),(2,66),(3,282),(4,80),(5,112),(6,211),(7,109),(8,96),(9,166),(10,61),(11,158),(12,232),(13,41),(14,174),(15,110),(16,105),(17,73),(18,25),(19,129),(20,81),(21,40),(22,58),(23,56),(24,58),(25,98),(26,39),(27,58),(28,154),(29,73),(30,67),(31,28),(32,86),(33,47),(34,89),(35,157),(36,44),(37,150),(38,57),(39,104),(40,113),(41,50),(42,27),(43,131),(44,124),(45,36),(46,99),(47,110),(48,62),(49,122),(50,102),(51,118),(52,53),(53,113),(54,181),(55,123),(56,97),(57,161),(58,46),(59,72),(60,197),(61,39),(62,81),(63,42),(64,61),(65,141),(66,96),(67,124),(68,183),(69,80),(70,75),(71,121),(72,59),(73,36),(74,156),(75,98),(76,33),(77,28),(78,67),(79,65),(80,102),(81,60),(82,78),(83,126),(84,41),(85,153),(86,41),(87,90),(88,157),(89,56),(90,120),(91,132),(92,55),(93,59),(94,179),(95,73),(96,50),(97,173),(98,136),(99,117),(100,206),(101,106),(102,107),(103,113),(104,179),(105,97),(106,29),(107,127),(108,167),(109,56),(110,38),(111,83),(112,74),(113,86),(114,47),(115,114),(116,116),(117,40),(118,26),(119,39),(120,79),(121,63),(122,104),(123,141),(124,61),(125,40),(126,96),(127,72),(128,98),(129,155),(130,121),(131,82),(132,48),(133,165),(134,115),(135,42),(136,194),(137,27),(138,117),(139,69),(140,39),(141,165),(142,76),(143,46),(144,76),(145,60),(146,119),(147,59),(148,61),(149,182),(150,88),(151,57),(152,36),(153,114),(154,104),(155,97),(156,169),(157,108),(158,40),(159,172),(160,32),(161,79),(162,211),(163,101),(164,32),(165,41),(166,61),(167,106),(168,88),(169,96),(170,116),(171,34),(172,40),(173,145),(174,75),(175,89),(176,110),(177,63),(178,25),(179,76),(180,92),(181,45),(182,30),(183,34),(184,48),(185,34),(186,47),(187,83),(188,33),(189,71),(190,64),(191,95),(192,53),(193,50),(194,93),(195,65),(196,83),(197,103),(198,69),(199,143),(200,112),(201,141),(202,50),(203,115),(204,57),(205,64),(206,137),(207,61),(208,105),(209,147),(210,114),(211,43),(212,147),(213,175),(214,70),(215,103),(216,42),(217,89),(218,91),(219,102),(220,81),(221,36),(222,136),(223,118),(224,109),(225,102),(226,68),(227,62),(228,156),(229,75),(230,73),(231,197),(232,45),(233,55),(234,271),(235,94),(236,96),(237,146),(238,41),(239,60),(240,141),(241,89),(242,31),(243,30),(244,130),(245,104),(246,39),(247,76),(248,120),(249,77),(250,122),(251,91),(252,117),(253,126),(254,66),(255,171),(256,112),(257,119),(258,146),(259,55),(260,162),(261,105),(262,105),(263,167),(264,113),(265,124),(266,44),(267,182),(268,109),(269,83),(270,86),(271,127),(272,44),(273,115),(274,171),(275,51),(276,117),(277,39),(278,83),(279,70),(280,104),(281,66),(282,33),(283,86),(284,127),(285,106),(286,103),(287,167),(288,174),(289,96),(290,195),(291,43),(292,95),(293,261),(294,104),(295,82),(296,36),(297,169),(298,30),(299,35),(300,204),(301,29),(302,33),(303,53),(304,95),(305,91),(306,113),(307,82),(308,162),(309,108),(310,33),(311,220),(312,139),(313,94),(314,177),(315,35),(316,29),(317,85),(318,43),(319,98),(320,58),(321,29),(322,129),(323,60),(324,26),(325,41),(326,32),(327,97),(328,32),(329,91),(330,37),(331,36),(332,43),(333,78),(334,61),(335,41),(336,80),(337,123),(338,48),(339,72),(340,29),(341,28),(342,85),(343,55),(344,53),(345,102),(346,89),(347,37),(348,162),(349,119),(350,48),(351,223),(352,61),(353,42),(354,234),(355,38),(356,89),(357,249),(358,102),(359,58),(360,242),(361,43),(362,31),(363,60),(364,36),(365,49),(366,115),(367,67),(368,30),(369,93),(370,96),(371,45),(372,149),(373,97),(374,106),(375,86),(376,149),(377,52),(378,95),(379,94),(380,99),(381,36),(382,122),(383,30),(384,41),(385,37),(386,67),(387,43),(388,78),(389,67),(390,112),(391,75),(392,107),(393,178),(394,102),(395,55),(396,195),(397,167),(398,111),(399,61),(400,159),(401,174),(402,36),(403,210),(404,72),(405,41),(406,163),(407,94),(408,59),(409,152),(410,158),(411,86),(412,226),(413,229),(414,156),(415,255),(416,101),(417,91),(418,178),(419,54),(420,42),(421,163),(422,110),(423,45),(424,173),(425,132),(426,97),(427,189),(428,150),(429,88),(430,174),(431,64),(432,97),(433,99),(434,103),(435,150),(436,74),(437,152),(438,79),(439,94),(440,91),(441,67),(442,67),(443,54),(444,30),(445,140),(446,53),(447,49),(448,28),(449,41),(450,94),(451,81),(452,50),(453,92),(454,146),(455,82),(456,167),(457,110),(458,66),(459,154),(460,141),(461,42),(462,203),(463,97),(464,88),(465,266),(466,50),(467,102),(468,197),(469,109),(470,62),(471,141),(472,151),(473,68),(474,92),(475,99),(476,118),(477,95),(478,65),(479,152),(480,34),(481,28),(482,107),(483,104),(484,55),(485,58),(486,148),(487,25),(488,106),(489,197),(490,61),(491,58),(492,239),(493,71),(494,102),(495,94),(496,28),(497,86),(498,93),(499,71),(500,85),(501,99),(502,143),(503,116),(504,109),(505,172),(506,111),(507,64),(508,94),(509,169),(510,109),(511,102),(512,134),(513,107),(514,133),(515,176),(516,41),(517,57),(518,106),(519,39),(520,113),(521,25),(522,104),(523,158),(524,80),(525,74),(526,139),(527,30),(528,126),(529,167),(530,83),(531,59),(532,31),(533,134),(534,53),(535,77),(536,126),(537,108),(538,102),(539,96),(540,138),(541,103),(542,59),(543,75),(544,160),(545,38),(546,132),(547,86),(548,89),(549,177),(550,122),(551,132),(552,179),(553,72),(554,35),(555,197),(556,81),(557,79),(558,135),(559,115),(560,95),(561,44),(562,119),(563,31),(564,94),(565,190),(566,104),(567,119),(568,240),(569,178),(570,183),(571,140),(572,203),(573,183),(574,183),(575,68),(576,177),(577,234),(578,121),(579,141),(580,91),(581,133),(582,215),(583,137),(584,177),(585,250),(586,186),(587,37),(588,252),(589,87),(590,42),(591,58),(592,67),(593,56),(594,43),(595,74),(596,64),(597,45),(598,144),(599,108),(600,26),(601,194),(602,145),(603,29),(604,217),(605,103),(606,40),(607,244),(608,118),(609,79),(610,241),(611,52),(612,77),(613,74),(614,50),(615,104),(616,140),(617,94),(618,69),(619,180),(620,33),(621,102),(622,140),(623,80),(624,173),(625,148),(626,133),(627,84),(628,134),(629,59),(630,36),(631,122),(632,106),(633,101),(634,134),(635,163),(636,126),(637,168),(638,103),(639,108),(640,192),(641,128),(642,158),(643,177),(644,58),(645,54),(646,44),(647,32),(648,61),(649,84),(650,93),(651,52),(652,67),(653,121),(654,86),(655,28),(656,168),(657,102),(658,45),(659,80),(660,145),(661,107),(662,66),(663,110),(664,142),(665,96),(666,151),(667,27),(668,91),(669,147),(670,26),(671,75),(672,148),(673,63),(674,51),(675,106),(676,45),(677,117),(678,79),(679,53),(680,61),(681,91),(682,57),(683,130),(684,76),(685,29),(686,42),(687,74),(688,39),(689,89),(690,55),(691,66),(692,129),(693,40),(694,140),(695,202),(696,39),(697,49),(698,67),(699,87),(700,46),(701,74),(702,105),(703,89),(704,144),(705,166),(706,155),(707,190),(708,61),(709,39),(710,253),(711,78),(712,64),(713,70),(714,63),(715,68),(716,99),(717,118),(718,45),(719,142),(720,177),(721,36),(722,62),(723,49),(724,59),(725,98),(726,107),(727,120),(728,43),(729,164),(730,90),(731,81),(732,168),(733,35),(734,101),(735,71),(736,58),(737,94),(738,140),(739,51),(740,135),(741,185),(742,62),(743,120),(744,119),(745,62),(746,150),(747,185),(748,73),(749,55),(750,210),(751,91),(752,37),(753,123),(754,158),(755,58),(756,198),(757,179),(758,121),(759,270),(760,122),(761,47),(762,256),(763,132),(764,57),(765,254),(766,111),(767,127),(768,215),(769,129),(770,111),(771,235),(772,47),(773,171),(774,93),(775,27),(776,195),(777,51),(778,66),(779,48),(780,52),(781,39),(782,107),(783,43),(784,41),(785,146),(786,34),(787,53),(788,198),(789,71),(790,60),(791,166),(792,67),(793,132),(794,55),(795,97),(796,155),(797,28),(798,109),(799,214),(800,26),(801,99),(802,263),(803,90),(804,95),(805,167),(806,108),(807,96),(808,157),(809,67),(810,51),(811,223),(812,94),(813,77),(814,51),(815,109),(816,62),(817,83),(818,134),(819,115),(820,53),(821,72),(822,65),(823,35),(824,74),(825,123),(826,108),(827,117),(828,190),(829,53),(830,69),(831,173),(832,116),(833,88),(834,245),(835,91),(836,148),(837,193),(838,27),(839,197),(840,84),(841,89),(842,196),(843,133),(844,69),(845,152),(846,135),(847,26),(848,150),(849,103),(850,72),(851,130),(852,29),(853,117),(854,107),(855,67),(856,162),(857,168),(858,99),(859,230),(860,62),(861,46),(862,196),(863,69),(864,72),(865,264),(866,72),(867,83),(868,125),(869,75),(870,152),(871,162),(872,148),(873,115),(874,126),(875,71),(876,27),(877,193),(878,89),(879,55),(880,146),(881,32),(882,126),(883,165),(884,60),(885,43),(886,174),(887,75),(888,50),(889,111),(890,137),(891,93),(892,100),(893,37),(894,155),(895,90),(896,82),(897,94),(898,72),(899,48),(900,144),(901,34),(902,98),(903,157),(904,89),(905,170),(906,104),(907,75),(908,91),(909,136),(910,34),(911,153),(912,197),(913,34),(914,186),(915,62),(916,105),(917,54),(918,50),(919,175),(920,79),(921,119),(922,209),(923,46),(924,150),(925,271),(926,83),(927,158),(928,132),(929,86),(930,185),(931,86),(932,34),(933,172),(934,46),(935,48),(936,161),(937,60),(938,60),(939,226),(940,115),(941,62),(942,213),(943,36),(944,89),(945,84),(946,41),(947,62),(948,66),(949,79),(950,66),(951,48),(952,149),(953,108),(954,59),(955,224),(956,36),(957,25),(958,57),(959,106),(960,96),(961,42),(962,74),(963,168),(964,37),(965,122),(966,26),(967,77),(968,175),(969,56),(970,77),(971,155),(972,65),(973,116),(974,64),(975,121),(976,133),(977,29),(978,186),(979,43),(980,26),(981,38),(982,69),(983,74),(984,69),(985,86),(986,141),(987,142),(988,112),(989,77),(990,170),(991,115),(992,58),(993,204),(994,137),(995,48),(996,41),(997,185),(998,90),(999,51),(1000,70),(1001,83),(1002,70),(1003,107),(1004,71),(1005,89),(1006,119),(1007,133),(1008,67),(1009,108),(1010,40),(1011,31),(1012,91),(1013,87),(1014,78),(1015,134),(1016,91),(1017,27),(1018,119),(1019,115),(1020,86),(1021,143),(1022,184),(1023,55),(1024,76),(1025,100),(1026,70),(1027,147),(1028,37),(1029,38),(1030,140),(1031,101),(1032,97),(1033,93),(1034,101),(1035,41),(1036,29),(1037,43),(1038,42),(1039,38),(1040,30),(1041,103),(1042,107),(1043,64),(1044,133),(1045,88),(1046,114),(1047,136),(1048,89),(1049,98),(1050,108),(1051,47),(1052,71),(1053,88),(1054,116),(1055,98),(1056,144),(1057,29),(1058,31),(1059,139),(1060,102),(1061,81),(1062,168),(1063,153),(1064,108),(1065,101),(1066,183),(1067,129),(1068,73),(1069,90),(1070,26),(1071,72),(1072,53),(1073,60),(1074,133),(1075,113),(1076,52),(1077,62),(1078,25),(1079,117),(1080,94),(1081,92),(1082,34),(1083,120),(1084,55),(1085,57),(1086,159),(1087,97),(1088,64),(1089,74),(1090,148),(1091,100),(1092,93),(1093,78),(1094,145),(1095,153),(1096,145),(1097,100),(1098,213),(1099,71);
/*!40000 ALTER TABLE `stores` ENABLE KEYS */;
UNLOCK TABLES;

--
-- Dumping routines for database 'mini_solution'
--
/*!50003 DROP PROCEDURE IF EXISTS `spCostInfo` */;
/*!50003 SET @saved_cs_client      = @@character_set_client */ ;
/*!50003 SET @saved_cs_results     = @@character_set_results */ ;
/*!50003 SET @saved_col_connection = @@collation_connection */ ;
/*!50003 SET character_set_client  = utf8 */ ;
/*!50003 SET character_set_results = utf8 */ ;
/*!50003 SET collation_connection  = utf8_general_ci */ ;
/*!50003 SET @saved_sql_mode       = @@sql_mode */ ;
/*!50003 SET sql_mode              = 'STRICT_TRANS_TABLES,NO_AUTO_CREATE_USER,NO_ENGINE_SUBSTITUTION' */ ;
DELIMITER ;;
CREATE DEFINER=`root`@`localhost` PROCEDURE `spCostInfo`()
BEGIN	
	select dc_id,store_id, (0.75*mileage+200) as 'cost'
    from mileage;

END ;;
DELIMITER ;
/*!50003 SET sql_mode              = @saved_sql_mode */ ;
/*!50003 SET character_set_client  = @saved_cs_client */ ;
/*!50003 SET character_set_results = @saved_cs_results */ ;
/*!50003 SET collation_connection  = @saved_col_connection */ ;
/*!50003 DROP PROCEDURE IF EXISTS `spDCInfo` */;
/*!50003 SET @saved_cs_client      = @@character_set_client */ ;
/*!50003 SET @saved_cs_results     = @@character_set_results */ ;
/*!50003 SET @saved_col_connection = @@collation_connection */ ;
/*!50003 SET character_set_client  = utf8 */ ;
/*!50003 SET character_set_results = utf8 */ ;
/*!50003 SET collation_connection  = utf8_general_ci */ ;
/*!50003 SET @saved_sql_mode       = @@sql_mode */ ;
/*!50003 SET sql_mode              = 'STRICT_TRANS_TABLES,NO_AUTO_CREATE_USER,NO_ENGINE_SUBSTITUTION' */ ;
DELIMITER ;;
CREATE DEFINER=`root`@`localhost` PROCEDURE `spDCInfo`()
BEGIN
	select * from dcs;
END ;;
DELIMITER ;
/*!50003 SET sql_mode              = @saved_sql_mode */ ;
/*!50003 SET character_set_client  = @saved_cs_client */ ;
/*!50003 SET character_set_results = @saved_cs_results */ ;
/*!50003 SET collation_connection  = @saved_col_connection */ ;
/*!50003 DROP PROCEDURE IF EXISTS `spGetEconomicRoutes` */;
/*!50003 SET @saved_cs_client      = @@character_set_client */ ;
/*!50003 SET @saved_cs_results     = @@character_set_results */ ;
/*!50003 SET @saved_col_connection = @@collation_connection */ ;
/*!50003 SET character_set_client  = cp850 */ ;
/*!50003 SET character_set_results = cp850 */ ;
/*!50003 SET collation_connection  = cp850_general_ci */ ;
/*!50003 SET @saved_sql_mode       = @@sql_mode */ ;
/*!50003 SET sql_mode              = 'STRICT_TRANS_TABLES,NO_AUTO_CREATE_USER,NO_ENGINE_SUBSTITUTION' */ ;
DELIMITER ;;
CREATE DEFINER=`root`@`localhost` PROCEDURE `spGetEconomicRoutes`(IN tripFixedCost DOUBLE, IN tripMileageCost DOUBLE, IN tripCostMax DOUBLE)
BEGIN
    DECLARE fixedCost DOUBLE;            
    DECLARE mileageCost DOUBLE;          
    SET fixedCost = tripFixedCost;       
    SET mileageCost = tripMileageCost;   
    
    DROP TABLE IF EXISTS cost;           
                                            
	
    
    CREATE TEMPORARY TABLE cost AS (SELECT `mileage`.`dc_id`, `mileage`.`store_id`, fixedCost + `mileage`.`mileage` * mileageCost AS tripCost
                                    FROM `mini_solution`.`mileage` ORDER BY tripCost ASC);
    
    
    CREATE TEMPORARY TABLE low_cost as (SELECT `dc_id`, `store_id`, `tripCost` FROM cost WHERE `tripCost` <= tripCostMax ORDER BY `tripCost` DESC);
    
    DROP TABLE cost;                     
    
    SELECT * from low_cost;              
    
    DROP TABLE low_cost;
END ;;
DELIMITER ;
/*!50003 SET sql_mode              = @saved_sql_mode */ ;
/*!50003 SET character_set_client  = @saved_cs_client */ ;
/*!50003 SET character_set_results = @saved_cs_results */ ;
/*!50003 SET collation_connection  = @saved_col_connection */ ;
/*!50003 DROP PROCEDURE IF EXISTS `spLimitDCStoreCombos` */;
/*!50003 SET @saved_cs_client      = @@character_set_client */ ;
/*!50003 SET @saved_cs_results     = @@character_set_results */ ;
/*!50003 SET @saved_col_connection = @@collation_connection */ ;
/*!50003 SET character_set_client  = utf8 */ ;
/*!50003 SET character_set_results = utf8 */ ;
/*!50003 SET collation_connection  = utf8_general_ci */ ;
/*!50003 SET @saved_sql_mode       = @@sql_mode */ ;
/*!50003 SET sql_mode              = 'STRICT_TRANS_TABLES,NO_AUTO_CREATE_USER,NO_ENGINE_SUBSTITUTION' */ ;
DELIMITER ;;
CREATE DEFINER=`root`@`localhost` PROCEDURE `spLimitDCStoreCombos`(IN thisLimit BIGINT(20))
BEGIN
	select dc_id, store_id, (mileage*.75 + 200) as 'cost'
    from mileage
    where (
			select count(*) from mileage as f
            where f.store_id = mileage.store_id and f.mileage <= mileage.mileage
		) <= thisLimit
	order by store_id, mileage;
END ;;
DELIMITER ;
/*!50003 SET sql_mode              = @saved_sql_mode */ ;
/*!50003 SET character_set_client  = @saved_cs_client */ ;
/*!50003 SET character_set_results = @saved_cs_results */ ;
/*!50003 SET collation_connection  = @saved_col_connection */ ;
/*!50003 DROP PROCEDURE IF EXISTS `spPutResultsData` */;
/*!50003 SET @saved_cs_client      = @@character_set_client */ ;
/*!50003 SET @saved_cs_results     = @@character_set_results */ ;
/*!50003 SET @saved_col_connection = @@collation_connection */ ;
/*!50003 SET character_set_client  = utf8 */ ;
/*!50003 SET character_set_results = utf8 */ ;
/*!50003 SET collation_connection  = utf8_general_ci */ ;
/*!50003 SET @saved_sql_mode       = @@sql_mode */ ;
/*!50003 SET sql_mode              = 'STRICT_TRANS_TABLES,NO_AUTO_CREATE_USER,NO_ENGINE_SUBSTITUTION' */ ;
DELIMITER ;;
CREATE DEFINER=`root`@`localhost` PROCEDURE `spPutResultsData`(IN thisDC BIGINT(20), IN thisStore BIGINT(20), IN thisTruckloads BIGINT(20))
BEGIN

  INSERT INTO results(dc_id, store_id, trailer_loads)
  VALUES(thisDC, thisStore, thisTruckloads);
END ;;
DELIMITER ;
/*!50003 SET sql_mode              = @saved_sql_mode */ ;
/*!50003 SET character_set_client  = @saved_cs_client */ ;
/*!50003 SET character_set_results = @saved_cs_results */ ;
/*!50003 SET collation_connection  = @saved_col_connection */ ;
/*!50003 DROP PROCEDURE IF EXISTS `spResetResults` */;
/*!50003 SET @saved_cs_client      = @@character_set_client */ ;
/*!50003 SET @saved_cs_results     = @@character_set_results */ ;
/*!50003 SET @saved_col_connection = @@collation_connection */ ;
/*!50003 SET character_set_client  = utf8 */ ;
/*!50003 SET character_set_results = utf8 */ ;
/*!50003 SET collation_connection  = utf8_general_ci */ ;
/*!50003 SET @saved_sql_mode       = @@sql_mode */ ;
/*!50003 SET sql_mode              = 'STRICT_TRANS_TABLES,NO_AUTO_CREATE_USER,NO_ENGINE_SUBSTITUTION' */ ;
DELIMITER ;;
CREATE DEFINER=`root`@`localhost` PROCEDURE `spResetResults`()
BEGIN
 DROP TABLE IF EXISTS results;

    CREATE TABLE `results` (
	  `dc_id` bigint(20) NOT NULL,
	  `store_id` bigint(20) NOT NULL,
	  `trailer_loads` bigint(20) NOT NULL,
	  KEY `fk_dc_id_results_idx` (`dc_id`),
	  KEY `fkstore_id_results_idx` (`store_id`),
	  CONSTRAINT `fk_dc_id_results` FOREIGN KEY (`dc_id`) REFERENCES `dcs` (`dc_id`) ON DELETE NO ACTION ON UPDATE NO ACTION,
	  CONSTRAINT `fkstore_id_results` FOREIGN KEY (`store_id`) REFERENCES `stores` (`store_id`) ON DELETE NO ACTION ON UPDATE NO ACTION
	) ENGINE=InnoDB DEFAULT CHARSET=utf8;

END ;;
DELIMITER ;
/*!50003 SET sql_mode              = @saved_sql_mode */ ;
/*!50003 SET character_set_client  = @saved_cs_client */ ;
/*!50003 SET character_set_results = @saved_cs_results */ ;
/*!50003 SET collation_connection  = @saved_col_connection */ ;
/*!50003 DROP PROCEDURE IF EXISTS `spStoreInfo` */;
/*!50003 SET @saved_cs_client      = @@character_set_client */ ;
/*!50003 SET @saved_cs_results     = @@character_set_results */ ;
/*!50003 SET @saved_col_connection = @@collation_connection */ ;
/*!50003 SET character_set_client  = utf8 */ ;
/*!50003 SET character_set_results = utf8 */ ;
/*!50003 SET collation_connection  = utf8_general_ci */ ;
/*!50003 SET @saved_sql_mode       = @@sql_mode */ ;
/*!50003 SET sql_mode              = 'STRICT_TRANS_TABLES,NO_AUTO_CREATE_USER,NO_ENGINE_SUBSTITUTION' */ ;
DELIMITER ;;
CREATE DEFINER=`root`@`localhost` PROCEDURE `spStoreInfo`()
BEGIN
	select * from stores;
END ;;
DELIMITER ;
/*!50003 SET sql_mode              = @saved_sql_mode */ ;
/*!50003 SET character_set_client  = @saved_cs_client */ ;
/*!50003 SET character_set_results = @saved_cs_results */ ;
/*!50003 SET collation_connection  = @saved_col_connection */ ;
/*!40103 SET TIME_ZONE=@OLD_TIME_ZONE */;

/*!40101 SET SQL_MODE=@OLD_SQL_MODE */;
/*!40014 SET FOREIGN_KEY_CHECKS=@OLD_FOREIGN_KEY_CHECKS */;
/*!40014 SET UNIQUE_CHECKS=@OLD_UNIQUE_CHECKS */;
/*!40101 SET CHARACTER_SET_CLIENT=@OLD_CHARACTER_SET_CLIENT */;
/*!40101 SET CHARACTER_SET_RESULTS=@OLD_CHARACTER_SET_RESULTS */;
/*!40101 SET COLLATION_CONNECTION=@OLD_COLLATION_CONNECTION */;
/*!40111 SET SQL_NOTES=@OLD_SQL_NOTES */;

-- Dump completed on 2016-11-04  0:49:53
