INDEX,P_TARGET_FLAG,P_TARGET_CLASS,P_TARGET_AMT
3,0.13,0,96.36
9,0.16,0,125.91
10,0.09,0,56.00
18,0.19,0,81.55
21,0.23,0,348.25
30,0.21,0,398.85
31,0.60,1,5382.54
37,0.34,0,647.52
39,0.04,0,98.19
47,0.11,0,202.40
60,0.03,0,21.12
62,0.47,1,5990.53
63,0.99,1,5116.36
64,0.14,0,97.97
68,0.05,0,63.96
75,0.60,1,5175.88
76,0.59,1,6241.65
83,0.18,0,102.46
87,0.68,1,5478.06
92,0.38,0,112.84
98,0.10,0,819.41
106,0.35,0,109.92
107,0.06,0,101.57
113,0.34,0,53.66
120,0.28,0,233.99
123,0.49,1,5834.77
125,0.64,1,5235.58
126,0.38,0,2154.63
128,0.08,0,28.16
129,0.14,0,90.06
131,0.10,0,18.26
135,0.72,1,7034.02
141,0.10,0,35.23
147,0.20,0,76.77
148,0.18,0,35.56
151,0.06,0,55.65
156,0.20,0,118.58
157,0.16,0,348.64
174,0.11,0,31.55
186,0.48,1,7850.80
193,0.54,1,4905.70
195,0.45,1,5686.26
212,0.03,0,159.75
213,0.67,1,5281.51
217,0.01,0,10.75
223,0.20,0,118.09
226,0.06,0,44.94
228,0.27,0,784.49
230,0.03,0,185.80
241,0.60,1,5187.33
243,0.15,0,72.23
249,0.29,0,2904.19
281,0.84,1,5805.47
288,0.07,0,17.24
294,0.19,0,573.18
295,0.20,0,59.05
300,0.29,0,188.73
302,0.29,0,105.01
303,0.12,0,193.10
308,0.57,1,4658.13
319,0.02,0,2.65
320,0.07,0,5.26
324,0.36,0,415.42
331,0.10,0,35.43
343,0.08,0,26.56
347,0.33,0,267.88
348,0.99,1,5251.17
350,0.52,1,4242.53
357,0.19,0,118.85
358,0.05,0,118.56
360,0.04,0,11.62
366,0.21,0,143.22
367,0.63,1,5060.91
368,0.27,0,115.44
376,0.64,1,4370.15
380,0.24,0,129.06
388,0.37,0,345.45
396,0.23,0,113.22
398,0.16,0,81.02
403,0.06,0,0.00
410,0.50,1,4207.16
412,0.29,0,83.36
420,0.38,0,249.33
434,0.06,0,223.51
440,0.37,0,322.57
450,0.81,1,6003.92
453,0.27,0,251.97
464,0.28,0,349.05
465,0.07,0,22.83
466,0.95,1,6500.37
473,0.11,0,71.27
476,0.07,0,346.99
478,0.07,0,54.73
479,0.10,0,92.51
493,0.06,0,39.72
497,0.14,0,312.50
503,0.02,0,0.00
504,0.30,0,286.87
505,0.35,0,542.09
507,0.16,0,340.72
513,0.39,0,132.99
519,0.54,1,6810.00
521,0.53,1,5397.27
522,0.65,1,5594.24
545,0.09,0,264.99
549,0.11,0,265.00
551,0.19,0,16.07
556,0.09,0,70.58
557,0.41,0,241.63
559,0.20,0,435.15
560,0.63,1,4262.83
566,0.04,0,80.30
569,0.19,0,778.75
573,0.15,0,206.78
578,0.62,1,4676.70
579,0.05,0,107.91
582,0.03,0,347.75
596,0.64,1,4354.59
598,0.61,1,4754.02
599,0.14,0,64.44
602,0.16,0,38.33
605,0.99,1,4730.92
617,0.56,1,4466.03
619,0.30,0,94.85
630,0.24,0,381.56
634,0.53,1,5294.65
643,0.32,0,391.51
645,0.39,0,353.61
647,0.17,0,90.29
649,0.11,0,192.18
656,0.16,0,101.36
657,0.28,0,772.44
658,0.17,0,197.70
667,0.06,0,33.04
692,0.18,0,441.04
693,0.26,0,263.70
698,0.77,1,4597.90
699,0.44,1,6179.95
700,0.05,0,251.35
704,0.10,0,47.35
707,0.08,0,34.71
708,0.99,1,4120.08
709,0.13,0,75.81
713,0.17,0,73.80
714,0.09,0,117.28
716,0.44,1,5835.01
718,0.17,0,24.84
722,0.12,0,54.62
729,0.25,0,191.49
731,0.03,0,6.93
733,0.46,1,6060.48
746,0.32,0,572.29
747,0.99,1,6068.17
748,0.37,0,134.69
753,0.23,0,210.73
757,0.29,0,92.75
763,0.05,0,308.08
767,0.27,0,237.35
774,0.50,1,3957.24
776,0.39,0,271.54
788,0.18,0,99.86
794,0.10,0,293.25
799,0.27,0,106.64
803,0.17,0,188.84
806,0.46,1,8420.86
807,0.25,0,697.73
811,0.06,0,522.17
816,0.12,0,267.81
818,0.44,1,4382.22
819,0.18,0,209.38
831,0.12,0,92.54
835,0.54,1,5290.36
837,0.15,0,451.03
841,0.94,1,8651.23
846,0.29,0,445.73
856,0.27,0,208.90
861,0.53,1,5998.51
862,0.54,1,4987.21
863,0.68,1,8716.93
865,0.55,1,4863.05
871,0.40,0,248.22
879,0.18,0,485.56
880,0.15,0,35.99
881,0.29,0,186.81
885,0.42,0,427.43
887,0.28,0,168.66
892,0.09,0,39.20
898,0.08,0,15.63
900,0.18,0,105.29
904,0.20,0,561.36
906,0.52,1,4133.03
910,0.65,1,6224.58
912,0.25,0,2667.35
913,0.37,0,231.59
919,0.11,0,31.89
924,0.44,0,113.37
925,0.29,0,424.90
930,0.19,0,197.32
940,0.20,0,96.48
941,0.16,0,291.90
946,0.20,0,116.19
949,0.30,0,258.72
951,0.11,0,191.60
962,0.06,0,90.16
966,0.07,0,24.33
967,0.03,0,6.83
971,0.99,1,5050.41
981,0.03,0,531.58
982,0.07,0,28.54
983,0.08,0,9.23
984,0.04,0,27.48
989,0.17,0,320.32
990,0.59,1,5050.53
992,0.38,0,259.75
995,0.08,0,73.74
996,0.30,0,265.07
998,0.24,0,215.71
1001,0.07,0,118.37
1007,0.18,0,75.88
1008,0.04,0,92.66
1016,0.05,0,2.31
1022,0.06,0,23.06
1027,0.47,1,4734.65
1032,0.30,0,470.11
1033,0.09,0,217.27
1041,0.27,0,371.90
1065,0.56,1,4765.08
1074,0.43,0,256.84
1075,0.31,0,193.39
1081,0.17,0,90.17
1094,0.05,0,40.33
1099,0.05,0,71.55
1105,0.32,0,570.78
1123,0.10,0,141.32
1135,0.03,0,103.70
1142,0.17,0,135.13
1155,0.10,0,233.05
1169,0.03,0,40.01
1176,0.05,0,40.90
1178,0.53,1,6577.39
1180,0.05,0,38.83
1184,0.13,0,18.92
1185,0.47,1,5969.11
1193,0.25,0,140.82
1196,0.15,0,83.93
1199,0.31,0,186.27
1203,0.28,0,246.05
1205,0.38,0,92.99
1207,0.06,0,22.32
1208,0.45,1,4351.86
1212,0.48,1,3949.44
1213,0.49,1,4528.75
1222,0.16,0,602.88
1223,0.28,0,123.06
1226,0.38,0,186.73
1227,0.32,0,247.95
1229,0.15,0,132.03
1230,0.24,0,206.74
1231,0.48,1,4492.13
1241,0.06,0,56.92
1243,0.06,0,0.00
1244,0.14,0,119.12
1246,0.29,0,310.58
1248,0.16,0,184.20
1249,0.15,0,28.94
1252,0.11,0,8.57
1261,0.12,0,59.16
1275,0.10,0,92.31
1281,0.99,1,7866.86
1285,0.65,1,4643.66
1288,0.43,0,282.04
1290,0.08,0,8.54
1291,0.25,0,809.38
1304,0.68,1,6539.93
1305,0.15,0,91.24
1323,0.23,0,122.57
1342,0.48,1,6995.33
1348,0.23,0,205.50
1353,0.31,0,101.01
1363,0.20,0,19.15
1371,0.10,0,1021.40
1372,0.46,0,714.65
1378,0.26,0,341.57
1381,0.39,0,101.81
1382,0.24,0,614.26
1393,0.78,1,4267.41
1394,0.03,0,36.07
1398,0.39,0,468.86
1404,0.47,1,4350.74
1405,0.73,1,4582.03
1419,0.38,0,438.88
1421,0.17,0,171.84
1426,0.07,0,96.60
1431,0.45,0,353.21
1435,0.03,0,526.41
1437,0.40,0,65.05
1438,0.33,0,515.76
1442,0.37,0,520.31
1464,0.09,0,47.23
1471,0.17,0,337.91
1473,0.25,0,251.59
1476,0.06,0,2.81
1478,0.24,0,116.28
1479,0.25,0,700.07
1487,0.34,0,161.68
1492,0.29,0,694.24
1496,0.12,0,25.93
1497,0.41,0,370.87
1515,0.03,0,48.84
1519,0.24,0,144.98
1522,0.75,1,5438.84
1526,0.34,0,160.82
1537,0.12,0,72.88
1538,0.99,1,4803.41
1540,0.18,0,54.92
1543,0.15,0,265.41
1548,0.30,0,107.21
1549,0.15,0,109.86
1556,0.65,1,4978.92
1564,0.03,0,1.97
1570,0.31,0,605.26
1577,0.72,1,4958.45
1585,0.12,0,29.88
1590,0.19,0,136.67
1592,0.56,1,4890.47
1594,0.34,0,279.38
1596,0.48,1,6793.05
1598,0.19,0,208.65
1603,0.42,0,226.42
1607,0.35,0,509.20
1612,0.08,0,1.83
1627,0.05,0,91.60
1629,0.70,1,4351.42
1630,0.15,0,59.23
1640,0.18,0,549.04
1641,0.28,0,341.62
1646,0.16,0,126.34
1662,0.46,1,4516.56
1668,0.35,0,306.08
1671,0.05,0,48.00
1672,0.57,1,5143.91
1673,0.75,1,6676.78
1686,0.31,0,244.03
1688,0.50,1,4197.85
1696,0.04,0,27.49
1701,0.06,0,2.18
1707,0.21,0,163.57
1708,0.11,0,93.26
1713,0.07,0,263.51
1715,0.23,0,66.93
1717,0.06,0,109.04
1721,0.18,0,316.10
1724,0.99,1,7135.07
1725,0.81,1,6403.36
1730,0.08,0,153.35
1731,0.46,1,4627.25
1734,0.32,0,150.14
1740,0.20,0,38.76
1748,0.08,0,54.89
1749,0.08,0,58.06
1750,0.69,1,4833.37
1763,0.22,0,167.28
1768,0.17,0,29.45
1773,0.71,1,4883.67
1777,0.10,0,52.96
1778,0.34,0,518.91
1780,0.19,0,75.56
1782,0.28,0,116.21
1784,0.05,0,63.46
1786,0.18,0,41.33
1787,0.26,0,351.73
1792,0.27,0,101.37
1800,0.40,0,1131.57
1801,0.19,0,109.32
1803,0.16,0,69.34
1804,0.63,1,4193.10
1807,0.02,0,32.62
1818,0.23,0,251.44
1821,0.04,0,26.34
1822,0.07,0,221.13
1828,0.09,0,50.81
1833,0.40,1,5848.00
1844,0.29,0,203.05
1847,0.32,0,335.73
1850,0.07,0,3.53
1854,0.43,1,4837.34
1858,0.33,0,231.93
1864,0.22,0,52.18
1867,0.12,0,153.40
1876,0.61,1,4809.89
1880,0.23,0,83.61
1881,0.08,0,95.78
1891,0.21,0,132.95
1894,0.22,0,432.17
1895,0.06,0,14.23
1901,0.41,0,131.99
1905,0.08,0,18.32
1912,0.28,0,207.00
1918,0.29,0,252.55
1921,0.31,1,3768.08
1923,0.31,0,185.37
1924,0.18,0,702.86
1931,0.11,0,103.68
1941,0.08,0,34.73
1950,0.11,0,23.32
1951,0.19,0,26.19
1954,0.03,0,25.31
1961,0.26,0,344.21
1966,0.02,0,14.44
1979,0.17,0,88.85
1982,0.10,0,79.20
1987,0.88,1,5414.44
1997,0.27,0,236.25
2004,0.03,0,8.30
2011,0.57,1,4619.85
2015,0.51,1,3897.27
2025,0.05,0,325.26
2033,0.27,0,248.42
2034,0.02,0,6.18
2035,0.16,0,349.72
2036,0.44,1,4377.68
2053,0.57,1,7188.36
2059,0.75,1,9635.85
2060,0.04,0,76.40
2073,0.22,0,233.53
2084,0.30,0,127.38
2089,0.08,0,77.31
2092,0.27,0,206.23
2109,0.41,0,163.19
2129,0.38,0,568.11
2134,0.32,0,117.98
2135,0.04,0,32.62
2148,0.03,0,22.32
2149,0.04,0,44.95
2150,0.27,0,171.89
2165,0.74,1,6742.70
2166,0.08,0,28.96
2168,0.06,0,32.99
2170,0.15,0,187.04
2171,0.17,0,108.52
2172,0.05,0,6.60
2176,0.16,0,44.43
2182,0.10,0,53.74
2189,0.12,0,91.06
2191,0.04,0,64.91
2197,0.06,0,81.71
2202,0.10,0,103.90
2203,0.11,0,115.92
2204,0.66,1,4777.05
2206,0.71,1,6047.58
2218,0.12,0,70.66
2219,0.22,0,263.26
2221,0.27,0,76.68
2226,0.12,0,166.93
2228,0.26,0,470.51
2232,0.35,0,208.42
2236,0.29,0,169.84
2241,0.99,1,7273.33
2245,0.06,0,4.60
2251,0.30,0,352.52
2255,0.05,0,10.62
2256,0.02,0,22.33
2259,0.03,0,47.74
2263,0.33,0,473.76
2264,0.10,0,134.21
2267,0.12,0,37.02
2273,0.89,1,5030.55
2277,0.66,1,4319.69
2287,0.17,0,35.50
2289,0.23,0,533.77
2291,0.09,0,155.92
2296,0.99,1,3951.84
2299,0.08,0,270.25
2306,0.07,0,8.99
2314,0.31,0,475.07
2317,0.03,0,123.92
2318,0.81,1,5263.15
2321,0.99,1,4438.96
2324,0.05,0,130.65
2340,0.38,0,147.75
2343,0.06,0,5.95
2349,0.20,0,148.19
2352,0.14,0,113.33
2353,0.33,0,673.31
2365,0.82,1,4498.96
2370,0.59,1,4534.22
2378,0.12,0,88.31
2390,0.38,0,88.73
2399,0.19,0,144.39
2402,0.64,1,4568.29
2403,0.45,1,4729.53
2404,0.11,0,38.35
2414,0.15,0,111.99
2422,0.29,0,119.90
2424,0.11,0,72.88
2430,0.51,1,5439.72
2435,0.20,0,418.82
2439,0.07,0,48.07
2442,0.39,0,195.30
2445,0.29,0,480.39
2449,0.24,0,143.33
2451,0.28,0,105.64
2461,0.74,1,4458.36
2464,0.17,0,186.14
2465,0.50,1,6399.13
2472,0.06,0,29.38
2476,0.33,0,221.17
2482,0.21,0,57.70
2487,0.11,0,356.06
2498,0.20,0,130.79
2501,0.08,0,0.00
2504,0.17,0,432.71
2511,0.27,0,558.07
2518,0.04,0,44.69
2521,0.18,0,57.76
2530,0.08,0,29.54
2543,0.61,1,6224.46
2545,0.25,0,1840.48
2561,0.33,0,382.77
2566,0.47,0,272.03
2572,0.18,0,705.01
2577,0.14,0,190.15
2578,0.22,0,144.04
2580,0.29,0,228.82
2581,0.12,0,87.92
2582,0.07,0,27.19
2584,0.06,0,29.69
2590,0.04,0,19.89
2598,0.02,0,95.90
2602,0.10,0,276.24
2605,0.03,0,245.12
2616,0.19,0,39.65
2618,0.18,0,122.13
2619,0.26,0,377.07
2624,0.06,0,11.49
2632,0.19,0,26.66
2640,0.21,0,66.72
2646,0.04,0,35.76
2651,0.17,0,37.90
2660,0.06,0,3.82
2661,0.06,0,27.16
2668,0.08,0,14.20
2670,0.33,0,62.51
2680,0.33,0,479.46
2681,0.03,0,224.84
2689,0.19,0,293.19
2694,0.11,0,3.16
2695,0.99,1,7300.80
2696,0.43,0,490.12
2702,0.06,0,1075.88
2704,0.10,0,106.11
2708,0.09,0,168.84
2709,0.07,0,1.64
2714,0.49,1,5055.48
2716,0.08,0,48.52
2723,0.08,0,29.54
2725,0.37,0,118.38
2738,0.06,0,23.59
2750,0.36,0,440.90
2756,0.29,0,231.66
2758,0.12,0,26.69
2766,0.23,0,377.84
2767,0.33,0,56.85
2771,0.22,0,219.06
2775,0.76,1,4770.57
2776,0.12,0,307.36
2779,0.99,1,5800.20
2780,0.37,0,62.78
2781,0.32,0,438.59
2782,0.53,1,5353.17
2783,0.15,0,53.57
2796,0.17,0,159.21
2798,0.20,0,192.48
2800,0.09,0,36.29
2803,0.09,0,46.54
2806,0.01,0,6.34
2813,0.10,0,27.51
2818,0.18,0,262.50
2821,0.36,0,384.18
2825,0.34,0,383.16
2829,0.08,0,258.60
2830,0.39,1,5407.58
2833,0.13,0,223.38
2839,0.99,1,5307.84
2843,0.06,0,114.53
2846,0.09,0,15.50
2847,0.10,0,101.01
2848,0.10,0,73.57
2856,0.99,1,5271.40
2863,0.27,0,241.00
2867,0.38,0,314.36
2869,0.17,0,120.93
2873,0.02,0,5.25
2874,0.31,0,316.45
2875,0.49,1,4043.45
2880,0.64,1,5397.06
2886,0.46,1,5042.43
2887,0.35,0,618.89
2888,0.23,0,93.35
2889,0.64,1,3870.20
2890,0.54,1,5639.92
2892,0.21,0,406.34
2901,0.20,0,814.26
2902,0.15,0,94.25
2905,0.33,0,98.62
2917,0.26,0,640.09
2922,0.60,1,8375.92
2924,0.08,0,74.93
2930,0.19,0,641.21
2931,0.12,0,35.63
2946,0.11,0,137.46
2955,0.26,0,302.91
2962,0.02,0,9.30
2964,0.04,0,147.56
2965,0.41,0,257.14
2967,0.04,0,74.11
2970,0.08,0,104.32
2973,0.41,0,782.58
2974,0.25,0,78.90
2976,0.91,1,6758.63
2977,0.16,0,123.09
2978,0.13,0,129.04
2986,0.10,0,48.87
2988,0.32,0,377.88
2989,0.25,0,147.85
2995,0.99,1,5742.77
3005,0.42,0,1064.79
3011,0.10,0,36.66
3013,0.05,0,3.67
3019,0.54,1,6671.67
3021,0.03,0,56.59
3022,0.49,1,5071.53
3029,0.13,0,60.65
3037,0.20,0,126.39
3042,0.12,0,244.18
3043,0.17,0,191.27
3049,0.13,0,126.47
3050,0.52,1,5048.49
3053,0.27,0,205.53
3058,0.23,0,630.43
3062,0.21,0,96.40
3063,0.43,0,1671.22
3065,0.05,0,99.95
3080,0.07,0,53.79
3088,0.20,0,718.47
3093,0.29,0,505.36
3096,0.34,0,131.69
3101,0.26,0,135.05
3103,0.19,0,714.93
3107,0.30,0,259.85
3109,0.05,0,44.92
3111,0.12,0,465.25
3113,0.99,1,5119.94
3116,0.02,0,55.08
3132,0.19,0,197.46
3141,0.18,0,48.25
3153,0.30,0,357.53
3154,0.07,0,145.47
3160,0.18,0,65.82
3167,0.07,0,36.87
3170,0.26,0,92.54
3173,0.36,0,153.08
3174,0.23,0,461.10
3177,0.18,0,71.26
3179,0.21,0,99.03
3184,0.46,1,4561.60
3190,0.28,0,207.56
3193,0.07,0,14.67
3199,0.25,0,165.26
3201,0.08,0,667.51
3202,0.25,0,206.58
3203,0.42,0,420.47
3206,0.44,1,4628.03
3209,0.06,0,2.29
3210,0.43,0,260.84
3217,0.25,0,132.47
3220,0.09,0,214.47
3228,0.34,0,249.43
3232,0.05,0,3.29
3239,0.10,0,587.35
3243,0.31,0,2608.00
3245,0.17,0,73.72
3246,0.44,0,151.94
3251,0.06,0,25.35
3253,0.24,0,146.13
3257,0.08,0,44.86
3260,0.02,0,34.71
3261,0.24,0,63.35
3263,0.21,0,144.17
3278,0.16,0,125.06
3281,0.26,0,1385.99
3283,0.07,0,51.66
3290,0.05,0,102.93
3297,0.31,0,262.17
3304,0.09,0,48.09
3305,0.42,0,173.79
3307,0.07,0,18.58
3308,0.27,0,1336.47
3313,0.26,0,31.59
3314,0.21,0,201.41
3317,0.16,0,277.71
3348,0.08,0,129.73
3350,0.21,0,149.44
3359,0.04,0,188.74
3367,0.08,0,168.14
3376,0.11,0,154.02
3378,0.28,0,310.07
3384,0.83,1,4788.96
3386,0.11,0,188.18
3387,0.13,0,47.97
3388,0.13,0,286.94
3390,0.05,0,40.02
3391,0.40,0,167.99
3396,0.19,0,321.71
3398,0.04,0,49.19
3404,0.05,0,0.00
3406,0.05,0,36.31
3407,0.08,0,23.23
3414,0.12,0,341.62
3419,0.16,0,58.50
3423,0.65,1,4361.24
3427,0.07,0,51.82
3432,0.07,0,8.08
3434,0.06,0,23.63
3438,0.05,0,7.35
3442,0.16,0,109.89
3443,0.06,0,8.30
3448,0.08,0,52.88
3456,0.07,0,42.87
3464,0.12,0,54.46
3470,0.53,1,4700.68
3475,0.42,0,143.82
3477,0.29,0,910.14
3490,0.09,0,51.72
3493,0.33,0,201.22
3502,0.43,0,463.10
3508,0.05,0,624.79
3516,0.10,0,189.01
3517,0.22,0,258.88
3525,0.27,0,181.81
3532,0.97,1,4468.38
3535,0.28,0,87.82
3536,0.79,1,5244.02
3540,0.18,0,76.66
3547,0.34,0,295.06
3550,0.59,1,7351.77
3557,0.77,1,5461.63
3562,0.10,0,486.24
3563,0.09,0,60.87
3564,0.29,0,283.02
3570,0.10,0,173.82
3573,0.26,0,585.93
3577,0.41,0,257.95
3579,0.58,1,4722.28
3581,0.05,0,129.46
3587,0.22,0,93.25
3602,0.37,0,133.51
3609,0.21,0,153.35
3612,0.20,0,79.69
3621,0.31,0,158.38
3642,0.22,0,119.69
3647,0.80,1,4783.11
3649,0.54,1,6178.06
3654,0.31,0,335.73
3660,0.55,1,4877.14
3665,0.53,1,5037.21
3669,0.33,0,415.99
3673,0.14,0,236.98
3675,0.28,0,470.06
3678,0.06,0,422.24
3680,0.37,0,246.96
3686,0.36,0,338.76
3693,0.25,0,290.97
3710,0.53,1,6339.18
3713,0.05,0,0.00
3718,0.35,0,504.92
3725,0.07,0,23.79
3726,0.27,0,118.90
3747,0.14,0,360.74
3753,0.04,0,9.01
3754,0.23,0,178.47
3760,0.99,1,6922.04
3763,0.05,0,582.70
3765,0.21,0,644.76
3769,0.21,0,89.79
3771,0.41,1,4770.41
3784,0.08,0,50.32
3787,0.14,0,304.33
3794,0.19,0,156.37
3796,0.07,0,271.91
3798,0.09,0,7.70
3809,0.20,0,125.43
3812,0.26,0,715.75
3819,0.21,0,176.15
3828,0.16,0,117.93
3831,0.28,0,109.96
3833,0.11,0,51.88
3837,0.68,1,4869.13
3839,0.52,1,6161.93
3843,0.37,0,368.01
3846,0.08,0,220.59
3854,0.05,0,57.28
3861,0.07,0,19.53
3864,0.33,0,190.60
3868,0.06,0,8.51
3869,0.10,0,85.26
3870,0.18,0,131.17
3883,0.17,0,92.95
3886,0.05,0,49.77
3889,0.22,0,751.95
3894,0.41,0,434.12
3907,0.05,0,51.68
3910,0.08,0,20.67
3913,0.04,0,70.14
3914,0.33,0,2890.61
3921,0.24,0,350.83
3923,0.06,0,108.53
3929,0.49,1,5698.08
3931,0.42,1,5533.66
3932,0.19,0,555.53
3937,0.67,1,4122.49
3943,0.22,0,149.99
3956,0.52,1,5648.21
3957,0.50,1,4026.98
3961,0.68,1,4506.12
3971,0.22,0,74.23
4004,0.24,0,119.32
4005,0.06,0,4.02
4006,0.03,0,12.94
4011,0.17,0,247.07
4013,0.10,0,114.91
4014,0.08,0,117.10
4016,0.43,1,4218.91
4017,0.04,0,42.40
4020,0.10,0,199.50
4022,0.16,0,518.19
4026,0.24,0,256.65
4032,0.15,0,32.47
4043,0.04,0,346.43
4045,0.29,0,302.61
4048,0.11,0,106.41
4051,0.13,0,271.87
4052,0.26,0,424.48
4056,0.06,0,23.26
4059,0.06,0,18.93
4069,0.05,0,36.38
4074,0.31,0,190.11
4076,0.27,0,132.19
4077,0.72,1,7997.70
4079,0.67,1,5262.56
4081,0.46,1,5427.23
4088,0.15,0,25.70
4105,0.09,0,192.91
4125,0.18,0,4.46
4134,0.40,0,673.09
4139,0.01,0,25.53
4146,0.06,0,37.76
4149,0.25,0,284.25
4151,0.95,1,6661.15
4155,0.19,0,145.16
4157,0.25,0,238.32
4168,0.61,1,4816.24
4170,0.27,0,176.70
4174,0.10,0,114.30
4179,0.29,0,387.54
4185,0.12,0,17.05
4199,0.63,1,5720.18
4205,0.12,0,6.21
4208,0.03,0,17.19
4211,0.60,1,4423.36
4212,0.09,0,7.94
4215,0.54,1,9501.52
4217,0.14,0,64.34
4219,0.99,1,4649.82
4226,0.48,1,4266.11
4227,0.26,0,258.46
4229,0.10,0,248.56
4231,0.15,0,133.88
4233,0.03,0,27.78
4237,0.26,0,321.84
4243,0.40,0,491.03
4248,0.14,0,91.35
4255,0.17,0,113.48
4262,0.04,0,5.61
4266,0.50,1,4496.82
4268,0.25,0,232.06
4270,0.64,1,4299.39
4273,0.07,0,82.73
4276,0.12,0,37.11
4277,0.30,0,73.38
4279,0.44,1,4727.43
4299,0.16,0,41.28
4313,0.05,0,61.39
4322,0.09,0,107.66
4324,0.07,0,35.93
4328,0.42,1,5436.80
4331,0.21,0,246.94
4335,0.05,0,282.91
4337,0.65,1,4211.92
4338,0.58,1,5902.51
4343,0.07,0,6.55
4347,0.13,0,23.56
4355,0.64,1,6022.30
4357,0.01,0,14.97
4359,0.06,0,35.33
4362,0.11,0,289.88
4368,0.53,1,5650.91
4374,0.08,0,32.97
4375,0.39,0,270.21
4378,0.37,0,372.98
4381,0.56,1,7015.71
4387,0.14,0,126.50
4400,0.05,0,68.37
4423,0.24,0,81.99
4424,0.06,0,30.91
4428,0.44,0,321.30
4433,0.72,1,5555.57
4436,0.51,1,4449.83
4437,0.19,0,139.42
4439,0.28,0,169.44
4449,0.20,0,54.90
4456,0.08,0,15.41
4463,0.14,0,158.58
4467,0.10,0,4.24
4468,0.06,0,66.36
4469,0.10,0,18.88
4472,0.16,0,154.42
4473,0.04,0,390.69
4476,0.70,1,5298.17
4500,0.03,0,3.63
4509,0.21,0,72.45
4513,0.99,1,5514.87
4521,0.04,0,1078.90
4527,0.33,0,1240.85
4530,0.28,0,213.28
4532,0.40,0,437.74
4533,0.09,0,43.47
4535,0.26,0,245.77
4536,0.31,0,530.58
4542,0.31,0,159.24
4551,0.88,1,5902.07
4554,0.11,0,40.32
4555,0.89,1,4360.37
4564,0.15,0,229.08
4572,0.33,0,505.23
4573,0.06,0,91.02
4577,0.23,0,142.35
4579,0.21,0,131.96
4583,0.10,0,28.13
4584,0.47,1,4373.39
4596,0.05,0,64.34
4599,0.17,0,210.12
4607,0.44,0,706.11
4609,0.41,0,111.24
4610,0.07,0,19.15
4616,0.35,0,1799.53
4617,0.21,0,525.95
4633,0.17,0,188.05
4638,0.52,1,9467.34
4641,0.09,0,875.71
4653,0.49,1,4703.48
4655,0.37,0,523.32
4659,0.39,0,55.40
4669,0.10,0,14.23
4678,0.06,0,40.67
4685,0.66,1,5663.45
4686,0.17,0,505.76
4691,0.28,0,285.37
4695,0.09,0,102.78
4698,0.11,0,343.27
4700,0.61,1,4735.62
4711,0.09,0,537.00
4722,0.04,0,68.87
4727,0.37,0,214.35
4756,0.03,0,60.34
4762,0.25,0,130.33
4763,0.34,0,501.79
4766,0.08,0,124.07
4770,0.15,0,150.79
4784,0.26,0,107.85
4791,0.09,0,6.20
4795,0.08,0,35.48
4799,0.62,1,5649.79
4802,0.52,1,5029.71
4805,0.42,1,5731.51
4814,0.53,1,5157.11
4816,0.29,0,147.96
4817,0.06,0,143.52
4822,0.28,0,220.44
4827,0.90,1,5474.35
4833,0.14,0,496.01
4836,0.04,0,193.32
4842,0.26,0,1146.77
4844,0.08,0,156.01
4845,0.40,0,58.74
4849,0.17,0,127.71
4850,0.27,0,535.16
4860,0.06,0,11.95
4863,0.21,0,102.82
4871,0.14,0,835.83
4878,0.32,0,195.83
4881,0.80,1,9422.77
4888,0.46,1,6118.57
4900,0.21,0,985.04
4906,0.39,0,415.03
4909,0.03,0,131.09
4916,0.14,0,13.66
4918,0.29,0,328.66
4926,0.27,0,191.82
4928,0.11,0,68.96
4941,0.34,0,616.09
4946,0.09,0,78.71
4949,0.12,0,79.21
4956,0.06,0,53.29
4966,0.07,0,29.26
4969,0.32,0,190.41
4973,0.12,0,5.00
4978,0.60,1,4721.46
4982,0.27,0,239.84
4985,0.04,0,24.48
4991,0.17,0,56.61
4998,0.05,0,71.92
5000,0.43,0,475.37
5004,0.31,0,282.02
5005,0.80,1,7738.63
5011,0.82,1,3511.95
5016,0.47,1,3971.81
5018,0.07,0,5.09
5034,0.22,0,293.68
5038,0.03,0,226.02
5042,0.07,0,264.66
5046,0.07,0,53.70
5051,0.19,0,405.35
5054,0.20,0,694.11
5057,0.30,0,524.74
5062,0.07,0,31.03
5063,0.05,0,49.51
5065,0.15,0,52.59
5066,0.11,0,36.55
5076,0.25,0,230.20
5089,0.22,0,296.74
5092,0.17,0,1606.68
5093,0.51,1,2929.18
5094,0.04,0,55.06
5098,0.94,1,5237.60
5102,0.06,0,47.37
5112,0.30,0,363.66
5117,0.35,0,160.62
5127,0.49,1,4071.27
5130,0.42,0,78.82
5131,0.40,0,249.17
5132,0.48,1,6723.98
5135,0.69,1,4346.64
5136,0.07,0,39.07
5147,0.66,1,8543.46
5157,0.06,0,53.51
5160,0.26,0,253.47
5165,0.05,0,392.65
5166,0.52,1,4453.39
5172,0.53,1,4705.26
5173,0.21,0,297.87
5179,0.68,1,4396.20
5184,0.47,0,301.53
5187,0.05,0,268.61
5191,0.12,0,190.35
5193,0.20,0,482.95
5194,0.13,0,730.25
5199,0.14,0,316.15
5212,0.06,0,0.00
5213,0.41,0,203.69
5224,0.13,0,99.56
5226,0.15,0,23.88
5239,0.24,0,364.32
5252,0.77,1,6197.98
5264,0.13,0,203.66
5266,0.03,0,105.47
5271,0.03,0,59.65
5273,0.06,0,30.11
5276,0.69,1,5038.36
5278,0.11,0,56.93
5281,0.55,1,4940.72
5283,0.43,0,179.21
5291,0.08,0,54.04
5294,0.32,0,116.65
5296,0.46,1,4179.47
5297,0.99,1,8243.86
5313,0.04,0,16.31
5314,0.20,0,108.33
5321,0.24,0,267.36
5325,0.02,0,49.20
5326,0.16,0,204.97
5328,0.04,0,34.83
5334,0.12,0,121.17
5338,0.38,0,137.16
5344,0.16,0,59.79
5348,0.14,0,241.85
5352,0.17,0,89.66
5353,0.07,0,72.20
5354,0.29,0,321.75
5361,0.71,1,4551.89
5364,0.04,0,26.88
5365,0.15,0,91.26
5367,0.43,1,4063.56
5379,0.36,0,167.40
5382,0.30,0,99.02
5386,0.27,0,212.70
5395,0.09,0,13.27
5410,0.17,0,221.79
5411,0.08,0,249.15
5416,0.36,0,200.36
5424,0.63,1,4329.95
5426,0.24,0,842.19
5428,0.25,0,144.74
5430,0.19,0,164.72
5433,0.20,0,19.04
5437,0.01,0,87.68
5440,0.21,0,586.78
5442,0.99,1,4790.75
5445,0.42,1,4457.08
5449,0.17,0,57.63
5452,0.34,0,109.32
5460,0.45,1,4042.35
5461,0.04,0,81.34
5465,0.13,0,770.39
5467,0.13,0,519.66
5471,0.22,0,234.10
5474,0.63,1,7381.68
5475,0.06,0,15.07
5480,0.06,0,11.23
5481,0.16,0,158.17
5484,0.11,0,42.29
5494,0.07,0,314.78
5495,0.79,1,5594.04
5497,0.06,0,17.74
5499,0.89,1,5970.13
5507,0.06,0,55.85
5510,0.08,0,0.00
5515,0.09,0,190.14
5516,0.14,0,83.43
5517,0.24,0,124.99
5524,0.10,0,7.76
5530,0.13,0,30.80
5534,0.34,0,166.73
5543,0.66,1,5932.41
5545,0.55,1,3812.15
5558,0.14,0,733.78
5562,0.17,0,570.23
5573,0.94,1,7808.55
5581,0.14,0,176.57
5583,0.44,0,722.31
5587,0.33,0,292.53
5589,1.00,1,6870.20
5591,0.14,0,114.85
5596,0.34,0,173.59
5606,0.80,1,4685.72
5608,0.23,0,246.97
5611,0.13,0,469.79
5612,0.25,0,318.83
5614,0.24,0,138.97
5620,0.03,0,5.88
5623,0.12,0,143.20
5624,0.08,0,34.34
5626,0.14,0,151.45
5633,0.23,0,742.63
5635,0.12,0,126.95
5640,0.39,1,4933.99
5643,0.10,0,51.95
5644,0.34,0,257.83
5653,0.35,0,317.63
5663,0.04,0,75.29
5664,0.37,0,379.96
5667,0.40,0,1222.47
5671,0.41,1,4618.19
5673,0.48,1,8326.39
5676,0.06,0,88.06
5678,0.14,0,353.12
5698,0.20,0,144.73
5700,0.04,0,257.36
5705,0.25,0,125.69
5706,0.61,1,4892.34
5711,0.06,0,25.07
5712,0.88,1,4725.29
5716,0.14,0,251.99
5719,0.26,0,807.27
5725,0.99,1,3937.59
5728,0.05,0,37.26
5734,0.10,0,295.02
5735,0.06,0,34.99
5743,0.21,0,196.31
5754,0.19,0,53.29
5755,0.35,0,480.47
5756,0.10,0,48.90
5766,0.04,0,34.41
5770,0.56,1,7302.91
5774,0.22,0,124.47
5775,0.05,0,190.58
5776,0.13,0,217.56
5778,0.04,0,5.64
5786,0.22,0,567.40
5787,0.27,0,312.21
5791,0.19,0,186.17
5794,0.25,0,431.85
5803,0.21,0,84.72
5804,0.22,0,225.87
5808,0.10,0,89.08
5810,0.03,0,60.54
5813,0.57,1,4992.82
5828,0.11,0,39.17
5839,0.12,0,1809.40
5842,0.38,0,289.15
5843,0.07,0,31.03
5844,0.22,0,583.11
5847,0.53,1,5713.27
5851,0.04,0,135.23
5854,0.05,0,265.51
5857,0.03,0,38.66
5866,0.40,0,218.05
5874,0.26,0,325.10
5886,0.08,0,98.22
5895,0.13,0,112.49
5897,0.06,0,220.88
5898,0.25,0,136.25
5900,0.99,1,5417.15
5902,0.25,0,199.55
5908,0.66,1,4646.71
5909,0.06,0,95.48
5912,0.04,0,6.13
5913,0.09,0,61.24
5917,0.22,0,56.36
5918,0.53,1,5837.61
5921,0.11,0,204.61
5931,0.24,0,100.58
5942,0.34,0,202.58
5943,0.58,1,6406.29
5950,0.05,0,23.64
5954,0.02,0,33.35
5983,0.03,0,6.09
5995,0.99,1,4583.23
6002,0.11,0,250.05
6005,0.06,0,91.33
6009,0.27,0,125.71
6011,0.03,0,223.05
6012,0.04,0,77.25
6019,0.19,0,91.81
6021,0.13,0,777.01
6029,0.57,1,5982.67
6036,0.27,0,235.34
6037,0.02,0,0.21
6038,0.06,0,4.98
6043,0.06,0,167.55
6045,0.26,0,89.53
6047,0.99,1,6518.44
6048,0.05,0,11.26
6061,0.37,0,473.95
6063,0.21,0,111.78
6064,0.09,0,80.66
6068,0.62,1,5910.09
6069,0.05,0,18.88
6070,0.40,0,135.74
6071,0.24,0,103.38
6074,0.16,0,147.12
6079,0.25,0,150.46
6082,0.04,0,13.00
6088,0.96,1,4404.10
6094,0.09,0,53.08
6095,0.24,0,140.67
6098,0.43,0,484.95
6102,0.04,0,20.76
6105,0.38,0,359.13
6113,0.10,0,101.71
6116,0.24,0,267.16
6120,0.21,0,137.18
6121,0.31,0,195.58
6126,0.29,0,226.31
6144,0.09,0,37.67
6145,0.05,0,26.14
6153,0.34,0,1447.24
6156,0.15,0,67.39
6159,0.23,0,143.56
6162,0.06,0,741.58
6184,0.64,1,4482.15
6188,0.14,0,215.51
6189,0.19,0,570.31
6191,0.34,0,231.19
6211,0.39,0,295.45
6216,0.14,0,125.14
6218,0.56,1,5261.28
6222,0.42,0,521.69
6235,0.20,0,90.53
6245,0.19,0,77.21
6248,0.50,1,4734.18
6253,0.27,0,213.23
6256,0.02,0,55.29
6257,0.46,1,5319.25
6259,0.54,1,5038.70
6266,0.18,0,770.38
6268,0.27,0,79.80
6275,0.19,0,329.37
6280,0.63,1,5046.98
6283,0.29,0,168.64
6288,0.06,0,7.29
6289,0.08,0,71.31
6301,0.06,0,81.71
6308,0.14,0,62.00
6314,0.03,0,41.36
6315,0.16,0,192.37
6316,0.45,1,5793.23
6317,0.34,0,410.02
6318,0.06,0,2.50
6323,0.71,1,4147.50
6329,0.83,1,4092.50
6336,0.15,0,138.57
6341,0.99,1,7325.52
6348,0.18,0,185.64
6349,0.05,0,31.60
6365,0.05,0,26.03
6372,0.14,0,213.61
6376,0.04,0,21.11
6378,0.08,0,6.55
6379,0.84,1,6189.31
6382,0.20,0,61.86
6383,0.36,0,525.12
6389,0.54,1,3963.80
6390,0.04,0,45.26
6392,0.09,0,172.67
6394,0.50,1,6732.55
6402,0.13,0,42.88
6404,0.37,0,77.09
6405,0.03,0,67.47
6406,0.23,0,125.42
6409,0.10,0,29.40
6410,0.15,0,83.38
6411,0.08,0,42.52
6421,0.10,0,45.92
6428,0.30,0,253.61
6429,0.28,0,150.45
6432,0.15,0,36.73
6436,0.04,0,2.81
6437,0.26,0,146.70
6438,0.19,0,205.31
6445,0.20,0,345.09
6447,0.42,0,151.83
6450,0.04,0,77.91
6462,0.16,0,200.64
6467,0.56,1,5627.26
6478,0.05,0,0.00
6484,0.22,0,282.05
6492,0.39,0,255.50
6497,0.09,0,32.08
6504,0.24,0,229.90
6505,0.13,0,72.78
6513,0.50,1,4535.93
6525,0.13,0,276.97
6526,0.29,0,511.42
6528,0.06,0,205.14
6540,0.02,0,17.25
6542,0.12,0,3.19
6544,0.33,0,174.62
6548,0.09,0,17.35
6552,0.20,0,55.73
6558,0.02,0,260.01
6567,0.05,0,23.06
6569,0.55,1,4496.02
6572,0.11,0,41.35
6577,0.06,0,101.70
6581,0.18,0,75.01
6588,0.43,1,4171.02
6591,0.61,1,4357.51
6594,0.30,0,591.39
6600,0.35,0,408.71
6602,0.15,0,404.08
6604,0.10,0,333.57
6605,0.05,0,12.91
6614,0.33,0,166.28
6616,0.19,0,249.39
6621,0.27,0,250.29
6640,0.26,0,177.94
6641,0.34,0,409.75
6643,0.06,0,27.22
6644,0.17,0,1126.72
6649,0.36,0,816.93
6650,0.65,1,5451.82
6655,0.29,0,261.71
6661,0.03,0,119.05
6672,0.24,0,306.47
6677,0.08,0,149.66
6688,0.09,0,38.89
6689,0.10,0,243.91
6691,0.04,0,42.54
6692,0.39,0,192.95
6694,0.75,1,4014.53
6702,0.49,1,5759.93
6714,0.06,0,78.89
6716,0.42,0,331.50
6724,0.09,0,92.60
6725,0.09,0,36.42
6730,0.17,0,343.30
6735,0.38,0,115.04
6738,0.29,0,195.65
6739,0.24,0,495.69
6743,0.27,0,188.23
6747,0.13,0,81.06
6750,0.83,1,5452.28
6751,0.46,1,4585.58
6753,0.50,1,5136.93
6754,0.27,0,383.29
6755,0.08,0,761.98
6762,0.32,0,167.75
6764,0.09,0,200.77
6772,0.77,1,5014.83
6774,0.12,0,63.29
6787,0.20,0,245.00
6789,0.04,0,33.10
6793,0.14,0,592.36
6798,0.04,0,992.02
6799,0.04,0,12.66
6800,0.11,0,3.44
6802,0.03,0,16.14
6808,0.32,0,211.88
6809,0.12,0,299.04
6812,0.02,0,45.57
6814,0.80,1,5538.91
6816,0.47,1,4193.47
6822,0.07,0,1299.58
6829,0.45,1,4798.23
6834,0.99,1,5277.60
6836,0.04,0,46.75
6839,0.18,0,312.53
6840,0.38,0,156.42
6843,0.07,0,80.86
6846,0.30,0,77.93
6848,0.03,0,156.56
6852,0.11,0,36.65
6856,0.25,0,97.58
6860,0.10,0,73.91
6866,0.55,1,5439.21
6870,0.29,0,136.06
6878,0.55,1,4862.65
6880,0.10,0,96.51
6885,0.04,0,15.71
6897,0.07,0,44.76
6902,0.87,1,5400.14
6904,0.40,0,150.48
6907,0.08,0,7.49
6909,0.19,0,554.69
6914,0.45,1,5315.88
6915,0.43,0,406.93
6922,0.34,0,212.40
6924,0.20,0,442.21
6933,0.10,0,49.93
6934,0.11,0,70.81
6941,0.27,0,111.82
6957,0.22,0,246.58
6960,0.06,0,40.51
6969,0.07,0,25.89
6975,0.15,0,148.10
6980,0.68,1,5401.93
6983,0.06,0,121.00
6987,0.09,0,21.37
6994,0.11,0,39.41
6997,0.02,0,34.42
7002,0.17,0,29.88
7010,0.06,0,512.74
7015,0.30,0,80.90
7019,0.23,0,217.28
7022,0.24,0,334.11
7025,0.04,0,14.85
7029,0.07,0,10.43
7031,0.17,0,44.28
7037,0.31,0,156.81
7038,0.19,0,180.82
7043,0.19,0,22.11
7049,0.13,0,44.49
7052,0.18,0,245.18
7053,0.25,0,47.85
7056,0.01,0,12.82
7057,0.50,1,4856.87
7080,0.21,0,239.11
7086,0.25,0,334.61
7087,0.07,0,48.62
7105,0.47,0,114.30
7108,0.02,0,27.49
7121,0.36,0,141.86
7122,0.21,0,52.57
7125,0.42,0,110.16
7132,0.32,0,214.34
7134,0.12,0,35.19
7151,0.26,0,76.60
7152,0.99,1,5595.18
7157,0.17,0,94.13
7159,0.12,0,204.31
7166,0.81,1,5784.32
7167,0.22,0,279.00
7177,0.07,0,24.45
7179,0.62,1,5109.52
7181,0.32,0,320.98
7183,0.11,0,126.00
7186,0.04,0,6.81
7193,0.05,0,631.96
7205,0.07,0,75.94
7207,0.04,0,137.02
7209,0.33,0,134.32
7216,0.45,1,6685.74
7232,0.72,1,5949.64
7235,0.15,0,212.68
7238,0.31,0,132.40
7240,0.81,1,4970.63
7243,0.28,0,95.26
7252,0.22,0,401.10
7269,0.14,0,658.12
7275,0.04,0,20.43
7281,0.18,0,130.37
7283,0.05,0,55.80
7287,0.25,0,93.34
7289,0.33,0,351.53
7291,0.33,0,309.00
7294,0.04,0,8.35
7304,0.47,0,149.76
7308,0.25,0,632.85
7313,0.06,0,105.35
7319,0.31,0,254.64
7325,0.07,0,18.61
7326,0.12,0,18.49
7330,0.38,0,188.46
7332,0.02,0,27.16
7337,0.36,0,163.90
7341,0.14,0,156.37
7346,0.27,0,576.21
7353,0.51,1,7169.79
7354,0.59,1,5060.36
7361,0.35,0,228.75
7366,0.48,1,6313.99
7368,0.04,0,68.06
7372,0.08,0,16.78
7375,0.37,0,134.22
7377,0.34,0,284.59
7380,0.14,0,6.43
7382,0.32,0,735.76
7385,0.57,1,5510.18
7392,0.65,1,6040.99
7395,0.06,0,7.96
7397,0.21,0,117.07
7403,0.11,0,28.64
7406,0.30,0,1117.94
7409,0.53,1,3918.90
7410,0.19,0,170.71
7412,0.07,0,38.72
7419,0.29,0,149.88
7425,0.11,0,116.23
7435,0.18,0,40.68
7438,0.24,0,181.64
7440,0.24,0,337.23
7447,0.17,0,181.13
7449,0.51,1,4179.91
7456,0.23,0,171.07
7464,0.08,0,81.05
7478,0.26,0,164.02
7480,0.05,0,33.99
7481,0.42,0,502.29
7483,0.16,0,101.09
7484,0.11,0,28.56
7491,0.54,1,6849.90
7494,0.17,0,466.83
7501,0.41,0,505.45
7503,0.99,1,6870.89
7509,0.17,0,112.79
7517,0.14,0,9.85
7518,0.18,0,130.83
7519,0.17,0,344.55
7521,0.37,0,231.29
7522,0.50,1,6235.97
7536,0.08,0,179.24
7539,0.03,0,431.28
7547,0.33,0,528.18
7549,0.06,0,20.57
7552,0.29,0,292.39
7554,0.28,0,395.88
7556,0.05,0,169.67
7564,0.25,0,69.91
7566,0.25,0,237.26
7570,0.27,0,146.61
7571,0.06,0,85.70
7572,0.20,0,48.15
7575,0.08,0,34.49
7586,0.10,0,45.20
7589,0.04,0,57.18
7590,0.03,0,53.02
7597,0.28,0,189.92
7602,0.03,0,0.00
7604,0.33,0,221.14
7605,0.43,0,296.49
7612,0.90,1,5278.01
7615,0.09,0,116.48
7617,0.14,0,262.77
7624,0.09,0,63.09
7632,0.12,0,39.41
7639,0.25,0,307.28
7642,0.13,0,523.38
7643,0.16,0,294.95
7649,0.35,0,217.61
7650,0.38,0,526.76
7653,0.26,0,118.75
7654,0.31,0,115.67
7657,0.48,1,4710.75
7662,0.19,0,170.76
7669,0.82,1,5632.01
7671,0.03,0,32.78
7675,0.07,0,28.78
7678,0.16,0,126.10
7682,0.86,1,6126.26
7688,0.38,0,289.24
7689,0.13,0,34.81
7690,0.08,0,107.56
7692,0.48,1,4919.56
7699,0.32,0,635.41
7705,0.60,1,5803.00
7712,0.12,0,83.56
7726,0.53,1,5516.29
7728,0.32,0,634.63
7735,0.30,0,110.98
7737,0.57,1,5276.16
7739,0.05,0,37.74
7743,0.94,1,4603.41
7744,0.21,0,342.49
7746,0.22,0,242.62
7749,0.22,0,410.49
7750,0.29,0,134.99
7752,0.06,0,16.12
7755,0.14,0,100.28
7756,0.99,1,5515.67
7762,0.10,0,149.60
7764,0.60,1,4955.39
7769,0.10,0,126.37
7770,0.37,0,225.02
7776,0.16,0,38.09
7778,0.20,0,265.03
7784,0.40,0,91.93
7786,0.22,0,43.48
7789,0.20,0,28.03
7793,0.25,0,153.54
7794,0.07,0,27.65
7804,0.24,0,68.66
7811,0.28,0,78.20
7813,0.19,0,379.72
7815,0.28,0,353.94
7817,0.03,0,51.42
7818,0.33,0,1125.79
7821,0.13,0,34.49
7825,0.05,0,6.21
7830,0.56,1,3976.64
7832,0.21,0,115.03
7835,0.02,0,30.31
7839,0.17,0,524.42
7842,0.04,0,5.16
7849,0.50,1,5441.81
7856,0.58,1,5993.03
7857,0.01,0,26.77
7863,0.14,0,15.02
7866,0.18,0,98.65
7871,0.11,0,86.47
7875,0.48,1,4328.24
7882,0.56,1,6784.75
7887,0.44,1,5058.20
7888,0.64,1,4212.89
7891,0.99,1,5676.77
7895,0.03,0,46.26
7901,0.30,0,120.67
7906,0.27,0,92.99
7908,0.99,1,5167.93
7917,0.15,0,91.80
7924,0.48,1,4585.21
7948,0.18,0,878.62
7950,0.77,1,5234.77
7955,0.19,0,107.22
7957,0.06,0,13.96
7959,0.24,0,88.90
7967,0.07,0,28.76
7969,0.10,0,344.66
7971,0.16,0,353.75
7974,0.43,0,790.15
7976,0.08,0,16.32
7986,0.82,1,4261.08
7987,0.78,1,4577.13
7993,0.20,0,133.71
7996,0.45,1,4684.05
7998,0.20,0,112.10
8018,0.06,0,19.94
8019,0.45,0,206.05
8027,0.03,0,32.35
8036,0.06,0,6.54
8040,0.08,0,5.70
8044,0.07,0,173.90
8050,0.07,0,611.10
8052,0.29,0,808.29
8054,0.34,0,196.74
8057,0.48,1,4858.55
8058,0.12,0,117.76
8059,0.54,1,4563.52
8066,0.85,1,9226.00
8070,0.12,0,803.39
8072,0.48,1,5504.34
8078,0.03,0,71.13
8079,0.10,0,106.78
8080,0.31,0,395.22
8081,0.30,0,66.17
8088,0.13,0,50.15
8091,0.59,1,4906.73
8094,0.20,0,180.94
8095,0.99,1,6836.40
8099,0.08,0,39.97
8101,0.36,0,350.16
8102,0.02,0,101.90
8116,0.46,0,159.68
8125,0.12,0,201.77
8134,0.25,0,654.82
8139,0.06,0,20.30
8141,0.10,0,307.39
8147,0.08,0,41.70
8158,0.25,0,340.91
8160,0.11,0,6.86
8165,0.29,0,151.16
8187,0.29,0,80.79
8205,0.20,0,334.48
8209,0.29,0,300.71
8211,0.30,0,156.33
8232,0.01,0,0.00
8236,0.12,0,67.48
8237,0.27,0,290.02
8238,0.79,1,4998.70
8245,0.27,0,160.52
8256,0.35,0,512.90
8268,0.07,0,7.62
8269,0.04,0,0.00
8270,0.36,0,239.04
8286,0.15,0,56.20
8289,0.15,0,77.80
8301,0.34,0,272.03
8305,0.11,0,70.68
8310,0.25,0,538.75
8312,0.05,0,38.24
8318,0.99,1,5035.98
8321,0.16,0,118.62
8328,0.10,0,20.57
8331,0.05,0,178.18
8334,0.32,0,95.60
8344,0.16,0,666.09
8345,0.12,0,353.63
8352,0.26,0,227.54
8358,0.36,0,386.52
8359,0.21,0,248.76
8360,0.13,0,110.93
8365,0.14,0,133.92
8366,0.16,0,77.56
8369,0.77,1,4032.25
8373,0.06,0,24.41
8378,0.16,0,125.52
8392,0.14,0,110.76
8397,0.35,0,216.31
8399,0.19,0,173.50
8400,0.12,0,116.82
8405,0.45,1,5561.44
8406,0.06,0,11.04
8410,0.15,0,38.58
8413,0.12,0,188.20
8414,0.21,0,393.48
8416,0.78,1,4581.32
8426,0.08,0,57.80
8434,0.23,0,149.10
8439,0.10,0,159.88
8440,0.12,0,162.58
8475,0.03,0,10.77
8480,0.11,0,267.35
8497,0.34,0,664.09
8499,0.91,1,5596.05
8500,0.31,0,695.40
8501,0.07,0,0.89
8502,0.42,0,260.12
8518,0.38,0,184.70
8520,0.44,1,4445.54
8523,0.26,0,151.42
8525,0.17,0,86.77
8532,0.09,0,11.23
8535,0.23,0,579.72
8543,0.19,0,289.68
8554,0.21,0,158.53
8560,0.09,0,133.59
8561,0.24,0,757.91
8563,0.03,0,45.04
8566,0.82,1,5465.49
8570,0.37,0,174.91
8572,0.09,0,182.86
8582,0.22,0,108.84
8583,0.29,0,386.38
8587,0.13,0,385.78
8592,0.36,0,335.00
8593,0.34,0,187.27
8607,0.04,0,490.85
8609,0.17,0,421.97
8610,0.09,0,292.74
8614,0.25,0,400.19
8616,0.32,0,194.85
8622,0.15,0,311.13
8623,0.14,0,53.89
8624,0.21,0,119.65
8633,0.11,0,149.95
8641,0.31,0,151.50
8644,0.99,1,6181.26
8649,0.57,1,5221.41
8653,0.18,0,45.24
8657,0.15,0,100.27
8658,0.20,0,96.81
8663,0.08,0,66.13
8672,0.39,1,8609.09
8680,0.24,0,45.38
8684,0.70,1,5113.80
8687,0.09,0,55.20
8688,0.06,0,98.83
8690,0.12,0,178.58
8712,0.20,0,161.93
8717,0.26,0,43.14
8730,0.06,0,75.39
8739,0.23,0,933.25
8744,0.04,0,101.97
8747,0.29,0,206.14
8748,0.31,0,408.35
8751,0.64,1,5427.12
8758,0.24,0,76.28
8761,0.35,0,296.34
8763,0.02,0,19.17
8764,0.27,0,2894.11
8765,0.19,0,41.58
8773,0.08,0,11.14
8780,0.16,0,3.64
8781,0.10,0,341.10
8782,0.32,0,328.58
8785,0.15,0,103.29
8786,0.13,0,324.35
8797,0.97,1,7275.32
8799,0.12,0,15.16
8807,0.86,1,5137.04
8816,0.05,0,61.26
8817,0.06,0,113.49
8826,0.28,0,663.20
8833,0.17,0,6.73
8834,0.07,0,20.42
8835,0.09,0,28.05
8840,0.14,0,110.88
8843,0.22,0,40.50
8849,0.27,0,198.61
8855,0.10,0,124.60
8861,0.23,0,257.64
8862,0.19,0,146.90
8865,0.24,0,197.65
8868,0.02,0,33.92
8870,0.03,0,83.01
8880,0.26,0,83.34
8885,0.09,0,28.56
8894,0.16,0,97.52
8895,0.11,0,48.81
8899,0.08,0,216.10
8912,0.26,0,255.27
8922,0.03,0,25.90
8924,0.12,0,117.56
8928,0.22,0,202.14
8932,0.38,0,232.91
8943,0.17,0,49.77
8945,0.08,0,92.15
8946,0.05,0,285.43
8954,0.35,0,538.79
8958,0.60,1,4385.42
8960,0.39,0,308.91
8965,0.24,0,1406.01
8966,0.07,0,30.42
8967,0.05,0,136.09
8969,0.44,1,5794.56
8980,0.10,0,159.56
8984,0.03,0,16.19
8985,0.63,1,4472.61
8988,0.28,0,410.61
8989,0.33,0,186.32
8995,0.14,0,39.41
9004,0.08,0,27.63
9010,0.06,0,11.82
9012,0.16,0,90.55
9018,0.35,0,138.97
9036,0.28,0,113.12
9037,0.16,0,92.66
9040,0.09,0,70.48
9041,0.22,0,93.13
9044,0.39,0,1558.73
9045,0.08,0,14.85
9047,0.39,1,5562.99
9049,0.04,0,1.32
9061,0.03,0,14.63
9062,0.24,0,314.23
9076,0.14,0,317.02
9079,0.23,0,154.74
9081,0.23,0,255.19
9082,0.14,0,190.42
9089,0.58,1,4131.57
9092,0.21,0,181.24
9094,0.45,1,8747.11
9115,0.05,0,34.58
9117,0.28,0,196.99
9118,0.13,0,299.42
9120,0.04,0,56.20
9124,0.03,0,2.87
9128,0.19,0,263.55
9135,0.28,0,146.88
9136,0.99,1,5933.55
9138,0.51,1,4724.17
9157,0.32,0,69.29
9176,0.07,0,2.55
9183,0.23,0,44.52
9187,0.36,0,262.96
9188,0.38,0,318.59
9190,0.13,0,141.81
9197,0.04,0,25.33
9200,0.06,0,58.46
9201,0.19,0,24.81
9203,0.03,0,17.57
9212,0.35,0,284.11
9213,0.10,0,33.97
9214,0.08,0,283.92
9217,0.27,0,148.55
9219,0.02,0,8.06
9220,0.18,0,193.11
9221,0.24,0,273.88
9237,0.02,0,34.08
9240,0.15,0,150.14
9241,0.02,0,14.72
9248,0.27,0,86.55
9253,0.39,0,580.87
9259,0.62,1,6275.05
9267,0.14,0,12.79
9271,0.50,1,4984.16
9273,0.24,0,297.72
9285,0.04,0,0.00
9290,0.10,0,84.87
9291,0.10,0,196.23
9293,0.11,0,174.85
9294,0.08,0,9.02
9301,0.11,0,86.18
9302,0.09,0,37.00
9312,0.05,0,332.03
9316,0.15,0,522.72
9319,0.69,1,5144.96
9328,0.07,0,25.65
9331,0.78,1,4473.66
9338,0.05,0,63.78
9350,0.26,0,334.46
9356,0.18,0,141.98
9359,0.43,0,256.06
9362,0.32,0,50.38
9364,0.17,0,10.70
9370,0.32,0,170.96
9380,0.09,0,230.20
9386,0.13,0,142.73
9394,0.20,0,89.92
9407,0.26,0,321.36
9411,0.55,1,5002.67
9422,0.37,0,269.36
9423,0.28,0,92.57
9429,0.29,0,83.63
9433,0.21,0,82.88
9439,0.05,0,139.83
9451,0.15,0,106.37
9452,0.35,0,187.07
9453,0.03,0,49.06
9460,0.03,0,96.96
9465,0.05,0,77.55
9470,0.05,0,55.40
9476,0.60,1,5245.36
9485,0.88,1,4918.42
9486,0.10,0,55.10
9488,0.30,0,156.85
9507,0.02,0,13.03
9508,0.29,0,556.89
9517,0.36,0,365.98
9521,0.15,0,140.11
9528,0.25,0,139.14
9532,0.45,0,348.36
9536,0.16,0,92.82
9540,0.09,0,658.76
9542,0.24,0,249.50
9546,0.24,0,146.09
9548,0.19,0,131.35
9549,0.11,0,166.47
9554,0.08,0,228.08
9555,0.38,0,487.69
9558,0.04,0,125.57
9573,0.61,1,5080.95
9575,0.48,1,5087.51
9584,0.57,1,7144.31
9586,0.09,0,128.96
9588,0.09,0,184.21
9591,0.55,1,5157.35
9592,0.91,1,7113.90
9597,0.29,0,466.63
9600,0.10,0,101.05
9603,0.49,1,4574.44
9605,0.35,0,532.85
9614,0.59,1,5432.97
9616,0.04,0,161.43
9622,0.60,1,5244.75
9624,0.17,0,67.26
9629,0.44,1,7256.85
9633,0.05,0,28.82
9640,0.37,0,349.07
9644,0.40,0,506.15
9645,0.36,0,279.68
9646,0.09,0,39.68
9648,0.99,1,5941.31
9649,0.04,0,24.56
9660,0.32,0,308.71
9664,0.35,0,182.78
9675,0.08,0,8.54
9679,0.85,1,4375.51
9680,0.41,0,206.27
9682,0.06,0,234.45
9697,0.03,0,36.29
9701,0.15,0,237.76
9704,0.36,0,210.38
9705,0.26,0,471.81
9707,0.22,0,127.60
9714,0.07,0,27.72
9718,0.18,0,47.11
9722,0.15,0,53.28
9739,0.15,0,66.50
9747,0.69,1,4264.01
9751,0.12,0,124.44
9757,0.16,0,72.99
9759,0.03,0,77.67
9760,0.08,0,25.25
9764,0.43,1,7620.44
9776,0.58,1,6032.36
9778,0.17,0,30.66
9786,0.06,0,41.43
9803,0.44,0,235.07
9804,0.06,0,230.20
9815,0.09,0,17.73
9824,0.03,0,30.75
9825,0.19,0,259.79
9826,0.50,1,5743.73
9827,0.05,0,28.37
9833,0.08,0,31.73
9835,0.07,0,69.64
9860,0.43,0,168.76
9865,0.23,0,260.51
9871,0.45,0,261.54
9874,0.27,0,58.34
9880,0.25,0,134.43
9882,0.30,0,435.11
9885,0.06,0,92.72
9888,0.50,1,6481.49
9892,0.05,0,22.97
9893,0.27,0,532.44
9896,0.21,0,179.08
9902,0.07,0,61.32
9906,0.08,0,1518.66
9910,0.19,0,169.22
9914,0.46,1,4045.31
9918,0.37,0,277.55
9920,0.25,0,114.99
9926,0.24,0,176.94
9931,0.06,0,61.13
9935,0.44,0,488.37
9945,0.99,1,4935.92
9953,0.35,0,607.66
9957,0.02,0,11.05
9963,0.15,0,76.30
9972,0.27,0,45.88
9976,0.53,1,5734.09
9979,0.37,0,145.24
9980,0.05,0,30.72
9982,0.09,0,2.66
9991,0.72,1,5160.23
10000,0.24,0,116.25
10003,0.25,0,307.99
10005,0.99,1,4774.74
10014,0.04,0,59.49
10032,0.33,0,144.59
10034,0.30,0,64.56
10041,0.03,0,67.02
10042,0.04,0,5.17
10044,0.07,0,58.52
10045,0.32,0,194.44
10054,0.48,1,5597.39
10061,0.10,0,197.62
10062,0.41,0,221.56
10073,0.12,0,120.86
10081,0.05,0,28.36
10084,0.60,1,5924.00
10086,0.26,0,451.12
10093,0.35,0,221.49
10101,0.62,1,5653.28
10105,0.18,0,364.29
10110,0.60,1,4232.18
10113,0.48,1,5235.78
10115,0.56,1,4997.69
10119,0.51,1,6033.72
10121,0.41,0,389.88
10124,0.99,1,6877.49
10126,0.21,0,339.90
10127,0.05,0,142.09
10145,0.24,0,194.10
10147,0.59,1,4993.10
10148,0.04,0,16.10
10162,0.28,0,237.75
10163,0.04,0,436.14
10166,0.84,1,4238.84
10172,0.09,0,279.80
10173,0.43,0,404.79
10175,0.06,0,326.78
10180,0.09,0,52.61
10186,0.05,0,2.57
10192,0.34,0,427.71
10199,0.27,0,278.54
10209,0.99,1,6357.70
10210,0.18,0,159.21
10214,0.07,0,426.47
10215,0.19,0,284.03
10216,0.77,1,5016.19
10232,0.21,0,291.38
10239,0.24,0,227.02
10249,0.08,0,154.74
10253,0.31,0,208.31
10255,0.13,0,315.95
10262,0.07,0,172.56
10264,0.04,0,42.90
10266,0.16,0,105.14
10268,0.22,0,15.03
10271,0.11,0,72.36
10272,0.19,0,417.71
10276,0.31,0,266.81
10277,0.04,0,4.64
10279,0.14,0,561.21
10281,0.03,0,10.63
10285,0.02,0,65.42
10294,0.26,0,127.35
10300,0.14,0,241.10
